raw,canonical,method,score,at
iCracked,iCracked,passthrough,60.0,2026-08-27T12:16:30Z
BookSolid,BookSolid,passthrough,42.1,2026-08-27T12:16:30Z
Marft,Marft,passthrough,44.4,2026-08-27T12:16:30Z
Matterport,Matterport,passthrough,53.3,2026-08-27T12:16:30Z
Shoptiques,Shoptiques,passthrough,44.4,2026-08-27T12:16:30Z
Tilt,Tilt,passthrough,61.5,2026-08-27T12:16:30Z
Flutter,Flutter,passthrough,53.3,2026-08-27T12:16:30Z
YourMechanic,YourMechanic,passthrough,47.6,2026-08-27T12:16:30Z
Glider,Glider,passthrough,54.5,2026-08-27T12:16:30Z
GiveSpark,GiveSpark,passthrough,44.4,2026-08-27T12:16:30Z
Shopular,Shopular,passthrough,42.9,2026-08-27T12:16:30Z
Streak,Streak,passthrough,61.5,2026-08-27T12:16:30Z
AgileMD,AgileMD,passthrough,57.1,2026-08-27T12:16:30Z
Zenbox,Zenbox,passthrough,42.1,2026-08-27T12:16:30Z
Sift,Sift,passthrough,46.2,2026-08-27T12:16:30Z
LeadGenius,LeadGenius,passthrough,53.3,2026-08-27T12:16:30Z
Perfect Audience,Perfect Audience,passthrough,55.2,2026-08-27T12:16:30Z
Userfox,Userfox,passthrough,46.2,2026-08-27T12:16:30Z
Inporia,Inporia,passthrough,52.6,2026-08-27T12:16:30Z
Beetailer,Beetailer,passthrough,50.0,2026-08-27T12:16:30Z
Talkable,Talkable,passthrough,53.3,2026-08-27T12:16:30Z
Custora,Custora,passthrough,76.9,2026-08-27T12:16:30Z
Humble Bundle,Humble Bundle,passthrough,41.7,2026-08-27T12:16:30Z
Flotype,Flotype,passthrough,46.2,2026-08-27T12:16:30Z
Fivestars,Fivestars,passthrough,50.0,2026-08-27T12:16:30Z
Mailgun,Mailgun,passthrough,57.1,2026-08-27T12:16:30Z
TalkBin,TalkBin,passthrough,71.4,2026-08-27T12:16:30Z
SimplyListed,SimplyListed,passthrough,47.6,2026-08-27T12:16:30Z
Presto,Presto,passthrough,50.0,2026-08-27T12:16:30Z
Teevox,Teevox,passthrough,42.9,2026-08-27T12:16:30Z
Rapportive,Rapportive,passthrough,50.0,2026-08-27T12:16:30Z
GazeHawk,GazeHawk,passthrough,46.2,2026-08-27T12:16:30Z
Post.fm,Post.fm,passthrough,43.5,2026-08-27T12:16:30Z
Mertado,Mertado,passthrough,42.9,2026-08-27T12:16:30Z
500Friends,500Friends,passthrough,44.4,2026-08-27T12:16:30Z
Fabricly,Fabricly,passthrough,58.8,2026-08-27T12:16:30Z
Fithub,Fithub,passthrough,50.0,2026-08-27T12:16:30Z
Directed Edge,Directed Edge,passthrough,50.0,2026-08-27T12:16:30Z
Olark,Olark,passthrough,50.0,2026-08-27T12:16:30Z
Instantq,Instantq,passthrough,53.3,2026-08-27T12:16:30Z
Wattvision,Wattvision,passthrough,47.1,2026-08-27T12:16:30Z
Volantio,Volantio,passthrough,50.0,2026-08-27T12:16:30Z
reMail,reMail,passthrough,61.5,2026-08-27T12:16:30Z
Posterous,Posterous,passthrough,48.0,2026-08-27T12:16:30Z
Frogmetrics,Frogmetrics,passthrough,54.5,2026-08-27T12:16:30Z
JustSpotted,JustSpotted,passthrough,47.1,2026-08-27T12:16:30Z
Claimspotting,Claimspotting,passthrough,43.5,2026-08-27T12:16:30Z
Zenter,Zenter,passthrough,57.1,2026-08-27T12:16:30Z
Scribd,Scribd,passthrough,46.2,2026-08-27T12:16:30Z
Twitch,Twitch,passthrough,47.1,2026-08-27T12:16:30Z
ZeroMailer,ZeroMailer,passthrough,50.0,2026-08-27T12:16:30Z
Canopy Labs,Canopy Labs,passthrough,61.5,2026-08-27T12:16:30Z
Zentail,Zentail,passthrough,61.5,2026-08-27T12:16:30Z
Soylent,Soylent,passthrough,50.0,2026-08-27T12:16:30Z
Vayable,Vayable,passthrough,66.7,2026-08-27T12:16:30Z
Hipset,Hipset,passthrough,46.2,2026-08-27T12:16:30Z
Keychain Logistics,Keychain Logistics,passthrough,57.1,2026-08-27T12:16:30Z
Tastemaker,Tastemaker,passthrough,50.0,2026-08-27T12:16:30Z
Celery,Celery,passthrough,57.1,2026-08-27T12:16:30Z
GetGoing,GetGoing,passthrough,52.6,2026-08-27T12:16:30Z
Plivo,Plivo,passthrough,46.2,2026-08-27T12:16:30Z
Thread,Thread,passthrough,60.0,2026-08-27T12:16:30Z
StyleUp,StyleUp,passthrough,50.0,2026-08-27T12:16:30Z
Swish,Swish,passthrough,46.2,2026-08-27T12:16:30Z
Cheetah,Cheetah,passthrough,61.5,2026-08-27T12:16:30Z
RADAR,RADAR,passthrough,50.0,2026-08-27T12:16:30Z
BeatDeck,BeatDeck,passthrough,50.0,2026-08-27T12:16:30Z
FlightCar,FlightCar,passthrough,53.3,2026-08-27T12:16:30Z
Semantics3,Semantics3,passthrough,52.6,2026-08-27T12:16:30Z
Teespring,Teespring,passthrough,58.8,2026-08-27T12:16:30Z
Airware,Airware,passthrough,62.5,2026-08-27T12:16:30Z
Posmetrics,Posmetrics,passthrough,50.0,2026-08-27T12:16:30Z
Crowdery,Crowdery,passthrough,57.1,2026-08-27T12:16:30Z
EasyPost,EasyPost,passthrough,50.0,2026-08-27T12:16:30Z
"Estimote, Inc.","Estimote, Inc.",passthrough,50.0,2026-08-27T12:16:30Z
Hum,Hum,passthrough,57.1,2026-08-27T12:16:30Z
Cratejoy,Cratejoy,passthrough,52.6,2026-08-27T12:16:30Z
Casetext,Casetext,passthrough,47.6,2026-08-27T12:16:30Z
LocalOn,LocalOn,passthrough,50.0,2026-08-27T12:16:30Z
Lob,Lob,passthrough,36.4,2026-08-27T12:16:30Z
Butter Systems,Butter Systems,passthrough,66.7,2026-08-27T12:16:30Z
42,42,passthrough,33.3,2026-08-27T12:16:30Z
AirHelp,AirHelp,passthrough,57.1,2026-08-27T12:16:30Z
Two Tap,Two Tap,passthrough,50.0,2026-08-27T12:16:30Z
Noora Health,Noora Health,passthrough,46.7,2026-08-27T12:16:30Z
Threadable,Threadable,passthrough,55.6,2026-08-27T12:16:30Z
Cruise,Cruise,passthrough,50.0,2026-08-27T12:16:30Z
Eventjoy,Eventjoy,passthrough,47.6,2026-08-27T12:16:30Z
Flexport,Flexport,passthrough,46.2,2026-08-27T12:16:30Z
Emailio,Emailio,passthrough,50.0,2026-08-27T12:16:30Z
Theorem,Theorem,passthrough,61.5,2026-08-27T12:16:30Z
Liftigniter,Liftigniter,passthrough,54.5,2026-08-27T12:16:30Z
Rickshaw,Rickshaw,passthrough,55.6,2026-08-27T12:16:30Z
Shoobs,Shoobs,passthrough,43.5,2026-08-27T12:16:30Z
Shopagram,Shopagram,passthrough,50.0,2026-08-27T12:16:30Z
Unicornly,Unicornly,passthrough,52.6,2026-08-27T12:16:30Z
Wit.ai,Wit.ai,passthrough,71.4,2026-08-27T12:16:30Z
Zinc,Zinc,passthrough,50.0,2026-08-27T12:16:30Z
Gobble,Gobble,passthrough,54.5,2026-08-27T12:16:30Z
Unbabel,Unbabel,passthrough,53.3,2026-08-27T12:16:30Z
MixerBox,MixerBox,passthrough,44.4,2026-08-27T12:16:30Z
OpenCurriculum,OpenCurriculum,passthrough,58.3,2026-08-27T12:16:30Z
Dyspatch,Dyspatch,passthrough,52.6,2026-08-27T12:16:30Z
Whirlscape,Whirlscape,passthrough,55.6,2026-08-27T12:16:30Z
SpringWit,SpringWit,passthrough,45.5,2026-08-27T12:16:30Z
Checkr,Checkr,passthrough,66.7,2026-08-27T12:16:30Z
PersistIQ,PersistIQ,passthrough,54.5,2026-08-27T12:16:30Z
Flytenow,Flytenow,passthrough,47.1,2026-08-27T12:16:30Z
GovPredict,GovPredict,passthrough,52.6,2026-08-27T12:16:30Z
VizeraLabs,VizeraLabs,passthrough,60.0,2026-08-27T12:16:30Z
MTailor,MTailor,passthrough,57.1,2026-08-27T12:16:30Z
Naytev,Naytev,passthrough,54.5,2026-08-27T12:16:30Z
Neptune.io,Neptune.io,passthrough,66.7,2026-08-27T12:16:30Z
PicnicAI,PicnicAI,passthrough,57.1,2026-08-27T12:16:30Z
UserGems,UserGems,passthrough,50.0,2026-08-27T12:16:30Z
ShipBob,ShipBob,passthrough,42.1,2026-08-27T12:16:30Z
SalesSift,SalesSift,passthrough,62.5,2026-08-27T12:16:30Z
Hive,Hive,passthrough,60.0,2026-08-27T12:16:30Z
Tule,Tule,passthrough,44.4,2026-08-27T12:16:30Z
Weave,Weave,passthrough,80.0,2026-08-27T12:16:30Z
Whirl,Whirl,passthrough,50.0,2026-08-27T12:16:30Z
Qventus,Qventus,passthrough,47.1,2026-08-27T12:16:30Z
Pomello,Pomello,passthrough,44.4,2026-08-27T12:16:30Z
20n,20n,passthrough,28.6,2026-08-27T12:16:30Z
Akido Labs,Akido Labs,passthrough,73.7,2026-08-27T12:16:30Z
Magic,Magic,passthrough,50.0,2026-08-27T12:16:30Z
Bizzy,Bizzy,passthrough,42.9,2026-08-27T12:16:30Z
Numerion Labs,Numerion Labs,passthrough,63.6,2026-08-27T12:16:30Z
Zeitview,Zeitview,passthrough,50.0,2026-08-27T12:16:30Z
GiveMeTap,GiveMeTap,passthrough,42.9,2026-08-27T12:16:30Z
GrubMarket,GrubMarket,passthrough,50.0,2026-08-27T12:16:30Z
Platzi,Platzi,passthrough,53.3,2026-08-27T12:16:30Z
Pachyderm,Pachyderm,passthrough,55.6,2026-08-27T12:16:30Z
Pakible,Pakible,passthrough,53.3,2026-08-27T12:16:30Z
Paperspace,Paperspace,passthrough,52.6,2026-08-27T12:16:30Z
BuildScience,BuildScience,passthrough,45.5,2026-08-27T12:16:30Z
Shift Messenger,Shift Messenger,passthrough,41.7,2026-08-27T12:16:30Z
Smarking,Smarking,passthrough,47.1,2026-08-27T12:16:30Z
Tempo,Tempo,passthrough,40.0,2026-08-27T12:16:30Z
Mobydish,Mobydish,passthrough,46.2,2026-08-27T12:16:30Z
Rare Door,Rare Door,passthrough,44.4,2026-08-27T12:16:30Z
Resolve,Resolve,passthrough,50.0,2026-08-27T12:16:30Z
Yhat,Yhat,passthrough,46.2,2026-08-27T12:16:30Z
Dealyze,Dealyze,passthrough,50.0,2026-08-27T12:16:30Z
Giveffect,Giveffect,passthrough,52.6,2026-08-27T12:16:30Z
Meadow,Meadow,passthrough,42.9,2026-08-27T12:16:30Z
Moltin,Moltin,passthrough,54.5,2026-08-27T12:16:30Z
Outbound,Outbound,passthrough,42.1,2026-08-27T12:16:30Z
Dabble,Dabble,passthrough,54.5,2026-08-27T12:16:30Z
SigOpt,SigOpt,passthrough,46.2,2026-08-27T12:16:30Z
Standard Cyborg,Standard Cyborg,passthrough,44.4,2026-08-27T12:16:30Z
X-Zell,X-Zell,passthrough,47.1,2026-08-27T12:16:30Z
Tara AI,Tara AI,passthrough,71.4,2026-08-27T12:16:30Z
Replika,Replika,passthrough,75.0,2026-08-27T12:16:30Z
Lumi,Lumi,passthrough,75.0,2026-08-27T12:16:30Z
Mashgin,Mashgin,passthrough,52.6,2026-08-27T12:16:30Z
Serica,Serica,passthrough,54.5,2026-08-27T12:16:30Z
Ironclad,Ironclad,passthrough,50.0,2026-08-27T12:16:30Z
Assembly,Assembly,passthrough,50.0,2026-08-27T12:16:30Z
ROSS Intelligence,ROSS Intelligence,passthrough,52.6,2026-08-27T12:16:30Z
SnapMagic,SnapMagic,passthrough,50.0,2026-08-27T12:16:30Z
Branch8,Branch8,passthrough,55.6,2026-08-27T12:16:30Z
Shotput,Shotput,passthrough,37.5,2026-08-27T12:16:30Z
Foxpass,Foxpass,passthrough,46.2,2026-08-27T12:16:30Z
Thrive Agritech,Thrive Agritech,passthrough,58.3,2026-08-27T12:16:30Z
Verge Genomics,Verge Genomics,passthrough,50.0,2026-08-27T12:16:30Z
Bistrobot,Bistrobot,passthrough,50.0,2026-08-27T12:16:30Z
GiveCampus,GiveCampus,passthrough,42.1,2026-08-27T12:16:30Z
Leada,Leada,passthrough,60.0,2026-08-27T12:16:30Z
Microhealth,Microhealth,passthrough,55.6,2026-08-27T12:16:30Z
Ohm,Ohm,passthrough,46.2,2026-08-27T12:16:30Z
Fountain,Fountain,passthrough,57.1,2026-08-27T12:16:30Z
Prayas Analytics,Prayas Analytics,passthrough,48.0,2026-08-27T12:16:30Z
Reduced Energy Microsystems,Reduced Energy Microsystems,passthrough,51.2,2026-08-27T12:16:30Z
Shape (ShapeScale),Shape (ShapeScale),passthrough,58.3,2026-08-27T12:16:30Z
Go1,Go1,passthrough,57.1,2026-08-27T12:16:30Z
Maderight,Maderight,passthrough,57.1,2026-08-27T12:16:30Z
The Ticket Fairy,The Ticket Fairy,passthrough,51.9,2026-08-27T12:16:30Z
Nebia,Nebia,passthrough,57.1,2026-08-27T12:16:30Z
VOIQ,VOIQ,passthrough,50.0,2026-08-27T12:16:30Z
Deepgram,Deepgram,passthrough,62.5,2026-08-27T12:16:30Z
iSono Health,iSono Health,passthrough,52.6,2026-08-27T12:16:30Z
Tovala,Tovala,passthrough,54.5,2026-08-27T12:16:30Z
Daily,Daily,passthrough,60.0,2026-08-27T12:16:30Z
Algoriz,Algoriz,passthrough,42.9,2026-08-27T12:16:30Z
Focal Systems,Focal Systems,passthrough,70.0,2026-08-27T12:16:30Z
Able Health,Able Health,passthrough,66.7,2026-08-27T12:16:30Z
Gigwell,Gigwell,passthrough,46.2,2026-08-27T12:16:30Z
Pulpix,Pulpix,passthrough,40.0,2026-08-27T12:16:30Z
Revl,Revl,passthrough,50.0,2026-08-27T12:16:30Z
MailTime,MailTime,passthrough,53.3,2026-08-27T12:16:30Z
Netomi,Netomi,passthrough,53.3,2026-08-27T12:16:30Z
Superside,Superside,passthrough,55.6,2026-08-27T12:16:30Z
Function of Beauty,Function of Beauty,passthrough,51.6,2026-08-27T12:16:30Z
Podium,Podium,passthrough,76.9,2026-08-27T12:16:30Z
Gecko Robotics,Gecko Robotics,passthrough,43.8,2026-08-27T12:16:30Z
GoLorry,GoLorry,passthrough,40.0,2026-08-27T12:16:30Z
HistoWiz,HistoWiz,passthrough,47.1,2026-08-27T12:16:30Z
Caper,Caper,passthrough,72.7,2026-08-27T12:16:30Z
Georgette Packaging,Georgette Packaging,passthrough,46.7,2026-08-27T12:16:30Z
Kisan Network,Kisan Network,passthrough,46.2,2026-08-27T12:16:30Z
Pathmind,Pathmind,passthrough,62.5,2026-08-27T12:16:30Z
Unnyhog,Unnyhog,passthrough,54.5,2026-08-27T12:16:30Z
Sendbird,Sendbird,passthrough,46.2,2026-08-27T12:16:30Z
Relativity Space,Relativity Space,passthrough,50.0,2026-08-27T12:16:31Z
Boom,Boom,passthrough,50.0,2026-08-27T12:16:31Z
Nova,Nova,passthrough,61.5,2026-08-27T12:16:31Z
Modal,Modal,exact,100.0,2026-08-27T12:16:31Z
flexEngage,flexEngage,passthrough,50.0,2026-08-27T12:16:31Z
Qvin,Qvin,passthrough,46.2,2026-08-27T12:16:31Z
Mindori,Mindori,passthrough,58.8,2026-08-27T12:16:31Z
Vetcove,Vetcove,passthrough,53.3,2026-08-27T12:16:31Z
Selfycart,Selfycart,passthrough,55.6,2026-08-27T12:16:31Z
Joy,Joy,passthrough,46.2,2026-08-27T12:16:31Z
Upgraded,Upgraded,passthrough,46.2,2026-08-27T12:16:31Z
Rose Rocket,Rose Rocket,passthrough,47.1,2026-08-27T12:16:31Z
Farmstead,Farmstead,passthrough,52.6,2026-08-27T12:16:31Z
Sway Finance,Sway Finance,passthrough,50.0,2026-08-27T12:16:31Z
Iris Automation,Iris Automation,passthrough,51.6,2026-08-27T12:16:31Z
OneChronos,OneChronos,passthrough,57.1,2026-08-27T12:16:31Z
Haywheel,Haywheel,passthrough,58.8,2026-08-27T12:16:31Z
The Flex Company,The Flex Company,passthrough,50.0,2026-08-27T12:16:31Z
garten,garten,passthrough,54.5,2026-08-27T12:16:31Z
Mosaix.ai,Mosaix.ai,passthrough,63.2,2026-08-27T12:16:31Z
Burrow,Burrow,passthrough,50.0,2026-08-27T12:16:31Z
NeoWize,NeoWize,passthrough,53.3,2026-08-27T12:16:31Z
Airo Health,Airo Health,passthrough,55.6,2026-08-27T12:16:31Z
Synvivia,Synvivia,passthrough,58.8,2026-08-27T12:16:31Z
Meesho,Meesho,passthrough,42.9,2026-08-27T12:16:31Z
Seerslab,Seerslab,passthrough,55.6,2026-08-27T12:16:31Z
Miso,Miso,passthrough,54.5,2026-08-27T12:16:31Z
Athelas,Athelas,passthrough,50.0,2026-08-27T12:16:31Z
Curtsy,Curtsy,passthrough,66.7,2026-08-27T12:16:31Z
CrowdAI,CrowdAI,passthrough,61.5,2026-08-27T12:16:31Z
Saleswhale,Saleswhale,passthrough,60.0,2026-08-27T12:16:31Z
Polymail,Polymail,passthrough,57.1,2026-08-27T12:16:31Z
Scale AI,Scale AI,exact,100.0,2026-08-27T12:16:31Z
People.ai,People.ai,passthrough,72.7,2026-08-27T12:16:31Z
Elemeno Health,Elemeno Health,passthrough,56.0,2026-08-27T12:16:31Z
ClassDojo,ClassDojo,passthrough,42.1,2026-08-27T12:16:31Z
SkyLights,SkyLights,passthrough,48.0,2026-08-27T12:16:31Z
Voiceops,Voiceops,passthrough,53.3,2026-08-27T12:16:31Z
Trade,Trade,passthrough,60.0,2026-08-27T12:16:31Z
Speak,Speak,passthrough,57.1,2026-08-27T12:16:31Z
Bountiful,Bountiful,passthrough,40.0,2026-08-27T12:16:31Z
Cowlar,Cowlar,passthrough,53.3,2026-08-27T12:16:31Z
Scribe,Scribe,passthrough,54.5,2026-08-27T12:16:31Z
Riley,Riley,passthrough,54.5,2026-08-27T12:16:31Z
Pit.AI,Pit.AI,passthrough,63.2,2026-08-27T12:16:31Z
Shipamax,Shipamax,passthrough,47.1,2026-08-27T12:16:31Z
MDalgorithms Inc.,MDalgorithms Inc.,passthrough,57.1,2026-08-27T12:16:31Z
Tress,Tress,passthrough,46.2,2026-08-27T12:16:31Z
Entry,Entry,passthrough,46.2,2026-08-27T12:16:31Z
RankScience,RankScience,passthrough,55.6,2026-08-27T12:16:31Z
Ambient.ai,Ambient.ai,passthrough,66.7,2026-08-27T12:16:31Z
Penny,Penny,passthrough,54.5,2026-08-27T12:16:31Z
Firsthand,Firsthand,passthrough,50.0,2026-08-27T12:16:31Z
"Veryfi, Inc.","Veryfi, Inc.",passthrough,53.3,2026-08-27T12:16:31Z
Wright Electric,Wright Electric,passthrough,45.2,2026-08-27T12:16:31Z
AlemHealth,AlemHealth,passthrough,70.0,2026-08-27T12:16:31Z
Supr Daily,Supr Daily,passthrough,63.2,2026-08-27T12:16:31Z
Bulk MRO Industrial Supply,Bulk MRO Industrial Supply,passthrough,38.9,2026-08-27T12:16:31Z
Tetra,Tetra,passthrough,62.5,2026-08-27T12:16:31Z
FloydHub,FloydHub,passthrough,40.0,2026-08-27T12:16:31Z
Bulletin,Bulletin,passthrough,55.6,2026-08-27T12:16:31Z
BIOS Health,BIOS Health,passthrough,47.6,2026-08-27T12:16:31Z
NanoNets,NanoNets,passthrough,53.3,2026-08-27T12:16:31Z
Bicycle AI,Bicycle AI,passthrough,66.7,2026-08-27T12:16:31Z
UpKeep,UpKeep,passthrough,42.9,2026-08-27T12:16:31Z
SourceBeacon,SourceBeacon,passthrough,66.7,2026-08-27T12:16:31Z
Faire,Faire,passthrough,72.7,2026-08-27T12:16:31Z
Ridecell,Ridecell,passthrough,52.6,2026-08-27T12:16:31Z
Mirror AI,Mirror AI,passthrough,66.7,2026-08-27T12:16:31Z
Helix Nanotechnologies,Helix Nanotechnologies,passthrough,76.9,2026-08-27T12:16:31Z
ScopeAI,ScopeAI,passthrough,76.9,2026-08-27T12:16:31Z
Jerry,Jerry,passthrough,54.5,2026-08-27T12:16:31Z
Passerine Aircraft,Passerine Aircraft,passthrough,53.3,2026-08-27T12:16:31Z
Skyways,Skyways,passthrough,50.0,2026-08-27T12:16:31Z
Nobell Foods,Nobell Foods,passthrough,37.5,2026-08-27T12:16:31Z
VergeSense,VergeSense,passthrough,50.0,2026-08-27T12:16:31Z
AutoHub,AutoHub,passthrough,44.4,2026-08-27T12:16:31Z
Releaf Earth,Releaf Earth,passthrough,52.6,2026-08-27T12:16:31Z
UpCodes,UpCodes,passthrough,57.1,2026-08-27T12:16:31Z
Standard AI,Standard AI,passthrough,66.7,2026-08-27T12:16:31Z
Nimble,Nimble,passthrough,72.7,2026-08-27T12:16:31Z
Darmiyan,Darmiyan,passthrough,58.8,2026-08-27T12:16:31Z
Flock Safety,Flock Safety,passthrough,41.7,2026-08-27T12:16:31Z
Mystro,Mystro,passthrough,61.5,2026-08-27T12:16:31Z
Semantix,Semantix,passthrough,53.3,2026-08-27T12:16:31Z
Plasticity,Plasticity,passthrough,63.6,2026-08-27T12:16:31Z
Slik,Slik,passthrough,54.5,2026-08-27T12:16:31Z
Cairns Health,Cairns Health,passthrough,52.2,2026-08-27T12:16:31Z
Pop Meals,Pop Meals,passthrough,50.0,2026-08-27T12:16:31Z
Spect,Spect,passthrough,54.5,2026-08-27T12:16:31Z
Pyka,Pyka,passthrough,60.0,2026-08-27T12:16:31Z
Surematics,Surematics,passthrough,52.6,2026-08-27T12:16:31Z
Goosebump,Goosebump,passthrough,50.0,2026-08-27T12:16:31Z
Flowspace,Flowspace,passthrough,42.9,2026-08-27T12:16:31Z
Modular Science,Modular Science,passthrough,48.0,2026-08-27T12:16:31Z
Skyscrape,Skyscrape,passthrough,58.8,2026-08-27T12:16:31Z
D-ID,D-ID,passthrough,50.0,2026-08-27T12:16:31Z
Percept.AI,Percept.AI,passthrough,69.6,2026-08-27T12:16:31Z
WATERFX,WATERFX,passthrough,53.3,2026-08-27T12:16:31Z
Sourceress,Sourceress,passthrough,66.7,2026-08-27T12:16:31Z
OneLocal,OneLocal,passthrough,50.0,2026-08-27T12:16:31Z
Opearlo,Opearlo,passthrough,61.5,2026-08-27T12:16:31Z
Headstart,Headstart,passthrough,47.6,2026-08-27T12:16:31Z
Guggy,Guggy,passthrough,37.5,2026-08-27T12:16:31Z
May Mobility,May Mobility,passthrough,66.7,2026-08-27T12:16:31Z
Commissary Club (formerly 70 Million Jobs),Commissary Club (formerly 70 Million Jobs),passthrough,32.8,2026-08-27T12:16:31Z
Cambridge Cancer Genomics,Cambridge Cancer Genomics,passthrough,46.5,2026-08-27T12:16:31Z
AssemblyAI,AssemblyAI,passthrough,57.1,2026-08-27T12:16:31Z
Lyrebird,Lyrebird,passthrough,50.0,2026-08-27T12:16:31Z
Just Appraised,Just Appraised,passthrough,44.4,2026-08-27T12:16:31Z
Social Construct,Social Construct,passthrough,43.5,2026-08-27T12:16:31Z
10 By 10,10 By 10,passthrough,42.9,2026-08-27T12:16:31Z
Bumpline,Bumpline,passthrough,53.3,2026-08-27T12:16:31Z
Thematic,Thematic,passthrough,52.6,2026-08-27T12:16:31Z
FollowUpThen,FollowUpThen,passthrough,44.4,2026-08-27T12:16:31Z
Proven Group,Proven Group,passthrough,44.4,2026-08-27T12:16:31Z
Precious,Precious,passthrough,52.6,2026-08-27T12:16:31Z
Spellbrush,Spellbrush,passthrough,50.0,2026-08-27T12:16:31Z
Jasper.ai,Jasper,alias,100.0,2026-08-27T12:16:31Z
Observant AI,Observant AI,passthrough,66.7,2026-08-27T12:16:31Z
Fondo,Fondo,passthrough,54.5,2026-08-27T12:16:31Z
Slite,Slite,passthrough,60.0,2026-08-27T12:16:31Z
Mighty Buildings,Mighty Buildings,passthrough,50.0,2026-08-27T12:16:31Z
Sepsis Scout,Sepsis Scout,passthrough,47.6,2026-08-27T12:16:31Z
Macromoltek,Macromoltek,passthrough,50.0,2026-08-27T12:16:31Z
Promise,Promise,passthrough,46.2,2026-08-27T12:16:31Z
OurMenu,OurMenu,passthrough,47.1,2026-08-27T12:16:31Z
Persephone Biosciences,Persephone Biosciences,passthrough,42.1,2026-08-27T12:16:31Z
Reverie Labs,Reverie Labs,passthrough,69.6,2026-08-27T12:16:31Z
Nuvocargo,Nuvocargo,passthrough,47.1,2026-08-27T12:16:31Z
LUS Brands,LUS Brands,passthrough,53.8,2026-08-27T12:16:31Z
Meitre,Meitre,passthrough,61.5,2026-08-27T12:16:31Z
Sourcify,Sourcify,passthrough,52.6,2026-08-27T12:16:31Z
Viaopt,Viaopt,passthrough,57.1,2026-08-27T12:16:31Z
Meson,Meson,passthrough,46.2,2026-08-27T12:16:31Z
Evolve (makers of Podcast App & Rest),Evolve (makers of Podcast App & Rest),passthrough,39.2,2026-08-27T12:16:31Z
Edwin,Edwin,passthrough,46.2,2026-08-27T12:16:31Z
Acely,Acely,passthrough,54.5,2026-08-27T12:16:31Z
Cognition IP,Cognition IP,passthrough,50.0,2026-08-27T12:16:31Z
Hunter2,Hunter2,passthrough,46.2,2026-08-27T12:16:31Z
Vathys,Vathys,passthrough,42.9,2026-08-27T12:16:31Z
Naborly,Naborly,passthrough,50.0,2026-08-27T12:16:31Z
Weekend (fmr. Volley),Weekend (fmr. Volley),passthrough,40.0,2026-08-27T12:16:31Z
SharpestMinds,SharpestMinds,passthrough,47.6,2026-08-27T12:16:31Z
Tilt (f.k.a. Delphia),Tilt (f.k.a. Delphia),passthrough,44.4,2026-08-27T12:16:31Z
Orangewood Labs,Orangewood Labs,passthrough,61.5,2026-08-27T12:16:31Z
Memora Health,Memora Health,passthrough,50.0,2026-08-27T12:16:31Z
AlgoSurg Inc,AlgoSurg Inc,passthrough,47.1,2026-08-27T12:16:31Z
Voicery,Voicery,passthrough,50.0,2026-08-27T12:16:31Z
Swipehouse,Swipehouse,passthrough,44.4,2026-08-27T12:16:31Z
Point API,Point API,passthrough,66.7,2026-08-27T12:16:31Z
Jido Maps,Jido Maps,passthrough,50.0,2026-08-27T12:16:31Z
Observe.AI,Observe.AI,passthrough,63.2,2026-08-27T12:16:31Z
Helloverify,Helloverify,passthrough,47.6,2026-08-27T12:16:31Z
Aerones,Aerones,passthrough,53.3,2026-08-27T12:16:31Z
Veriff,Veriff,passthrough,42.9,2026-08-27T12:16:31Z
Swayable,Swayable,passthrough,62.5,2026-08-27T12:16:31Z
Curebase,Curebase,passthrough,75.0,2026-08-27T12:16:31Z
Phiar,Phiar,passthrough,54.5,2026-08-27T12:16:31Z
OWNY,OWNY,passthrough,44.4,2026-08-27T12:16:31Z
Within,Within,passthrough,50.0,2026-08-27T12:16:31Z
C16 Biosciences,C16 Biosciences,passthrough,38.7,2026-08-27T12:16:31Z
"numericcal, inc.","numericcal, inc.",passthrough,47.1,2026-08-27T12:16:31Z
Searchlight,Searchlight,passthrough,50.0,2026-08-27T12:16:31Z
FREY,FREY,passthrough,60.0,2026-08-27T12:16:31Z
OpenWrench,OpenWrench,passthrough,52.2,2026-08-27T12:16:31Z
Activeloop,Activeloop,passthrough,47.1,2026-08-27T12:16:31Z
Inokyo,Inokyo,passthrough,47.1,2026-08-27T12:16:31Z
Data Driven Bioscience,Data Driven Bioscience,passthrough,42.1,2026-08-27T12:16:31Z
Inscribe,Inscribe,passthrough,50.0,2026-08-27T12:16:31Z
JITX,JITX,passthrough,50.0,2026-08-27T12:16:31Z
Medinas Health,Medinas Health,passthrough,50.0,2026-08-27T12:16:31Z
"AskMyClass, now Soundkins","AskMyClass, now Soundkins",passthrough,45.0,2026-08-27T12:16:31Z
Spero Foods,Spero Foods,passthrough,50.0,2026-08-27T12:16:31Z
64x Bio,64x Bio,passthrough,40.0,2026-08-27T12:16:31Z
Anima App,Anima App,passthrough,55.6,2026-08-27T12:16:31Z
Tall Poppy,Tall Poppy,passthrough,50.0,2026-08-27T12:16:31Z
Ixora,Ixora,passthrough,50.0,2026-08-27T12:16:31Z
LabelFlow,LabelFlow,passthrough,44.4,2026-08-27T12:16:31Z
Corvus Robotics,Corvus Robotics,passthrough,44.4,2026-08-27T12:16:31Z
Duffel,Duffel,passthrough,42.9,2026-08-27T12:16:31Z
Impactive (formerly Outvote),Impactive (formerly Outvote),passthrough,46.5,2026-08-27T12:16:31Z
Regology,Regology,passthrough,46.2,2026-08-27T12:16:31Z
Quickchat AI,Quickchat AI,passthrough,66.7,2026-08-27T12:16:31Z
"DreamCraft Entertainment, Inc.","DreamCraft Entertainment, Inc.",passthrough,48.9,2026-08-27T12:16:31Z
Rain Neuromorphics,Rain Neuromorphics,passthrough,44.4,2026-08-27T12:16:31Z
BlueCargo,BlueCargo,passthrough,55.6,2026-08-27T12:16:31Z
Alpha Vantage,Alpha Vantage,passthrough,66.7,2026-08-27T12:16:31Z
FameGame,FameGame,passthrough,44.4,2026-08-27T12:16:31Z
The Supplant Company,The Supplant Company,passthrough,47.6,2026-08-27T12:16:31Z
Prodigal,Prodigal,passthrough,61.5,2026-08-27T12:16:31Z
Calii,Calii,passthrough,66.7,2026-08-27T12:16:31Z
TENDERD,TENDERD,passthrough,53.3,2026-08-27T12:16:31Z
Bot MD,Bot MD,passthrough,50.0,2026-08-27T12:16:31Z
Shelf Engine,Shelf Engine,passthrough,46.7,2026-08-27T12:16:31Z
Eden,Eden,passthrough,50.0,2026-08-27T12:16:31Z
SkydropX,SkydropX,passthrough,35.3,2026-08-27T12:16:31Z
BrainHi,BrainHi,passthrough,52.6,2026-08-27T12:16:31Z
Khatabook,Khatabook,passthrough,52.6,2026-08-27T12:16:31Z
Kobo360,Kobo360,passthrough,30.8,2026-08-27T12:16:31Z
Mutiny,Mutiny,passthrough,53.3,2026-08-27T12:16:31Z
Synkrino Biotherapeutics,Synkrino Biotherapeutics,passthrough,41.2,2026-08-27T12:16:31Z
dNovo,dNovo,passthrough,46.2,2026-08-27T12:16:31Z
Leena AI,Leena AI,passthrough,66.7,2026-08-27T12:16:31Z
JuziBot,JuziBot,passthrough,37.5,2026-08-27T12:16:31Z
SPATE,SPATE,passthrough,60.0,2026-08-27T12:16:31Z
Enveritas,Enveritas,passthrough,58.8,2026-08-27T12:16:31Z
LemonBox,LemonBox,passthrough,47.6,2026-08-27T12:16:31Z
iLabService,iLabService,passthrough,50.0,2026-08-27T12:16:31Z
Aesthetic,Aesthetic,passthrough,55.6,2026-08-27T12:16:31Z
Kunduz,Kunduz,passthrough,42.9,2026-08-27T12:16:31Z
Overview,Overview,passthrough,57.1,2026-08-27T12:16:31Z
Taobotics,Taobotics,passthrough,63.2,2026-08-27T12:16:31Z
Flockjay,Flockjay,passthrough,38.1,2026-08-27T12:16:31Z
Positive,Positive,passthrough,47.1,2026-08-27T12:16:31Z
AllSome Fulfillment,AllSome Fulfillment,passthrough,50.0,2026-08-27T12:16:31Z
Pachama,Pachama,passthrough,61.5,2026-08-27T12:16:31Z
Keeper,Keeper,passthrough,50.0,2026-08-27T12:16:31Z
Centaur,Centaur,passthrough,46.2,2026-08-27T12:16:31Z
SpaceRyde,SpaceRyde,passthrough,55.6,2026-08-27T12:16:31Z
Sunsama,Sunsama,passthrough,54.5,2026-08-27T12:16:31Z
Sorting Robotics,Sorting Robotics,passthrough,50.0,2026-08-27T12:16:31Z
Windsor,Windsor,passthrough,80.0,2026-08-27T12:16:31Z
Hatch,Hatch,passthrough,50.0,2026-08-27T12:16:31Z
BrainKey,BrainKey,passthrough,53.3,2026-08-27T12:16:31Z
GoLinks,GoLinks,passthrough,50.0,2026-08-27T12:16:31Z
Tailornova/Couturme,Tailornova/Couturme,passthrough,50.0,2026-08-27T12:16:31Z
Adventurous Co,Adventurous Co,passthrough,52.2,2026-08-27T12:16:31Z
Community Phone Company,Community Phone Company,passthrough,50.0,2026-08-27T12:16:31Z
Basilica,Basilica,passthrough,53.3,2026-08-27T12:16:31Z
WeatherCheck,WeatherCheck,passthrough,50.0,2026-08-27T12:16:31Z
Sapling.ai,Sapling.ai,passthrough,63.6,2026-08-27T12:16:31Z
Nabis,Nabis,passthrough,60.0,2026-08-27T12:16:31Z
Forage,Forage,passthrough,50.0,2026-08-27T12:16:31Z
Demodesk,Demodesk,passthrough,50.0,2026-08-27T12:16:31Z
AI Insurance,AI Insurance,passthrough,66.7,2026-08-27T12:16:31Z
Switchboard,Switchboard,passthrough,52.6,2026-08-27T12:16:31Z
ResistanceBio,ResistanceBio,passthrough,50.0,2026-08-27T12:16:31Z
Evo.Do,Evo.Do,passthrough,50.0,2026-08-27T12:16:31Z
Docucharm,Docucharm,passthrough,53.3,2026-08-27T12:16:31Z
Askdata,Askdata,passthrough,53.3,2026-08-27T12:16:31Z
Probably Genetic,Probably Genetic,passthrough,43.2,2026-08-27T12:16:31Z
Superorder,Superorder,passthrough,52.6,2026-08-27T12:16:31Z
Maitian.ai,Maitian.ai,passthrough,70.0,2026-08-27T12:16:31Z
Bunkerhill Health,Bunkerhill Health,passthrough,47.4,2026-08-27T12:16:31Z
Landed,Landed,passthrough,62.5,2026-08-27T12:16:31Z
Autodial prev Qwest,Autodial prev Qwest,passthrough,48.6,2026-08-27T12:16:31Z
Axel Travel,Axel Travel,passthrough,57.1,2026-08-27T12:16:31Z
DailyDoctor,DailyDoctor,passthrough,50.0,2026-08-27T12:16:31Z
Aura Vision,Aura Vision,passthrough,51.9,2026-08-27T12:16:31Z
JetPack Aviation,JetPack Aviation,passthrough,50.0,2026-08-27T12:16:31Z
Reelables,Reelables,passthrough,63.2,2026-08-27T12:16:31Z
Heart Aerospace,Heart Aerospace,passthrough,50.0,2026-08-27T12:16:31Z
Hypnos,Hypnos,passthrough,42.9,2026-08-27T12:16:31Z
Superb AI,Superb AI,passthrough,77.8,2026-08-27T12:16:31Z
Traverse Technologies,Traverse Technologies,passthrough,82.8,2026-08-27T12:16:31Z
Our World in Data,Our World in Data,passthrough,53.8,2026-08-27T12:16:31Z
Nowports,Nowports,passthrough,42.9,2026-08-27T12:16:31Z
Beacons,Beacons,passthrough,53.3,2026-08-27T12:16:31Z
Glide,Glide,passthrough,60.0,2026-08-27T12:16:31Z
AXDRAFT,AXDRAFT,passthrough,61.5,2026-08-27T12:16:31Z
Frubana Inc,Frubana Inc,passthrough,61.5,2026-08-27T12:16:31Z
Sublime Black,Sublime Black,passthrough,48.0,2026-08-27T12:16:31Z
Mars Auto,Mars Auto,passthrough,52.6,2026-08-27T12:16:31Z
Allure Systems,Allure Systems,passthrough,66.7,2026-08-27T12:16:31Z
WorkClout,WorkClout,passthrough,42.1,2026-08-27T12:16:31Z
Latchel,Latchel,passthrough,50.0,2026-08-27T12:16:31Z
Tailor-ED,Tailor-ED,passthrough,47.6,2026-08-27T12:16:31Z
Cosmic,Cosmic,passthrough,50.0,2026-08-27T12:16:31Z
"OutRival, Inc.","OutRival, Inc.",passthrough,53.3,2026-08-27T12:16:31Z
1910,1910,passthrough,25.0,2026-08-27T12:16:31Z
Numero,Numero,passthrough,50.0,2026-08-27T12:16:31Z
rct AI,rct AI,passthrough,66.7,2026-08-27T12:16:31Z
Eclipse Foods,Eclipse Foods,passthrough,43.5,2026-08-27T12:16:31Z
Shipper,Shipper,passthrough,61.5,2026-08-27T12:16:31Z
Spiral Genetics,Spiral Genetics,passthrough,48.0,2026-08-27T12:16:31Z
Playground,Playground,passthrough,42.9,2026-08-27T12:16:31Z
MoFE,MoFE,passthrough,44.4,2026-08-27T12:16:31Z
matagora,matagora,passthrough,53.3,2026-08-27T12:16:31Z
Cuboh,Cuboh,passthrough,54.5,2026-08-27T12:16:31Z
Shiru,Shiru,passthrough,44.4,2026-08-27T12:16:31Z
Figments,Figments,passthrough,57.1,2026-08-27T12:16:31Z
Palifer,Palifer,passthrough,50.0,2026-08-27T12:16:31Z
Symplex,Symplex,passthrough,50.0,2026-08-27T12:16:31Z
Kraftful,Kraftful,passthrough,42.9,2026-08-27T12:16:31Z
Well Principled,Well Principled,passthrough,46.2,2026-08-27T12:16:31Z
Mighty Health,Mighty Health,passthrough,45.5,2026-08-27T12:16:31Z
Prompt,Prompt,passthrough,50.0,2026-08-27T12:16:31Z
Short Story,Short Story,passthrough,47.1,2026-08-27T12:16:31Z
Voyage Biomedical,Voyage Biomedical,passthrough,41.2,2026-08-27T12:16:31Z
TRM Labs,TRM Labs,passthrough,70.6,2026-08-27T12:16:31Z
Soteris,Soteris,passthrough,55.6,2026-08-27T12:16:31Z
Lantern,Lantern,passthrough,50.0,2026-08-27T12:16:31Z
AudioFocus,AudioFocus,passthrough,52.6,2026-08-27T12:16:31Z
Prolific,Prolific,passthrough,47.6,2026-08-27T12:16:31Z
Dashblock,Dashblock,passthrough,52.6,2026-08-27T12:16:31Z
GEn1E Lifesciences,GEn1E Lifesciences,passthrough,51.3,2026-08-27T12:16:31Z
Embrace,Embrace,passthrough,53.3,2026-08-27T12:16:31Z
Mindset Health,Mindset Health,passthrough,52.2,2026-08-27T12:16:31Z
Yummy Future,Yummy Future,passthrough,44.4,2026-08-27T12:16:31Z
UpEquity,UpEquity,passthrough,55.6,2026-08-27T12:16:31Z
Nonu,Nonu,passthrough,50.0,2026-08-27T12:16:31Z
ZETA SURGICAL,ZETA SURGICAL,passthrough,60.0,2026-08-27T12:16:31Z
Milo,Milo,passthrough,54.5,2026-08-27T12:16:31Z
Green Canopy NODE,Green Canopy NODE,passthrough,42.4,2026-08-27T12:16:31Z
Downtobid,Downtobid,passthrough,44.4,2026-08-27T12:16:31Z
Rainbow,Rainbow,passthrough,57.1,2026-08-27T12:16:31Z
Rosebud AI,Rosebud AI,passthrough,66.7,2026-08-27T12:16:31Z
Arpeggio Bio,Arpeggio Bio,passthrough,43.5,2026-08-27T12:16:31Z
PlayAbly,PlayAbly,passthrough,50.0,2026-08-27T12:16:31Z
Microverse,Microverse,passthrough,63.2,2026-08-27T12:16:31Z
EARTH AI,EARTH AI,passthrough,66.7,2026-08-27T12:16:31Z
CoLab,CoLab,passthrough,61.5,2026-08-27T12:16:31Z
Binks,Binks,passthrough,53.3,2026-08-27T12:16:31Z
Chaos Genius,Chaos Genius,passthrough,52.6,2026-08-27T12:16:31Z
MyPetrolPump,MyPetrolPump,passthrough,42.1,2026-08-27T12:16:31Z
Tensil,Tensil,passthrough,53.3,2026-08-27T12:16:31Z
Vahan,Vahan,passthrough,57.1,2026-08-27T12:16:31Z
Namaste Business,Namaste Business,passthrough,51.9,2026-08-27T12:16:31Z
Finlens,Finlens,passthrough,58.8,2026-08-27T12:16:31Z
Ramen VR,Ramen VR,passthrough,47.1,2026-08-27T12:16:31Z
Hightouch,Hightouch,passthrough,40.0,2026-08-27T12:16:31Z
Eden Farm,Eden Farm,passthrough,50.0,2026-08-27T12:16:31Z
PredictLeads,PredictLeads,passthrough,57.1,2026-08-27T12:16:31Z
Trella,Trella,passthrough,60.0,2026-08-27T12:16:31Z
Recidiviz,Recidiviz,passthrough,40.0,2026-08-27T12:16:31Z
Alana,Alana,passthrough,60.0,2026-08-27T12:16:31Z
Traces,Traces,passthrough,50.0,2026-08-27T12:16:31Z
Mipos.dev,Mipos.dev,passthrough,42.9,2026-08-27T12:16:31Z
Flowbot,Flowbot,passthrough,46.2,2026-08-27T12:16:31Z
treble.ai,treble.ai,passthrough,63.2,2026-08-27T12:16:31Z
Deepnote,Deepnote,passthrough,62.5,2026-08-27T12:16:31Z
Meridian Industries,Meridian Industries,passthrough,46.7,2026-08-27T12:16:31Z
Taskade,Taskade,passthrough,53.3,2026-08-27T12:16:31Z
Motion,Motion,passthrough,50.0,2026-08-27T12:16:31Z
Vendr,Vendr,passthrough,46.2,2026-08-27T12:16:31Z
Karat Financial,Karat Financial,passthrough,51.9,2026-08-27T12:16:31Z
Flowglad,Flowglad,passthrough,46.2,2026-08-27T12:16:31Z
Phonic,Phonic,passthrough,53.3,2026-08-27T12:16:31Z
Abalone Bio,Abalone Bio,passthrough,50.0,2026-08-27T12:16:31Z
StratumAI,StratumAI,passthrough,66.7,2026-08-27T12:16:31Z
RoboTire,RoboTire,passthrough,42.9,2026-08-27T12:16:31Z
MindsDB,MindsDB,passthrough,53.3,2026-08-27T12:16:31Z
FitnessAI,FitnessAI,passthrough,55.6,2026-08-27T12:16:31Z
Segmed,Segmed,passthrough,42.9,2026-08-27T12:16:31Z
Letterdrop,Letterdrop,passthrough,44.4,2026-08-27T12:16:31Z
Factored Quality,Factored Quality,passthrough,50.0,2026-08-27T12:16:31Z
Taiv,Taiv,passthrough,57.1,2026-08-27T12:16:31Z
Orbiter,Orbiter,passthrough,53.3,2026-08-27T12:16:31Z
Glisten AI,Glisten AI,passthrough,66.7,2026-08-27T12:16:31Z
Ardis AI,Ardis AI,passthrough,66.7,2026-08-27T12:16:31Z
Perceptive Technologies,Perceptive Technologies,passthrough,82.8,2026-08-27T12:16:31Z
Handoff,Handoff,passthrough,50.0,2026-08-27T12:16:31Z
Nextmv,Nextmv,passthrough,47.1,2026-08-27T12:16:31Z
Aden,Aden,passthrough,66.7,2026-08-27T12:16:31Z
Terrasoft,Terrasoft,passthrough,58.8,2026-08-27T12:16:31Z
Datasaur,Datasaur,passthrough,55.6,2026-08-27T12:16:31Z
Dashworks,Dashworks,passthrough,52.6,2026-08-27T12:16:31Z
Eternal,Eternal,passthrough,57.1,2026-08-27T12:16:31Z
Replicate,Replicate,exact,100.0,2026-08-27T12:16:31Z
Basedash,Basedash,passthrough,50.0,2026-08-27T12:16:31Z
Terusama,Terusama,passthrough,50.0,2026-08-27T12:16:31Z
Clayboard,Clayboard,passthrough,52.6,2026-08-27T12:16:31Z
Edlyft,Edlyft,passthrough,40.0,2026-08-27T12:16:31Z
Eze,Eze,passthrough,44.4,2026-08-27T12:16:31Z
The Mercer Club,The Mercer Club,passthrough,51.6,2026-08-27T12:16:31Z
StartPlaying.Games,StartPlaying.Games,passthrough,46.7,2026-08-27T12:16:31Z
Grain,Grain,passthrough,60.0,2026-08-27T12:16:31Z
TrueNorth,TrueNorth,passthrough,47.1,2026-08-27T12:16:31Z
Visual One,Visual One,passthrough,50.0,2026-08-27T12:16:31Z
Signadot,Signadot,passthrough,50.0,2026-08-27T12:16:31Z
Operator.io,Operator.io,passthrough,58.8,2026-08-27T12:16:31Z
Talyn Air,Talyn Air,passthrough,66.7,2026-08-27T12:16:31Z
Riya Collective,Riya Collective,passthrough,50.0,2026-08-27T12:16:31Z
Logarithm Labs,Logarithm Labs,passthrough,61.5,2026-08-27T12:16:31Z
Global Belly,Global Belly,passthrough,45.5,2026-08-27T12:16:31Z
Scout,Scout,passthrough,54.5,2026-08-27T12:16:31Z
Medicare Vox (fka Fair Square),Medicare Vox (fka Fair Square),passthrough,43.2,2026-08-27T12:16:31Z
Altay Therapeutics,Altay Therapeutics,passthrough,51.9,2026-08-27T12:16:31Z
Turing Labs Inc.,Turing Labs Inc.,passthrough,61.5,2026-08-27T12:16:31Z
Ello,Ello,passthrough,47.1,2026-08-27T12:16:31Z
QueryPie AI,QueryPie AI,passthrough,66.7,2026-08-27T12:16:31Z
Response,Response,passthrough,50.0,2026-08-27T12:16:31Z
Typedream,Typedream,passthrough,55.6,2026-08-27T12:16:31Z
Vori,Vori,passthrough,46.2,2026-08-27T12:16:31Z
Mini Exhibitions,Mini Exhibitions,passthrough,43.8,2026-08-27T12:16:31Z
Kinter,Kinter,passthrough,47.1,2026-08-27T12:16:31Z
Dropbase,Dropbase,passthrough,50.0,2026-08-27T12:16:31Z
Trident Bioscience,Trident Bioscience,passthrough,46.2,2026-08-27T12:16:31Z
Photoroom,Photoroom,passthrough,53.3,2026-08-27T12:16:31Z
Modernbanc,Modernbanc,passthrough,53.3,2026-08-27T12:16:31Z
AIOS,AIOS,passthrough,57.1,2026-08-27T12:16:31Z
Skypher,Skypher,passthrough,62.5,2026-08-27T12:16:31Z
Recurrency,Recurrency,passthrough,50.0,2026-08-27T12:16:31Z
PostEra,PostEra,passthrough,57.1,2026-08-27T12:16:31Z
DeepSource,DeepSource,passthrough,57.1,2026-08-27T12:16:31Z
Pay Swifter,Pay Swifter,passthrough,50.0,2026-08-27T12:16:31Z
UrbanKisaan,UrbanKisaan,passthrough,45.5,2026-08-27T12:16:31Z
farmtheory,farmtheory,passthrough,50.0,2026-08-27T12:16:31Z
PillarPlus,PillarPlus,passthrough,43.5,2026-08-27T12:16:31Z
SprintAI,SprintAI,passthrough,60.0,2026-08-27T12:16:31Z
Zeo Route Planner,Zeo Route Planner,passthrough,42.9,2026-08-27T12:16:31Z
Bikry,Bikry,passthrough,42.9,2026-08-27T12:16:31Z
Zumo Labs,Zumo Labs,passthrough,77.8,2026-08-27T12:16:31Z
Synapsica Healthcare,Synapsica Healthcare,passthrough,48.3,2026-08-27T12:16:31Z
Easyplan,Easyplan,passthrough,47.1,2026-08-27T12:16:31Z
adyn,adyn,passthrough,44.4,2026-08-27T12:16:31Z
Overfit,Overfit,passthrough,62.5,2026-08-27T12:16:31Z
Oda,Oda,passthrough,75.0,2026-08-27T12:16:31Z
Valienta,Valienta,passthrough,60.0,2026-08-27T12:16:31Z
Tajir,Tajir,passthrough,50.0,2026-08-27T12:16:31Z
Linkana,Linkana,passthrough,50.0,2026-08-27T12:16:31Z
BeGo,BeGo,passthrough,50.0,2026-08-27T12:16:31Z
Termii,Termii,passthrough,47.1,2026-08-27T12:16:31Z
Handl,Handl,passthrough,60.0,2026-08-27T12:16:31Z
Ramani,Ramani,passthrough,61.5,2026-08-27T12:16:31Z
GuruHotel,GuruHotel,passthrough,53.3,2026-08-27T12:16:31Z
Stable,Stable,passthrough,72.7,2026-08-27T12:16:31Z
Recall.ai,Recall.ai,passthrough,75.0,2026-08-27T12:16:31Z
borong,borong,passthrough,40.0,2026-08-27T12:16:31Z
Atmo,Atmo,passthrough,46.2,2026-08-27T12:16:31Z
99minutos,99minutos,passthrough,42.1,2026-08-27T12:16:31Z
SEND,SEND,passthrough,50.0,2026-08-27T12:16:31Z
PowerX,PowerX,passthrough,50.0,2026-08-27T12:16:31Z
Airbyte,Airbyte,passthrough,57.1,2026-08-27T12:16:31Z
Tasker AI,Tasker AI,passthrough,77.8,2026-08-27T12:16:31Z
Menten AI,Menten AI,passthrough,66.7,2026-08-27T12:16:31Z
Legionfarm,Legionfarm,passthrough,52.2,2026-08-27T12:16:31Z
Algen Biotechnologies,Algen Biotechnologies,passthrough,82.1,2026-08-27T12:16:31Z
Jemi,Jemi,passthrough,53.3,2026-08-27T12:16:31Z
Luminai,Luminai,passthrough,72.7,2026-08-27T12:16:31Z
Command AI,Command AI,passthrough,66.7,2026-08-27T12:16:31Z
Roboflow,Roboflow,passthrough,37.5,2026-08-27T12:16:31Z
Bandit ML,Bandit ML,passthrough,52.6,2026-08-27T12:16:31Z
inFeedo AI,inFeedo AI,passthrough,69.6,2026-08-27T12:16:31Z
Datafold,Datafold,passthrough,46.2,2026-08-27T12:16:31Z
Blue Onion,Blue Onion,passthrough,50.0,2026-08-27T12:16:31Z
AtoB,AtoB,passthrough,46.2,2026-08-27T12:16:31Z
Shuttle,Shuttle,passthrough,50.0,2026-08-27T12:16:31Z
Hypermile,Hypermile,passthrough,55.6,2026-08-27T12:16:31Z
Strive School,Strive School,passthrough,46.7,2026-08-27T12:16:31Z
Known Medicine,Known Medicine,passthrough,45.5,2026-08-27T12:16:31Z
Hypotenuse AI,Hypotenuse AI,passthrough,66.7,2026-08-27T12:16:31Z
Kernal Biologics,Kernal Biologics,passthrough,47.1,2026-08-27T12:16:31Z
CoreCare,CoreCare,passthrough,71.4,2026-08-27T12:16:31Z
Swif.ai,Swif.ai,passthrough,66.7,2026-08-27T12:16:31Z
Humanloop,Humanloop,passthrough,47.1,2026-08-27T12:16:31Z
Cradle,Cradle,passthrough,72.7,2026-08-27T12:16:31Z
Omni,Omni,passthrough,60.0,2026-08-27T12:16:31Z
Blissway,Blissway,passthrough,47.1,2026-08-27T12:16:31Z
Atomic,Atomic,passthrough,66.7,2026-08-27T12:16:31Z
MarketForce,MarketForce,passthrough,40.0,2026-08-27T12:16:31Z
Tappity,Tappity,passthrough,62.5,2026-08-27T12:16:31Z
Hellometer,Hellometer,passthrough,55.6,2026-08-27T12:16:31Z
Justo,Justo,passthrough,54.5,2026-08-27T12:16:31Z
Nextera Robotics | DIDGE.ai,Nextera Robotics | DIDGE.ai,passthrough,46.5,2026-08-27T12:16:31Z
Nabla Bio,Nabla Bio,passthrough,50.0,2026-08-27T12:16:31Z
Hyper Online,Hyper Online,passthrough,50.0,2026-08-27T12:16:31Z
WareIQ,WareIQ,passthrough,57.1,2026-08-27T12:16:31Z
In Stock,In Stock,passthrough,53.3,2026-08-27T12:16:31Z
BIK,BIK,passthrough,50.0,2026-08-27T12:16:31Z
Decentro,Decentro,passthrough,50.0,2026-08-27T12:16:31Z
Aquarium Learning,Aquarium Learning,passthrough,55.2,2026-08-27T12:16:31Z
Mailwarm,Mailwarm,passthrough,53.3,2026-08-27T12:16:31Z
Intelligent,Imbue,fuzzy,100.0,2026-08-27T12:16:31Z
TyltGO,TyltGO,passthrough,40.0,2026-08-27T12:16:31Z
Farel,Farel,passthrough,54.5,2026-08-27T12:16:31Z
Drapr,Drapr,passthrough,54.5,2026-08-27T12:16:31Z
Cohere,Cohere,exact,100.0,2026-08-27T12:16:31Z
Dataland,Dataland,passthrough,47.6,2026-08-27T12:16:31Z
Akiflow,Akiflow,passthrough,50.0,2026-08-27T12:16:31Z
Awtomic,Awtomic,passthrough,62.5,2026-08-27T12:16:31Z
HENRY,HENRY,passthrough,54.5,2026-08-27T12:16:31Z
Together Video Chat,Together AI,fuzzy,100.0,2026-08-27T12:16:31Z
Taktile,Taktile,passthrough,57.1,2026-08-27T12:16:31Z
Mito,Mito,passthrough,54.5,2026-08-27T12:16:31Z
Draftwise,Draftwise,passthrough,53.3,2026-08-27T12:16:31Z
AI.Fashion,AI.Fashion,passthrough,55.6,2026-08-27T12:16:31Z
MilkRun,MilkRun,passthrough,62.5,2026-08-27T12:16:31Z
Mobius Materials,Mobius Materials,passthrough,48.0,2026-08-27T12:16:31Z
Glimpse,Glimpse,passthrough,50.0,2026-08-27T12:16:31Z
Nestybox,Nestybox,passthrough,44.4,2026-08-27T12:16:31Z
"Warmly,","Warmly,",passthrough,57.1,2026-08-27T12:16:31Z
Clover,Clover,passthrough,66.7,2026-08-27T12:16:31Z
Parrot Software 🦜,Parrot Software 🦜,passthrough,43.5,2026-08-27T12:16:31Z
Hellosaurus,Hellosaurus,passthrough,47.6,2026-08-27T12:16:31Z
Fieldguide,Fieldguide,passthrough,62.5,2026-08-27T12:16:31Z
Heron Data,Heron Data,passthrough,52.6,2026-08-27T12:16:31Z
Clau,Clau,passthrough,54.5,2026-08-27T12:16:31Z
Quell,Quell,passthrough,40.0,2026-08-27T12:16:31Z
Rarebird,Rarebird,passthrough,50.0,2026-08-27T12:16:31Z
Payflow,Payflow,passthrough,42.1,2026-08-27T12:16:31Z
Brevy,Brevy,passthrough,54.5,2026-08-27T12:16:31Z
Degrees of Freedom,Degrees of Freedom,passthrough,41.2,2026-08-27T12:16:31Z
Gonddo,Gonddo,passthrough,50.0,2026-08-27T12:16:31Z
Abacum,Abacum,passthrough,53.3,2026-08-27T12:16:31Z
cloud humans,cloud humans,passthrough,52.6,2026-08-27T12:16:31Z
Trestle Biotherapeutics,Trestle Biotherapeutics,passthrough,45.0,2026-08-27T12:16:31Z
The Third Place,The Third Place,passthrough,53.8,2026-08-27T12:16:31Z
Atomic Industries,Atomic Industries,passthrough,53.8,2026-08-27T12:16:31Z
authzed,authzed,passthrough,44.4,2026-08-27T12:16:31Z
Humaans,Humaans,passthrough,55.6,2026-08-27T12:16:31Z
DreamWorld,DreamWorld,passthrough,44.4,2026-08-27T12:16:31Z
RocketSDR,RocketSDR,passthrough,47.1,2026-08-27T12:16:31Z
Quadrant Eye,Quadrant Eye,passthrough,66.7,2026-08-27T12:16:31Z
SBX Robotics,SBX Robotics,passthrough,38.1,2026-08-27T12:16:31Z
Waypoint,Waypoint,passthrough,50.0,2026-08-27T12:16:31Z
Spokn,Spokn,passthrough,46.2,2026-08-27T12:16:31Z
Finley,Finley,passthrough,50.0,2026-08-27T12:16:31Z
Stacksi,Stacksi,passthrough,58.8,2026-08-27T12:16:31Z
Gigs Live,Gigs Live,passthrough,47.1,2026-08-27T12:16:31Z
arnata,arnata,passthrough,58.8,2026-08-27T12:16:31Z
Pibit.ai,Pibit.ai,passthrough,62.5,2026-08-27T12:16:31Z
Lion Pose,Lion Pose,passthrough,50.0,2026-08-27T12:16:31Z
Vogent,Vogent,passthrough,57.1,2026-08-27T12:16:31Z
SlashAuth,SlashAuth,passthrough,44.4,2026-08-27T12:16:31Z
Moichor,Moichor,passthrough,50.0,2026-08-27T12:16:31Z
Queenly,Queenly,passthrough,47.1,2026-08-27T12:16:31Z
Flux Auto,Flux Auto,passthrough,50.0,2026-08-27T12:16:31Z
Fountain9,Fountain9,passthrough,53.3,2026-08-27T12:16:31Z
Avocado,Avocado,passthrough,46.2,2026-08-27T12:16:31Z
Weekday,Weekday,passthrough,54.5,2026-08-27T12:16:31Z
Pragmatic Leaders (Ankai Inc),Pragmatic Leaders (Ankai Inc),passthrough,45.0,2026-08-27T12:16:31Z
Segments.ai,Segments.ai,passthrough,54.5,2026-08-27T12:16:31Z
Encord,Encord,passthrough,53.3,2026-08-27T12:16:31Z
ClipDrop,ClipDrop,passthrough,42.9,2026-08-27T12:16:31Z
Valink Therapeutics,Valink Therapeutics,passthrough,45.2,2026-08-27T12:16:31Z
Sivo,Sivo,passthrough,50.0,2026-08-27T12:16:31Z
HyperGlue,HyperGlue,passthrough,55.6,2026-08-27T12:16:31Z
Noya,Noya,passthrough,60.0,2026-08-27T12:16:31Z
Cyble,Cyble,passthrough,60.0,2026-08-27T12:16:31Z
Supadock,Supadock,passthrough,50.0,2026-08-27T12:16:31Z
Expent Inc,Expent Inc,passthrough,54.5,2026-08-27T12:16:31Z
Version Story Compare,Version Story Compare,passthrough,52.6,2026-08-27T12:16:31Z
Per Diem,Per Diem,passthrough,58.8,2026-08-27T12:16:31Z
Promoted.ai,Promoted.ai,passthrough,55.6,2026-08-27T12:16:31Z
Emerge Tools,Emerge Tools,passthrough,52.2,2026-08-27T12:16:31Z
Parsagon,Parsagon,passthrough,47.1,2026-08-27T12:16:31Z
Alinea,Alinea,passthrough,61.5,2026-08-27T12:16:31Z
Vapi,Vapi,passthrough,57.1,2026-08-27T12:16:31Z
Quadrant Health,Quadrant Health,passthrough,57.1,2026-08-27T12:16:31Z
Mindee,Mindee,passthrough,62.5,2026-08-27T12:16:31Z
Pangea.app,Pangea.app,passthrough,47.1,2026-08-27T12:16:31Z
Anima,Anima,passthrough,66.7,2026-08-27T12:16:31Z
Popl,Popl,passthrough,44.4,2026-08-27T12:16:31Z
Fathom,Fathom,passthrough,53.3,2026-08-27T12:16:31Z
True3D,True3D,passthrough,40.0,2026-08-27T12:16:31Z
FirstSupport.ai,FirstSupport.ai,passthrough,58.3,2026-08-27T12:16:31Z
Rinsed,Rinsed,passthrough,47.1,2026-08-27T12:16:31Z
Greywing,Greywing,passthrough,47.1,2026-08-27T12:16:31Z
LiveFlow,LiveFlow,passthrough,47.6,2026-08-27T12:16:31Z
Aurabeat,Aurabeat,passthrough,53.3,2026-08-27T12:16:31Z
Invoid,Invoid,passthrough,47.1,2026-08-27T12:16:31Z
Datrics,Datrics,passthrough,82.4,2026-08-27T12:16:31Z
Sendbox,Sendbox,passthrough,54.5,2026-08-27T12:16:31Z
LightTwist,LightTwist,passthrough,42.1,2026-08-27T12:16:31Z
LogisticsOS,LogisticsOS,passthrough,41.7,2026-08-27T12:16:31Z
OpenCode,OpenCode,passthrough,66.7,2026-08-27T12:16:31Z
Flextock,Flextock,passthrough,55.6,2026-08-27T12:16:31Z
Topline Pro,Topline Pro,passthrough,50.0,2026-08-27T12:16:31Z
Quicknode,Quicknode,passthrough,50.0,2026-08-27T12:16:31Z
Codingal,Codingal,passthrough,61.5,2026-08-27T12:16:31Z
Nimbus,Nimbus,passthrough,72.7,2026-08-27T12:16:31Z
Tractian,Tractian,passthrough,53.3,2026-08-27T12:16:31Z
Enable Us,Enable Us,passthrough,52.6,2026-08-27T12:16:31Z
Platypus,Platypus,passthrough,47.1,2026-08-27T12:16:31Z
clicOH,clicOH,passthrough,53.3,2026-08-27T12:16:31Z
Milk Video,Milk Video,passthrough,43.5,2026-08-27T12:16:31Z
Simplify,Simplify,passthrough,58.8,2026-08-27T12:16:31Z
InpharmD,InpharmD,passthrough,50.0,2026-08-27T12:16:31Z
Tint,Tint,passthrough,54.5,2026-08-27T12:16:31Z
Finantier,Finantier,passthrough,50.0,2026-08-27T12:16:31Z
unSurvey,unSurvey,passthrough,57.1,2026-08-27T12:16:31Z
ZOKO,ZOKO,passthrough,40.0,2026-08-27T12:16:31Z
TaoFi,TaoFi,passthrough,50.0,2026-08-27T12:16:31Z
Launcher Labs,Launcher Labs,passthrough,63.6,2026-08-27T12:16:31Z
Reclaim Protocol,Reclaim Protocol,passthrough,46.2,2026-08-27T12:16:31Z
Slash,Slash,passthrough,50.0,2026-08-27T12:16:31Z
Seer,Seer,passthrough,60.0,2026-08-27T12:16:31Z
Feroot Security,Feroot Security,passthrough,48.0,2026-08-27T12:16:31Z
Biodock,Biodock,passthrough,47.1,2026-08-27T12:16:31Z
Venu AI,Venu AI,passthrough,71.4,2026-08-27T12:16:31Z
Compose.ai,Compose.ai,passthrough,70.6,2026-08-27T12:16:31Z
Lamar Health,Lamar Health,passthrough,52.6,2026-08-27T12:16:31Z
Soraban,Soraban,passthrough,62.5,2026-08-27T12:16:31Z
Z1,Z1,passthrough,33.3,2026-08-27T12:16:31Z
Mono,Mono,passthrough,50.0,2026-08-27T12:16:31Z
Codeball,Codeball,passthrough,61.5,2026-08-27T12:16:31Z
Pagaloop,Pagaloop,passthrough,44.4,2026-08-27T12:16:31Z
Chatwoot,Chatwoot,passthrough,57.1,2026-08-27T12:16:31Z
Dataherald,Dataherald,passthrough,50.0,2026-08-27T12:16:31Z
Alpas,Alpas,passthrough,57.1,2026-08-27T12:16:31Z
Rejoy Health,Rejoy Health,passthrough,55.6,2026-08-27T12:16:31Z
Treinta,Treinta,passthrough,54.5,2026-08-27T12:16:31Z
Spline,Spline,passthrough,57.1,2026-08-27T12:16:31Z
BusinessOnBot,BusinessOnBot,passthrough,50.0,2026-08-27T12:16:31Z
Gigs,Gigs,passthrough,40.0,2026-08-27T12:16:31Z
Friz,Friz,passthrough,46.2,2026-08-27T12:16:31Z
Mystic,Mystic,passthrough,53.3,2026-08-27T12:16:31Z
Navattic,Navattic,passthrough,50.0,2026-08-27T12:16:31Z
Estoca,Estoca,passthrough,54.5,2026-08-27T12:16:31Z
Jiga,Jiga,passthrough,46.2,2026-08-27T12:16:31Z
Vendease,Vendease,passthrough,55.6,2026-08-27T12:16:31Z
MarqVision,MarqVision,passthrough,47.1,2026-08-27T12:16:31Z
Turing College,Turing College,passthrough,53.8,2026-08-27T12:16:31Z
Routine,Routine,passthrough,57.1,2026-08-27T12:16:31Z
boitas.com,boitas.com,passthrough,63.2,2026-08-27T12:16:31Z
Moonvalley,Moonvalley,passthrough,53.3,2026-08-27T12:16:31Z
MindPortal,MindPortal,passthrough,58.8,2026-08-27T12:16:31Z
Waydev,Waydev,passthrough,72.7,2026-08-27T12:16:31Z
Triomics,Triomics,passthrough,58.8,2026-08-27T12:16:31Z
Clear,Clear,passthrough,66.7,2026-08-27T12:16:31Z
H3X Technologies,H3X Technologies,passthrough,85.7,2026-08-27T12:16:31Z
SwiftSku,SwiftSku,passthrough,50.0,2026-08-27T12:16:31Z
PipeBio,PipeBio,passthrough,55.6,2026-08-27T12:16:31Z
Terra API,Terra API,passthrough,63.2,2026-08-27T12:16:31Z
AXAR AI,AXAR AI,passthrough,72.7,2026-08-27T12:16:31Z
Ollama,Ollama,passthrough,62.5,2026-08-27T12:16:31Z
Humance,Humance,passthrough,55.6,2026-08-27T12:16:31Z
Journey,Midjourney,fuzzy,100.0,2026-08-27T12:16:31Z
Meru.com,Meru.com,passthrough,70.6,2026-08-27T12:16:31Z
Nano Technologies,Nano Technologies,passthrough,85.7,2026-08-27T12:16:31Z
Openlayer,Openlayer,passthrough,66.7,2026-08-27T12:16:31Z
Slope,Slope,passthrough,60.0,2026-08-27T12:16:31Z
Epsilon3,Epsilon3,passthrough,50.0,2026-08-27T12:16:31Z
Blixo,Blixo,passthrough,44.4,2026-08-27T12:16:31Z
Artillery,Artillery,passthrough,53.3,2026-08-27T12:16:31Z
Legion Health,Legion Health,passthrough,53.8,2026-08-27T12:16:31Z
Odys Aviation,Odys Aviation,passthrough,50.0,2026-08-27T12:16:31Z
Superwall,Superwall,passthrough,55.6,2026-08-27T12:16:31Z
Mindstate Design Labs,Mindstate Design Labs,passthrough,61.5,2026-08-27T12:16:31Z
Serif Health,Serif Health,passthrough,52.2,2026-08-27T12:16:31Z
Deskimo,Deskimo,passthrough,57.1,2026-08-27T12:16:31Z
Abstra,Abstra,passthrough,62.5,2026-08-27T12:16:31Z
Carbonfact,Carbonfact,passthrough,57.1,2026-08-27T12:16:31Z
Varos,Varos,passthrough,44.4,2026-08-27T12:16:31Z
Concord Materials,Concord Materials,passthrough,50.0,2026-08-27T12:16:31Z
Jestor,Jestor,passthrough,50.0,2026-08-27T12:16:31Z
Potion,Potion,passthrough,57.1,2026-08-27T12:16:31Z
Rootly,Rootly,passthrough,50.0,2026-08-27T12:16:31Z
Replo,Replo,passthrough,57.1,2026-08-27T12:16:31Z
FirstQuadrant,FirstQuadrant,passthrough,63.2,2026-08-27T12:16:31Z
Buzzle,Buzzle,passthrough,54.5,2026-08-27T12:16:31Z
Kalam Labs,Kalam Labs,passthrough,73.7,2026-08-27T12:16:31Z
Affogato AI,Affogato AI,passthrough,66.7,2026-08-27T12:16:31Z
Mailmodo,Mailmodo,passthrough,53.3,2026-08-27T12:16:31Z
Coulomb AI,Coulomb AI,passthrough,66.7,2026-08-27T12:16:31Z
ODWEN,ODWEN,passthrough,54.5,2026-08-27T12:16:31Z
Confido,Confido,passthrough,61.5,2026-08-27T12:16:31Z
Instalab,Instalab,passthrough,70.6,2026-08-27T12:16:31Z
Instacrops,Instacrops,passthrough,52.6,2026-08-27T12:16:31Z
Zaz OS,Zaz OS,passthrough,40.0,2026-08-27T12:16:31Z
Parallel Bio,Parallel Bio,passthrough,50.0,2026-08-27T12:16:31Z
BLUUMBIO,BLUUMBIO,passthrough,52.6,2026-08-27T12:16:31Z
Swipe,Swipe,passthrough,54.5,2026-08-27T12:16:31Z
Neodocs,Neodocs,passthrough,46.2,2026-08-27T12:16:31Z
MobileBoost,MobileBoost,passthrough,44.4,2026-08-27T12:16:31Z
RGI Labs,RGI Labs,passthrough,70.6,2026-08-27T12:16:31Z
Sleek,Sleek,passthrough,60.0,2026-08-27T12:16:31Z
Soco,Soco,passthrough,66.7,2026-08-27T12:16:31Z
Bite Ninja,Bite Ninja,passthrough,47.1,2026-08-27T12:16:31Z
Anakin,Anakin,passthrough,66.7,2026-08-27T12:16:31Z
SnapCalorie,SnapCalorie,passthrough,62.5,2026-08-27T12:16:31Z
Lago,Lago,passthrough,50.0,2026-08-27T12:16:31Z
Dailybot,Dailybot,passthrough,47.6,2026-08-27T12:16:31Z
Tablevibe,Tablevibe,passthrough,62.5,2026-08-27T12:16:31Z
Lariat Data,Lariat Data,passthrough,60.9,2026-08-27T12:16:31Z
Patterns,Patterns,passthrough,52.6,2026-08-27T12:16:31Z
Tavus,Tavus,passthrough,42.9,2026-08-27T12:16:31Z
Konta.com,Konta.com,passthrough,73.7,2026-08-27T12:16:31Z
SafeBeat,SafeBeat,passthrough,53.3,2026-08-27T12:16:31Z
trii,trii,passthrough,46.2,2026-08-27T12:16:31Z
Verihubs,Verihubs,passthrough,50.0,2026-08-27T12:16:31Z
Secoda,Secoda,passthrough,66.7,2026-08-27T12:16:31Z
Kaya,Kaya,passthrough,54.5,2026-08-27T12:16:31Z
Aqua,Aqua,passthrough,54.5,2026-08-27T12:16:31Z
SalaryBox,SalaryBox,passthrough,50.0,2026-08-27T12:16:31Z
Redbean,Redbean,passthrough,54.5,2026-08-27T12:16:31Z
Sentiyen,Sentiyen,passthrough,47.1,2026-08-27T12:16:31Z
Jovian,Jovian,passthrough,66.7,2026-08-27T12:16:31Z
Hyperbrowser,Hyperbrowser,passthrough,50.0,2026-08-27T12:16:31Z
SenpAI.GG,SenpAI.GG,passthrough,53.3,2026-08-27T12:16:31Z
Pluggy,Pluggy,passthrough,40.0,2026-08-27T12:16:31Z
Perfekto,Perfekto,passthrough,55.6,2026-08-27T12:16:31Z
AI Tech Packs,AI Tech Packs,passthrough,66.7,2026-08-27T12:16:31Z
Warpfy,Warpfy,passthrough,54.5,2026-08-27T12:16:31Z
Tiriel AI,Tiriel AI,passthrough,66.7,2026-08-27T12:16:31Z
Cloudanix,Cloudanix,passthrough,53.3,2026-08-27T12:16:31Z
DigiBuild,DigiBuild,passthrough,44.4,2026-08-27T12:16:31Z
OneStopKitchen,OneStopKitchen,passthrough,52.2,2026-08-27T12:16:31Z
Cero,Cero,passthrough,60.0,2026-08-27T12:16:31Z
WarpBuild,WarpBuild,passthrough,57.1,2026-08-27T12:16:31Z
MindFi,MindFi,passthrough,57.1,2026-08-27T12:16:31Z
Scispot,Scispot,passthrough,46.2,2026-08-27T12:16:31Z
Mable,Mable,passthrough,60.0,2026-08-27T12:16:31Z
LemFi,LemFi,passthrough,50.0,2026-08-27T12:16:31Z
Coinrule,Coinrule,passthrough,57.1,2026-08-27T12:16:31Z
Sequin,Sequin,passthrough,60.0,2026-08-27T12:16:31Z
Malloc Inc,Malloc Inc,passthrough,54.5,2026-08-27T12:16:31Z
Milky Way AI,Milky Way AI,passthrough,66.7,2026-08-27T12:16:31Z
Whalesync,Whalesync,passthrough,53.3,2026-08-27T12:16:31Z
ShipBlu,ShipBlu,passthrough,50.0,2026-08-27T12:16:31Z
GetDot,GetDot,passthrough,50.0,2026-08-27T12:16:31Z
CoLoop,CoLoop,passthrough,50.0,2026-08-27T12:16:31Z
Miniloop,Miniloop,passthrough,44.4,2026-08-27T12:16:31Z
OneSchema,OneSchema,passthrough,53.3,2026-08-27T12:16:31Z
Stardex,Stardex,passthrough,50.0,2026-08-27T12:16:31Z
Forage Mail,Forage Mail,passthrough,54.5,2026-08-27T12:16:31Z
Aleph Solutions (Alephee),Aleph Solutions (Alephee),passthrough,72.0,2026-08-27T12:16:31Z
Vinco,Vinco,passthrough,61.5,2026-08-27T12:16:31Z
Protex AI,Protex AI,passthrough,66.7,2026-08-27T12:16:31Z
Freterium,Freterium,passthrough,50.0,2026-08-27T12:16:31Z
Mine,Mine,passthrough,57.1,2026-08-27T12:16:31Z
Harmonic Discovery,Harmonic Discovery,passthrough,46.7,2026-08-27T12:16:31Z
Flowly,Flowly,passthrough,40.0,2026-08-27T12:16:31Z
Zensors,Zensors,passthrough,46.2,2026-08-27T12:16:31Z
Evidently AI,Evidently AI,passthrough,66.7,2026-08-27T12:16:31Z
Heimdal,Heimdal,passthrough,66.7,2026-08-27T12:16:31Z
aSim,aSim,passthrough,57.1,2026-08-27T12:16:31Z
Adaptyv,Adaptyv,passthrough,66.7,2026-08-27T12:16:31Z
Spark Studio,Spark Studio,passthrough,52.6,2026-08-27T12:16:31Z
Meticulous,Meticulous,passthrough,44.4,2026-08-27T12:16:31Z
Mentum,Mentum,passthrough,46.2,2026-08-27T12:16:31Z
outloud.ai,outloud.ai,passthrough,50.0,2026-08-27T12:16:31Z
Writesonic,Writesonic,passthrough,47.6,2026-08-27T12:16:31Z
Matrubials,Matrubials,passthrough,58.8,2026-08-27T12:16:31Z
Float,Float,passthrough,44.4,2026-08-27T12:16:31Z
Mach9,Mach9,passthrough,44.4,2026-08-27T12:16:31Z
Revery AI,Revery AI,passthrough,77.8,2026-08-27T12:16:31Z
Tenyks,Tenyks,passthrough,42.9,2026-08-27T12:16:31Z
Adni,Adni,passthrough,57.1,2026-08-27T12:16:31Z
Telmai,Telmai,passthrough,60.0,2026-08-27T12:16:31Z
Hudson Labs (formerly Bedrock AI),Hudson Labs (formerly Bedrock AI),passthrough,82.4,2026-08-27T12:16:31Z
Waterplan,Waterplan,passthrough,52.6,2026-08-27T12:16:31Z
Ferveret,Ferveret,passthrough,50.0,2026-08-27T12:16:31Z
Zuma,Zuma,passthrough,75.0,2026-08-27T12:16:31Z
Vibe Kanban,Vibe Kanban,passthrough,55.6,2026-08-27T12:16:31Z
Caire Health,Caire Health,passthrough,54.5,2026-08-27T12:16:31Z
Baubap,Baubap,passthrough,46.2,2026-08-27T12:16:31Z
Shape,Shape,passthrough,60.0,2026-08-27T12:16:31Z
idemeum,idemeum,passthrough,57.1,2026-08-27T12:16:31Z
Byte Kitchen,Byte Kitchen,passthrough,50.0,2026-08-27T12:16:31Z
StrideQ,StrideQ,passthrough,50.0,2026-08-27T12:16:31Z
ContraForce,ContraForce,passthrough,50.0,2026-08-27T12:16:31Z
Output Biosciences,Output Biosciences,passthrough,41.2,2026-08-27T12:16:31Z
CellChorus,CellChorus,passthrough,44.4,2026-08-27T12:16:31Z
Hirebolt,Hirebolt,passthrough,47.1,2026-08-27T12:16:31Z
Opkit,Opkit,passthrough,54.5,2026-08-27T12:16:31Z
Squire.ai,Squire.ai,passthrough,66.7,2026-08-27T12:16:31Z
SFA Therapeutics,SFA Therapeutics,passthrough,56.0,2026-08-27T12:16:31Z
Spoken,Spoken,passthrough,50.0,2026-08-27T12:16:31Z
Bytebot,Bytebot,passthrough,42.1,2026-08-27T12:16:31Z
BlackOakTV,BlackOakTV,passthrough,45.5,2026-08-27T12:16:31Z
Adravision,Adravision,passthrough,53.8,2026-08-27T12:16:31Z
Medium Biosciences,Medium Biosciences,passthrough,47.1,2026-08-27T12:16:31Z
FirstIgnite,FirstIgnite,passthrough,52.2,2026-08-27T12:16:31Z
Verano Health,Verano Health,passthrough,50.0,2026-08-27T12:16:31Z
Stepful,Stepful,passthrough,42.9,2026-08-27T12:16:31Z
Satsuma,Satsuma,passthrough,62.5,2026-08-27T12:16:31Z
Nash,Nash,passthrough,46.2,2026-08-27T12:16:31Z
Lightly,Lightly,passthrough,50.0,2026-08-27T12:16:31Z
Pide Directo,Pide Directo,passthrough,50.0,2026-08-27T12:16:31Z
Safer Management,Safer Management,passthrough,44.4,2026-08-27T12:16:31Z
Exa,Exa,passthrough,66.7,2026-08-27T12:16:31Z
Sully.ai,Sully.ai,passthrough,60.0,2026-08-27T12:16:31Z
Mecho Autotech,Mecho Autotech,passthrough,48.0,2026-08-27T12:16:31Z
Andi,Andi,passthrough,66.7,2026-08-27T12:16:31Z
Emerge Career,Emerge Career,passthrough,48.3,2026-08-27T12:16:31Z
Attack Capital,Attack Capital,passthrough,50.0,2026-08-27T12:16:31Z
Uberduck,Uberduck,passthrough,44.4,2026-08-27T12:16:31Z
Keylika,Keylika,passthrough,54.5,2026-08-27T12:16:31Z
Compra Rápida,Compra Rápida,passthrough,54.5,2026-08-27T12:16:31Z
SilkChart,SilkChart,passthrough,57.1,2026-08-27T12:16:31Z
TigerEye,TigerEye,passthrough,57.1,2026-08-27T12:16:31Z
Redbird,Redbird,passthrough,53.3,2026-08-27T12:16:31Z
Agave,Agave,passthrough,60.0,2026-08-27T12:16:31Z
Strac,Strac,passthrough,66.7,2026-08-27T12:16:31Z
Pelm,Pelm,passthrough,50.0,2026-08-27T12:16:31Z
Moots,Moots,passthrough,54.5,2026-08-27T12:16:31Z
Capuchin,Capuchin,passthrough,58.8,2026-08-27T12:16:31Z
Sieve,Sieve,passthrough,46.2,2026-08-27T12:16:31Z
PolicyFly,PolicyFly,passthrough,44.4,2026-08-27T12:16:31Z
Lumina,Lumina,passthrough,80.0,2026-08-27T12:16:31Z
Trellus,Trellus,passthrough,47.1,2026-08-27T12:16:31Z
WeReno,WeReno,passthrough,50.0,2026-08-27T12:16:31Z
Rosebud Biosciences,Rosebud Biosciences,passthrough,40.0,2026-08-27T12:16:31Z
VantedgeAI,VantedgeAI,passthrough,55.6,2026-08-27T12:16:31Z
Starling,Starling,passthrough,58.8,2026-08-27T12:16:31Z
Momento,Momento,passthrough,47.1,2026-08-27T12:16:31Z
PromptLoop,PromptLoop,passthrough,40.0,2026-08-27T12:16:31Z
Actipulse Neuroscience,Actipulse Neuroscience,passthrough,45.7,2026-08-27T12:16:31Z
Craniometrix,Craniometrix,passthrough,52.2,2026-08-27T12:16:31Z
Cherry Recommends,Cherry Recommends,passthrough,59.3,2026-08-27T12:16:31Z
Cozmo AI,Cozmo AI,passthrough,66.7,2026-08-27T12:16:31Z
Anthropic,Anthropic,exact,100.0,2026-08-27T12:16:31Z
iCracked,iCracked,passthrough,60.0,2026-08-27T12:51:33Z
BookSolid,BookSolid,passthrough,42.1,2026-08-27T12:51:33Z
Marft,Marft,passthrough,44.4,2026-08-27T12:51:33Z
Matterport,Matterport,passthrough,53.3,2026-08-27T12:51:33Z
Shoptiques,Shoptiques,passthrough,44.4,2026-08-27T12:51:33Z
Tilt,Tilt,passthrough,61.5,2026-08-27T12:51:33Z
Flutter,Flutter,passthrough,53.3,2026-08-27T12:51:33Z
YourMechanic,YourMechanic,passthrough,47.6,2026-08-27T12:51:33Z
Glider,Glider,passthrough,54.5,2026-08-27T12:51:33Z
GiveSpark,GiveSpark,passthrough,44.4,2026-08-27T12:51:33Z
Shopular,Shopular,passthrough,42.9,2026-08-27T12:51:33Z
Streak,Streak,passthrough,61.5,2026-08-27T12:51:33Z
AgileMD,AgileMD,passthrough,57.1,2026-08-27T12:51:33Z
Zenbox,Zenbox,passthrough,42.1,2026-08-27T12:51:33Z
Sift,Sift,passthrough,46.2,2026-08-27T12:51:33Z
LeadGenius,LeadGenius,passthrough,53.3,2026-08-27T12:51:33Z
Perfect Audience,Perfect Audience,passthrough,55.2,2026-08-27T12:51:33Z
Userfox,Userfox,passthrough,46.2,2026-08-27T12:51:33Z
Inporia,Inporia,passthrough,52.6,2026-08-27T12:51:33Z
Beetailer,Beetailer,passthrough,50.0,2026-08-27T12:51:33Z
Talkable,Talkable,passthrough,53.3,2026-08-27T12:51:33Z
Custora,Custora,passthrough,76.9,2026-08-27T12:51:33Z
Humble Bundle,Humble Bundle,passthrough,41.7,2026-08-27T12:51:33Z
Flotype,Flotype,passthrough,46.2,2026-08-27T12:51:33Z
Fivestars,Fivestars,passthrough,50.0,2026-08-27T12:51:33Z
Mailgun,Mailgun,passthrough,57.1,2026-08-27T12:51:33Z
TalkBin,TalkBin,passthrough,71.4,2026-08-27T12:51:33Z
SimplyListed,SimplyListed,passthrough,47.6,2026-08-27T12:51:33Z
Presto,Presto,passthrough,50.0,2026-08-27T12:51:33Z
Teevox,Teevox,passthrough,42.9,2026-08-27T12:51:33Z
Rapportive,Rapportive,passthrough,50.0,2026-08-27T12:51:33Z
GazeHawk,GazeHawk,passthrough,46.2,2026-08-27T12:51:33Z
Post.fm,Post.fm,passthrough,43.5,2026-08-27T12:51:33Z
Mertado,Mertado,passthrough,42.9,2026-08-27T12:51:33Z
500Friends,500Friends,passthrough,44.4,2026-08-27T12:51:33Z
Fabricly,Fabricly,passthrough,58.8,2026-08-27T12:51:33Z
Fithub,Fithub,passthrough,50.0,2026-08-27T12:51:33Z
Directed Edge,Directed Edge,passthrough,50.0,2026-08-27T12:51:33Z
Olark,Olark,passthrough,50.0,2026-08-27T12:51:33Z
Instantq,Instantq,passthrough,53.3,2026-08-27T12:51:33Z
Wattvision,Wattvision,passthrough,47.1,2026-08-27T12:51:33Z
Volantio,Volantio,passthrough,50.0,2026-08-27T12:51:33Z
reMail,reMail,passthrough,61.5,2026-08-27T12:51:33Z
Posterous,Posterous,passthrough,48.0,2026-08-27T12:51:33Z
Frogmetrics,Frogmetrics,passthrough,54.5,2026-08-27T12:51:33Z
JustSpotted,JustSpotted,passthrough,47.1,2026-08-27T12:51:33Z
Claimspotting,Claimspotting,passthrough,43.5,2026-08-27T12:51:33Z
Zenter,Zenter,passthrough,57.1,2026-08-27T12:51:33Z
Scribd,Scribd,passthrough,46.2,2026-08-27T12:51:33Z
Twitch,Twitch,passthrough,47.1,2026-08-27T12:51:33Z
ZeroMailer,ZeroMailer,passthrough,50.0,2026-08-27T12:51:33Z
Canopy Labs,Canopy Labs,passthrough,61.5,2026-08-27T12:51:33Z
Zentail,Zentail,passthrough,61.5,2026-08-27T12:51:33Z
Soylent,Soylent,passthrough,50.0,2026-08-27T12:51:33Z
Vayable,Vayable,passthrough,66.7,2026-08-27T12:51:33Z
Hipset,Hipset,passthrough,46.2,2026-08-27T12:51:33Z
Keychain Logistics,Keychain Logistics,passthrough,57.1,2026-08-27T12:51:33Z
Tastemaker,Tastemaker,passthrough,50.0,2026-08-27T12:51:33Z
Celery,Celery,passthrough,57.1,2026-08-27T12:51:33Z
GetGoing,GetGoing,passthrough,52.6,2026-08-27T12:51:33Z
Plivo,Plivo,passthrough,46.2,2026-08-27T12:51:33Z
Thread,Thread,passthrough,60.0,2026-08-27T12:51:33Z
StyleUp,StyleUp,passthrough,50.0,2026-08-27T12:51:33Z
Swish,Swish,passthrough,46.2,2026-08-27T12:51:33Z
Cheetah,Cheetah,passthrough,61.5,2026-08-27T12:51:33Z
RADAR,RADAR,passthrough,50.0,2026-08-27T12:51:33Z
BeatDeck,BeatDeck,passthrough,50.0,2026-08-27T12:51:33Z
FlightCar,FlightCar,passthrough,53.3,2026-08-27T12:51:33Z
Semantics3,Semantics3,passthrough,52.6,2026-08-27T12:51:33Z
Teespring,Teespring,passthrough,58.8,2026-08-27T12:51:33Z
Airware,Airware,passthrough,62.5,2026-08-27T12:51:33Z
Posmetrics,Posmetrics,passthrough,50.0,2026-08-27T12:51:33Z
Crowdery,Crowdery,passthrough,57.1,2026-08-27T12:51:33Z
EasyPost,EasyPost,passthrough,50.0,2026-08-27T12:51:33Z
"Estimote, Inc.","Estimote, Inc.",passthrough,50.0,2026-08-27T12:51:33Z
Hum,Hum,passthrough,57.1,2026-08-27T12:51:33Z
Cratejoy,Cratejoy,passthrough,52.6,2026-08-27T12:51:33Z
Casetext,Casetext,passthrough,47.6,2026-08-27T12:51:33Z
LocalOn,LocalOn,passthrough,50.0,2026-08-27T12:51:33Z
Lob,Lob,passthrough,36.4,2026-08-27T12:51:33Z
Butter Systems,Butter Systems,passthrough,66.7,2026-08-27T12:51:33Z
42,42,passthrough,33.3,2026-08-27T12:51:33Z
AirHelp,AirHelp,passthrough,57.1,2026-08-27T12:51:33Z
Two Tap,Two Tap,passthrough,50.0,2026-08-27T12:51:33Z
Noora Health,Noora Health,passthrough,46.7,2026-08-27T12:51:33Z
Threadable,Threadable,passthrough,55.6,2026-08-27T12:51:33Z
Cruise,Cruise,passthrough,50.0,2026-08-27T12:51:33Z
Eventjoy,Eventjoy,passthrough,47.6,2026-08-27T12:51:33Z
Flexport,Flexport,passthrough,46.2,2026-08-27T12:51:33Z
Emailio,Emailio,passthrough,50.0,2026-08-27T12:51:33Z
Theorem,Theorem,passthrough,61.5,2026-08-27T12:51:33Z
Liftigniter,Liftigniter,passthrough,54.5,2026-08-27T12:51:33Z
Rickshaw,Rickshaw,passthrough,55.6,2026-08-27T12:51:33Z
Shoobs,Shoobs,passthrough,43.5,2026-08-27T12:51:33Z
Shopagram,Shopagram,passthrough,50.0,2026-08-27T12:51:33Z
Unicornly,Unicornly,passthrough,52.6,2026-08-27T12:51:33Z
Wit.ai,Wit.ai,passthrough,71.4,2026-08-27T12:51:33Z
Zinc,Zinc,passthrough,50.0,2026-08-27T12:51:33Z
Gobble,Gobble,passthrough,54.5,2026-08-27T12:51:33Z
Unbabel,Unbabel,passthrough,53.3,2026-08-27T12:51:33Z
MixerBox,MixerBox,passthrough,44.4,2026-08-27T12:51:33Z
OpenCurriculum,OpenCurriculum,passthrough,58.3,2026-08-27T12:51:33Z
Dyspatch,Dyspatch,passthrough,52.6,2026-08-27T12:51:33Z
Whirlscape,Whirlscape,passthrough,55.6,2026-08-27T12:51:33Z
SpringWit,SpringWit,passthrough,45.5,2026-08-27T12:51:33Z
Checkr,Checkr,passthrough,66.7,2026-08-27T12:51:33Z
PersistIQ,PersistIQ,passthrough,54.5,2026-08-27T12:51:33Z
Flytenow,Flytenow,passthrough,47.1,2026-08-27T12:51:33Z
GovPredict,GovPredict,passthrough,52.6,2026-08-27T12:51:33Z
VizeraLabs,VizeraLabs,passthrough,60.0,2026-08-27T12:51:33Z
MTailor,MTailor,passthrough,57.1,2026-08-27T12:51:33Z
Naytev,Naytev,passthrough,54.5,2026-08-27T12:51:33Z
Neptune.io,Neptune.io,passthrough,66.7,2026-08-27T12:51:33Z
PicnicAI,PicnicAI,passthrough,57.1,2026-08-27T12:51:33Z
UserGems,UserGems,passthrough,50.0,2026-08-27T12:51:33Z
ShipBob,ShipBob,passthrough,42.1,2026-08-27T12:51:33Z
SalesSift,SalesSift,passthrough,62.5,2026-08-27T12:51:33Z
Hive,Hive,passthrough,60.0,2026-08-27T12:51:33Z
Tule,Tule,passthrough,44.4,2026-08-27T12:51:33Z
Weave,Weave,passthrough,80.0,2026-08-27T12:51:33Z
Whirl,Whirl,passthrough,50.0,2026-08-27T12:51:33Z
Qventus,Qventus,passthrough,47.1,2026-08-27T12:51:33Z
Pomello,Pomello,passthrough,44.4,2026-08-27T12:51:33Z
20n,20n,passthrough,28.6,2026-08-27T12:51:33Z
Akido Labs,Akido Labs,passthrough,73.7,2026-08-27T12:51:33Z
Magic,Magic,passthrough,50.0,2026-08-27T12:51:33Z
Bizzy,Bizzy,passthrough,42.9,2026-08-27T12:51:33Z
Numerion Labs,Numerion Labs,passthrough,63.6,2026-08-27T12:51:33Z
Zeitview,Zeitview,passthrough,50.0,2026-08-27T12:51:33Z
GiveMeTap,GiveMeTap,passthrough,42.9,2026-08-27T12:51:33Z
GrubMarket,GrubMarket,passthrough,50.0,2026-08-27T12:51:33Z
Platzi,Platzi,passthrough,53.3,2026-08-27T12:51:33Z
Pachyderm,Pachyderm,passthrough,55.6,2026-08-27T12:51:33Z
Pakible,Pakible,passthrough,53.3,2026-08-27T12:51:33Z
Paperspace,Paperspace,passthrough,52.6,2026-08-27T12:51:33Z
BuildScience,BuildScience,passthrough,45.5,2026-08-27T12:51:33Z
Shift Messenger,Shift Messenger,passthrough,41.7,2026-08-27T12:51:33Z
Smarking,Smarking,passthrough,47.1,2026-08-27T12:51:33Z
Tempo,Tempo,passthrough,40.0,2026-08-27T12:51:33Z
Mobydish,Mobydish,passthrough,46.2,2026-08-27T12:51:33Z
Rare Door,Rare Door,passthrough,44.4,2026-08-27T12:51:33Z
Resolve,Resolve,passthrough,50.0,2026-08-27T12:51:33Z
Yhat,Yhat,passthrough,46.2,2026-08-27T12:51:33Z
Dealyze,Dealyze,passthrough,50.0,2026-08-27T12:51:33Z
Giveffect,Giveffect,passthrough,52.6,2026-08-27T12:51:33Z
Meadow,Meadow,passthrough,42.9,2026-08-27T12:51:33Z
Moltin,Moltin,passthrough,54.5,2026-08-27T12:51:33Z
Outbound,Outbound,passthrough,42.1,2026-08-27T12:51:33Z
Dabble,Dabble,passthrough,54.5,2026-08-27T12:51:33Z
SigOpt,SigOpt,passthrough,46.2,2026-08-27T12:51:33Z
Standard Cyborg,Standard Cyborg,passthrough,44.4,2026-08-27T12:51:33Z
X-Zell,X-Zell,passthrough,47.1,2026-08-27T12:51:33Z
Tara AI,Tara AI,passthrough,71.4,2026-08-27T12:51:33Z
Replika,Replika,passthrough,75.0,2026-08-27T12:51:33Z
Lumi,Lumi,passthrough,75.0,2026-08-27T12:51:33Z
Mashgin,Mashgin,passthrough,52.6,2026-08-27T12:51:33Z
Serica,Serica,passthrough,54.5,2026-08-27T12:51:33Z
Ironclad,Ironclad,passthrough,50.0,2026-08-27T12:51:33Z
Assembly,Assembly,passthrough,50.0,2026-08-27T12:51:33Z
ROSS Intelligence,ROSS Intelligence,passthrough,52.6,2026-08-27T12:51:33Z
SnapMagic,SnapMagic,passthrough,50.0,2026-08-27T12:51:33Z
Branch8,Branch8,passthrough,55.6,2026-08-27T12:51:33Z
Shotput,Shotput,passthrough,37.5,2026-08-27T12:51:33Z
Foxpass,Foxpass,passthrough,46.2,2026-08-27T12:51:33Z
Thrive Agritech,Thrive Agritech,passthrough,58.3,2026-08-27T12:51:33Z
Verge Genomics,Verge Genomics,passthrough,50.0,2026-08-27T12:51:33Z
Bistrobot,Bistrobot,passthrough,50.0,2026-08-27T12:51:33Z
GiveCampus,GiveCampus,passthrough,42.1,2026-08-27T12:51:33Z
Leada,Leada,passthrough,60.0,2026-08-27T12:51:33Z
Microhealth,Microhealth,passthrough,55.6,2026-08-27T12:51:33Z
Ohm,Ohm,passthrough,46.2,2026-08-27T12:51:33Z
Fountain,Fountain,passthrough,57.1,2026-08-27T12:51:33Z
Prayas Analytics,Prayas Analytics,passthrough,48.0,2026-08-27T12:51:33Z
Reduced Energy Microsystems,Reduced Energy Microsystems,passthrough,51.2,2026-08-27T12:51:33Z
Shape (ShapeScale),Shape (ShapeScale),passthrough,58.3,2026-08-27T12:51:33Z
Go1,Go1,passthrough,57.1,2026-08-27T12:51:33Z
Maderight,Maderight,passthrough,57.1,2026-08-27T12:51:33Z
The Ticket Fairy,The Ticket Fairy,passthrough,51.9,2026-08-27T12:51:33Z
Nebia,Nebia,passthrough,57.1,2026-08-27T12:51:33Z
VOIQ,VOIQ,passthrough,50.0,2026-08-27T12:51:33Z
Deepgram,Deepgram,passthrough,62.5,2026-08-27T12:51:33Z
iSono Health,iSono Health,passthrough,52.6,2026-08-27T12:51:33Z
Tovala,Tovala,passthrough,54.5,2026-08-27T12:51:33Z
Daily,Daily,passthrough,60.0,2026-08-27T12:51:33Z
Algoriz,Algoriz,passthrough,42.9,2026-08-27T12:51:33Z
Focal Systems,Focal Systems,passthrough,70.0,2026-08-27T12:51:33Z
Able Health,Able Health,passthrough,66.7,2026-08-27T12:51:33Z
Gigwell,Gigwell,passthrough,46.2,2026-08-27T12:51:33Z
Pulpix,Pulpix,passthrough,40.0,2026-08-27T12:51:33Z
Revl,Revl,passthrough,50.0,2026-08-27T12:51:33Z
MailTime,MailTime,passthrough,53.3,2026-08-27T12:51:33Z
Netomi,Netomi,passthrough,53.3,2026-08-27T12:51:33Z
Superside,Superside,passthrough,55.6,2026-08-27T12:51:33Z
Function of Beauty,Function of Beauty,passthrough,51.6,2026-08-27T12:51:33Z
Podium,Podium,passthrough,76.9,2026-08-27T12:51:33Z
Gecko Robotics,Gecko Robotics,passthrough,43.8,2026-08-27T12:51:33Z
GoLorry,GoLorry,passthrough,40.0,2026-08-27T12:51:33Z
HistoWiz,HistoWiz,passthrough,47.1,2026-08-27T12:51:33Z
Caper,Caper,passthrough,72.7,2026-08-27T12:51:33Z
Georgette Packaging,Georgette Packaging,passthrough,46.7,2026-08-27T12:51:33Z
Kisan Network,Kisan Network,passthrough,46.2,2026-08-27T12:51:33Z
Pathmind,Pathmind,passthrough,62.5,2026-08-27T12:51:33Z
Unnyhog,Unnyhog,passthrough,54.5,2026-08-27T12:51:33Z
Sendbird,Sendbird,passthrough,46.2,2026-08-27T12:51:33Z
Relativity Space,Relativity Space,passthrough,50.0,2026-08-27T12:51:33Z
Boom,Boom,passthrough,50.0,2026-08-27T12:51:33Z
Nova,Nova,passthrough,61.5,2026-08-27T12:51:33Z
Modal,Modal,exact,100.0,2026-08-27T12:51:33Z
flexEngage,flexEngage,passthrough,50.0,2026-08-27T12:51:33Z
Qvin,Qvin,passthrough,46.2,2026-08-27T12:51:33Z
Mindori,Mindori,passthrough,58.8,2026-08-27T12:51:33Z
Vetcove,Vetcove,passthrough,53.3,2026-08-27T12:51:33Z
Selfycart,Selfycart,passthrough,55.6,2026-08-27T12:51:33Z
Joy,Joy,passthrough,46.2,2026-08-27T12:51:33Z
Upgraded,Upgraded,passthrough,46.2,2026-08-27T12:51:33Z
Rose Rocket,Rose Rocket,passthrough,47.1,2026-08-27T12:51:33Z
Farmstead,Farmstead,passthrough,52.6,2026-08-27T12:51:33Z
Sway Finance,Sway Finance,passthrough,50.0,2026-08-27T12:51:33Z
Iris Automation,Iris Automation,passthrough,51.6,2026-08-27T12:51:33Z
OneChronos,OneChronos,passthrough,57.1,2026-08-27T12:51:33Z
Haywheel,Haywheel,passthrough,58.8,2026-08-27T12:51:33Z
The Flex Company,The Flex Company,passthrough,50.0,2026-08-27T12:51:33Z
garten,garten,passthrough,54.5,2026-08-27T12:51:33Z
Mosaix.ai,Mosaix.ai,passthrough,63.2,2026-08-27T12:51:33Z
Burrow,Burrow,passthrough,50.0,2026-08-27T12:51:33Z
NeoWize,NeoWize,passthrough,53.3,2026-08-27T12:51:33Z
Airo Health,Airo Health,passthrough,55.6,2026-08-27T12:51:33Z
Synvivia,Synvivia,passthrough,58.8,2026-08-27T12:51:33Z
Meesho,Meesho,passthrough,42.9,2026-08-27T12:51:33Z
Seerslab,Seerslab,passthrough,55.6,2026-08-27T12:51:33Z
Miso,Miso,passthrough,54.5,2026-08-27T12:51:33Z
Athelas,Athelas,passthrough,50.0,2026-08-27T12:51:33Z
Curtsy,Curtsy,passthrough,66.7,2026-08-27T12:51:33Z
CrowdAI,CrowdAI,passthrough,61.5,2026-08-27T12:51:33Z
Saleswhale,Saleswhale,passthrough,60.0,2026-08-27T12:51:33Z
Polymail,Polymail,passthrough,57.1,2026-08-27T12:51:33Z
Scale AI,Scale AI,exact,100.0,2026-08-27T12:51:33Z
People.ai,People.ai,passthrough,72.7,2026-08-27T12:51:33Z
Elemeno Health,Elemeno Health,passthrough,56.0,2026-08-27T12:51:33Z
ClassDojo,ClassDojo,passthrough,42.1,2026-08-27T12:51:33Z
SkyLights,SkyLights,passthrough,48.0,2026-08-27T12:51:33Z
Voiceops,Voiceops,passthrough,53.3,2026-08-27T12:51:33Z
Trade,Trade,passthrough,60.0,2026-08-27T12:51:33Z
Speak,Speak,passthrough,57.1,2026-08-27T12:51:33Z
Bountiful,Bountiful,passthrough,40.0,2026-08-27T12:51:33Z
Cowlar,Cowlar,passthrough,53.3,2026-08-27T12:51:33Z
Scribe,Scribe,passthrough,54.5,2026-08-27T12:51:33Z
Riley,Riley,passthrough,54.5,2026-08-27T12:51:33Z
Pit.AI,Pit.AI,passthrough,63.2,2026-08-27T12:51:33Z
Shipamax,Shipamax,passthrough,47.1,2026-08-27T12:51:33Z
MDalgorithms Inc.,MDalgorithms Inc.,passthrough,57.1,2026-08-27T12:51:33Z
Tress,Tress,passthrough,46.2,2026-08-27T12:51:33Z
Entry,Entry,passthrough,46.2,2026-08-27T12:51:33Z
RankScience,RankScience,passthrough,55.6,2026-08-27T12:51:33Z
Ambient.ai,Ambient.ai,passthrough,66.7,2026-08-27T12:51:33Z
Penny,Penny,passthrough,54.5,2026-08-27T12:51:33Z
Firsthand,Firsthand,passthrough,50.0,2026-08-27T12:51:33Z
"Veryfi, Inc.","Veryfi, Inc.",passthrough,53.3,2026-08-27T12:51:33Z
Wright Electric,Wright Electric,passthrough,45.2,2026-08-27T12:51:33Z
AlemHealth,AlemHealth,passthrough,70.0,2026-08-27T12:51:33Z
Supr Daily,Supr Daily,passthrough,63.2,2026-08-27T12:51:33Z
Bulk MRO Industrial Supply,Bulk MRO Industrial Supply,passthrough,38.9,2026-08-27T12:51:33Z
Tetra,Tetra,passthrough,62.5,2026-08-27T12:51:33Z
FloydHub,FloydHub,passthrough,40.0,2026-08-27T12:51:33Z
Bulletin,Bulletin,passthrough,55.6,2026-08-27T12:51:33Z
BIOS Health,BIOS Health,passthrough,47.6,2026-08-27T12:51:33Z
NanoNets,NanoNets,passthrough,53.3,2026-08-27T12:51:33Z
Bicycle AI,Bicycle AI,passthrough,66.7,2026-08-27T12:51:33Z
UpKeep,UpKeep,passthrough,42.9,2026-08-27T12:51:33Z
SourceBeacon,SourceBeacon,passthrough,66.7,2026-08-27T12:51:33Z
Faire,Faire,passthrough,72.7,2026-08-27T12:51:33Z
Ridecell,Ridecell,passthrough,52.6,2026-08-27T12:51:33Z
Mirror AI,Mirror AI,passthrough,66.7,2026-08-27T12:51:33Z
Helix Nanotechnologies,Helix Nanotechnologies,passthrough,76.9,2026-08-27T12:51:33Z
ScopeAI,ScopeAI,passthrough,76.9,2026-08-27T12:51:33Z
Jerry,Jerry,passthrough,54.5,2026-08-27T12:51:33Z
Passerine Aircraft,Passerine Aircraft,passthrough,53.3,2026-08-27T12:51:33Z
Skyways,Skyways,passthrough,50.0,2026-08-27T12:51:33Z
Nobell Foods,Nobell Foods,passthrough,37.5,2026-08-27T12:51:33Z
VergeSense,VergeSense,passthrough,50.0,2026-08-27T12:51:33Z
AutoHub,AutoHub,passthrough,44.4,2026-08-27T12:51:33Z
Releaf Earth,Releaf Earth,passthrough,52.6,2026-08-27T12:51:33Z
UpCodes,UpCodes,passthrough,57.1,2026-08-27T12:51:33Z
Standard AI,Standard AI,passthrough,66.7,2026-08-27T12:51:33Z
Nimble,Nimble,passthrough,72.7,2026-08-27T12:51:33Z
Darmiyan,Darmiyan,passthrough,58.8,2026-08-27T12:51:33Z
Flock Safety,Flock Safety,passthrough,41.7,2026-08-27T12:51:33Z
Mystro,Mystro,passthrough,61.5,2026-08-27T12:51:33Z
Semantix,Semantix,passthrough,53.3,2026-08-27T12:51:33Z
Plasticity,Plasticity,passthrough,63.6,2026-08-27T12:51:33Z
Slik,Slik,passthrough,54.5,2026-08-27T12:51:33Z
Cairns Health,Cairns Health,passthrough,52.2,2026-08-27T12:51:33Z
Pop Meals,Pop Meals,passthrough,50.0,2026-08-27T12:51:33Z
Spect,Spect,passthrough,54.5,2026-08-27T12:51:33Z
Pyka,Pyka,passthrough,60.0,2026-08-27T12:51:33Z
Surematics,Surematics,passthrough,52.6,2026-08-27T12:51:33Z
Goosebump,Goosebump,passthrough,50.0,2026-08-27T12:51:33Z
Flowspace,Flowspace,passthrough,42.9,2026-08-27T12:51:33Z
Modular Science,Modular Science,passthrough,48.0,2026-08-27T12:51:33Z
Skyscrape,Skyscrape,passthrough,58.8,2026-08-27T12:51:33Z
D-ID,D-ID,passthrough,50.0,2026-08-27T12:51:33Z
Percept.AI,Percept.AI,passthrough,69.6,2026-08-27T12:51:33Z
WATERFX,WATERFX,passthrough,53.3,2026-08-27T12:51:33Z
Sourceress,Sourceress,passthrough,66.7,2026-08-27T12:51:33Z
OneLocal,OneLocal,passthrough,50.0,2026-08-27T12:51:33Z
Opearlo,Opearlo,passthrough,61.5,2026-08-27T12:51:33Z
Headstart,Headstart,passthrough,47.6,2026-08-27T12:51:33Z
Guggy,Guggy,passthrough,37.5,2026-08-27T12:51:33Z
May Mobility,May Mobility,passthrough,66.7,2026-08-27T12:51:33Z
Commissary Club (formerly 70 Million Jobs),Commissary Club (formerly 70 Million Jobs),passthrough,32.8,2026-08-27T12:51:33Z
Cambridge Cancer Genomics,Cambridge Cancer Genomics,passthrough,46.5,2026-08-27T12:51:33Z
AssemblyAI,AssemblyAI,passthrough,57.1,2026-08-27T12:51:33Z
Lyrebird,Lyrebird,passthrough,50.0,2026-08-27T12:51:33Z
Just Appraised,Just Appraised,passthrough,44.4,2026-08-27T12:51:33Z
Social Construct,Social Construct,passthrough,43.5,2026-08-27T12:51:33Z
10 By 10,10 By 10,passthrough,42.9,2026-08-27T12:51:33Z
Bumpline,Bumpline,passthrough,53.3,2026-08-27T12:51:33Z
Thematic,Thematic,passthrough,52.6,2026-08-27T12:51:33Z
FollowUpThen,FollowUpThen,passthrough,44.4,2026-08-27T12:51:33Z
Proven Group,Proven Group,passthrough,44.4,2026-08-27T12:51:33Z
Precious,Precious,passthrough,52.6,2026-08-27T12:51:33Z
Spellbrush,Spellbrush,passthrough,50.0,2026-08-27T12:51:33Z
Jasper,Jasper,exact,100.0,2026-08-27T12:51:33Z
Observant AI,Observant AI,passthrough,66.7,2026-08-27T12:51:33Z
Fondo,Fondo,passthrough,54.5,2026-08-27T12:51:33Z
Slite,Slite,passthrough,60.0,2026-08-27T12:51:33Z
Mighty Buildings,Mighty Buildings,passthrough,50.0,2026-08-27T12:51:33Z
Sepsis Scout,Sepsis Scout,passthrough,47.6,2026-08-27T12:51:33Z
Macromoltek,Macromoltek,passthrough,50.0,2026-08-27T12:51:33Z
Promise,Promise,passthrough,46.2,2026-08-27T12:51:33Z
OurMenu,OurMenu,passthrough,47.1,2026-08-27T12:51:33Z
Persephone Biosciences,Persephone Biosciences,passthrough,42.1,2026-08-27T12:51:33Z
Reverie Labs,Reverie Labs,passthrough,69.6,2026-08-27T12:51:33Z
Nuvocargo,Nuvocargo,passthrough,47.1,2026-08-27T12:51:33Z
LUS Brands,LUS Brands,passthrough,53.8,2026-08-27T12:51:33Z
Meitre,Meitre,passthrough,61.5,2026-08-27T12:51:33Z
Sourcify,Sourcify,passthrough,52.6,2026-08-27T12:51:33Z
Viaopt,Viaopt,passthrough,57.1,2026-08-27T12:51:33Z
Meson,Meson,passthrough,46.2,2026-08-27T12:51:33Z
Evolve (makers of Podcast App & Rest),Evolve (makers of Podcast App & Rest),passthrough,39.2,2026-08-27T12:51:33Z
Edwin,Edwin,passthrough,46.2,2026-08-27T12:51:33Z
Acely,Acely,passthrough,54.5,2026-08-27T12:51:33Z
Cognition IP,Cognition IP,passthrough,50.0,2026-08-27T12:51:33Z
Hunter2,Hunter2,passthrough,46.2,2026-08-27T12:51:33Z
Vathys,Vathys,passthrough,42.9,2026-08-27T12:51:33Z
Naborly,Naborly,passthrough,50.0,2026-08-27T12:51:33Z
Weekend (fmr. Volley),Weekend (fmr. Volley),passthrough,40.0,2026-08-27T12:51:33Z
SharpestMinds,SharpestMinds,passthrough,47.6,2026-08-27T12:51:33Z
Tilt (f.k.a. Delphia),Tilt (f.k.a. Delphia),passthrough,44.4,2026-08-27T12:51:33Z
Orangewood Labs,Orangewood Labs,passthrough,61.5,2026-08-27T12:51:33Z
Memora Health,Memora Health,passthrough,50.0,2026-08-27T12:51:33Z
AlgoSurg Inc,AlgoSurg Inc,passthrough,47.1,2026-08-27T12:51:33Z
Voicery,Voicery,passthrough,50.0,2026-08-27T12:51:33Z
Swipehouse,Swipehouse,passthrough,44.4,2026-08-27T12:51:33Z
Point API,Point API,passthrough,66.7,2026-08-27T12:51:33Z
Jido Maps,Jido Maps,passthrough,50.0,2026-08-27T12:51:33Z
Observe.AI,Observe.AI,passthrough,63.2,2026-08-27T12:51:33Z
Helloverify,Helloverify,passthrough,47.6,2026-08-27T12:51:33Z
Aerones,Aerones,passthrough,53.3,2026-08-27T12:51:33Z
Veriff,Veriff,passthrough,42.9,2026-08-27T12:51:33Z
Swayable,Swayable,passthrough,62.5,2026-08-27T12:51:33Z
Curebase,Curebase,passthrough,75.0,2026-08-27T12:51:33Z
Phiar,Phiar,passthrough,54.5,2026-08-27T12:51:33Z
OWNY,OWNY,passthrough,44.4,2026-08-27T12:51:33Z
Within,Within,passthrough,50.0,2026-08-27T12:51:33Z
C16 Biosciences,C16 Biosciences,passthrough,38.7,2026-08-27T12:51:33Z
"numericcal, inc.","numericcal, inc.",passthrough,47.1,2026-08-27T12:51:33Z
Searchlight,Searchlight,passthrough,50.0,2026-08-27T12:51:33Z
FREY,FREY,passthrough,60.0,2026-08-27T12:51:33Z
OpenWrench,OpenWrench,passthrough,52.2,2026-08-27T12:51:33Z
Activeloop,Activeloop,passthrough,47.1,2026-08-27T12:51:33Z
Inokyo,Inokyo,passthrough,47.1,2026-08-27T12:51:33Z
Data Driven Bioscience,Data Driven Bioscience,passthrough,42.1,2026-08-27T12:51:33Z
Inscribe,Inscribe,passthrough,50.0,2026-08-27T12:51:33Z
JITX,JITX,passthrough,50.0,2026-08-27T12:51:33Z
Medinas Health,Medinas Health,passthrough,50.0,2026-08-27T12:51:33Z
"AskMyClass, now Soundkins","AskMyClass, now Soundkins",passthrough,45.0,2026-08-27T12:51:33Z
Spero Foods,Spero Foods,passthrough,50.0,2026-08-27T12:51:33Z
64x Bio,64x Bio,passthrough,40.0,2026-08-27T12:51:33Z
Anima App,Anima App,passthrough,55.6,2026-08-27T12:51:33Z
Tall Poppy,Tall Poppy,passthrough,50.0,2026-08-27T12:51:33Z
Ixora,Ixora,passthrough,50.0,2026-08-27T12:51:33Z
LabelFlow,LabelFlow,passthrough,44.4,2026-08-27T12:51:33Z
Corvus Robotics,Corvus Robotics,passthrough,44.4,2026-08-27T12:51:33Z
Duffel,Duffel,passthrough,42.9,2026-08-27T12:51:33Z
Impactive (formerly Outvote),Impactive (formerly Outvote),passthrough,46.5,2026-08-27T12:51:33Z
Regology,Regology,passthrough,46.2,2026-08-27T12:51:33Z
Quickchat AI,Quickchat AI,passthrough,66.7,2026-08-27T12:51:33Z
"DreamCraft Entertainment, Inc.","DreamCraft Entertainment, Inc.",passthrough,48.9,2026-08-27T12:51:33Z
Rain Neuromorphics,Rain Neuromorphics,passthrough,44.4,2026-08-27T12:51:33Z
BlueCargo,BlueCargo,passthrough,55.6,2026-08-27T12:51:33Z
Alpha Vantage,Alpha Vantage,passthrough,66.7,2026-08-27T12:51:33Z
FameGame,FameGame,passthrough,44.4,2026-08-27T12:51:33Z
The Supplant Company,The Supplant Company,passthrough,47.6,2026-08-27T12:51:33Z
Prodigal,Prodigal,passthrough,61.5,2026-08-27T12:51:33Z
Calii,Calii,passthrough,66.7,2026-08-27T12:51:33Z
TENDERD,TENDERD,passthrough,53.3,2026-08-27T12:51:33Z
Bot MD,Bot MD,passthrough,50.0,2026-08-27T12:51:33Z
Shelf Engine,Shelf Engine,passthrough,46.7,2026-08-27T12:51:33Z
Eden,Eden,passthrough,50.0,2026-08-27T12:51:33Z
SkydropX,SkydropX,passthrough,35.3,2026-08-27T12:51:33Z
BrainHi,BrainHi,passthrough,52.6,2026-08-27T12:51:33Z
Khatabook,Khatabook,passthrough,52.6,2026-08-27T12:51:33Z
Kobo360,Kobo360,passthrough,30.8,2026-08-27T12:51:33Z
Mutiny,Mutiny,passthrough,53.3,2026-08-27T12:51:33Z
Synkrino Biotherapeutics,Synkrino Biotherapeutics,passthrough,41.2,2026-08-27T12:51:33Z
dNovo,dNovo,passthrough,46.2,2026-08-27T12:51:33Z
Leena AI,Leena AI,passthrough,66.7,2026-08-27T12:51:33Z
JuziBot,JuziBot,passthrough,37.5,2026-08-27T12:51:33Z
SPATE,SPATE,passthrough,60.0,2026-08-27T12:51:33Z
Enveritas,Enveritas,passthrough,58.8,2026-08-27T12:51:33Z
LemonBox,LemonBox,passthrough,47.6,2026-08-27T12:51:33Z
iLabService,iLabService,passthrough,50.0,2026-08-27T12:51:33Z
Aesthetic,Aesthetic,passthrough,55.6,2026-08-27T12:51:33Z
Kunduz,Kunduz,passthrough,42.9,2026-08-27T12:51:33Z
Overview,Overview,passthrough,57.1,2026-08-27T12:51:33Z
Taobotics,Taobotics,passthrough,63.2,2026-08-27T12:51:33Z
Flockjay,Flockjay,passthrough,38.1,2026-08-27T12:51:33Z
Positive,Positive,passthrough,47.1,2026-08-27T12:51:33Z
AllSome Fulfillment,AllSome Fulfillment,passthrough,50.0,2026-08-27T12:51:33Z
Pachama,Pachama,passthrough,61.5,2026-08-27T12:51:33Z
Keeper,Keeper,passthrough,50.0,2026-08-27T12:51:33Z
Centaur,Centaur,passthrough,46.2,2026-08-27T12:51:33Z
SpaceRyde,SpaceRyde,passthrough,55.6,2026-08-27T12:51:33Z
Sunsama,Sunsama,passthrough,54.5,2026-08-27T12:51:33Z
Sorting Robotics,Sorting Robotics,passthrough,50.0,2026-08-27T12:51:33Z
Windsor,Windsor,passthrough,80.0,2026-08-27T12:51:33Z
Hatch,Hatch,passthrough,50.0,2026-08-27T12:51:33Z
BrainKey,BrainKey,passthrough,53.3,2026-08-27T12:51:33Z
GoLinks,GoLinks,passthrough,50.0,2026-08-27T12:51:33Z
Tailornova/Couturme,Tailornova/Couturme,passthrough,50.0,2026-08-27T12:51:33Z
Adventurous Co,Adventurous Co,passthrough,52.2,2026-08-27T12:51:33Z
Community Phone Company,Community Phone Company,passthrough,50.0,2026-08-27T12:51:33Z
Basilica,Basilica,passthrough,53.3,2026-08-27T12:51:33Z
WeatherCheck,WeatherCheck,passthrough,50.0,2026-08-27T12:51:33Z
Sapling.ai,Sapling.ai,passthrough,63.6,2026-08-27T12:51:33Z
Nabis,Nabis,passthrough,60.0,2026-08-27T12:51:33Z
Forage,Forage,passthrough,50.0,2026-08-27T12:51:33Z
Demodesk,Demodesk,passthrough,50.0,2026-08-27T12:51:33Z
AI Insurance,AI Insurance,passthrough,66.7,2026-08-27T12:51:33Z
Switchboard,Switchboard,passthrough,52.6,2026-08-27T12:51:33Z
ResistanceBio,ResistanceBio,passthrough,50.0,2026-08-27T12:51:33Z
Evo.Do,Evo.Do,passthrough,50.0,2026-08-27T12:51:33Z
Docucharm,Docucharm,passthrough,53.3,2026-08-27T12:51:33Z
Askdata,Askdata,passthrough,53.3,2026-08-27T12:51:33Z
Probably Genetic,Probably Genetic,passthrough,43.2,2026-08-27T12:51:33Z
Superorder,Superorder,passthrough,52.6,2026-08-27T12:51:33Z
Maitian.ai,Maitian.ai,passthrough,70.0,2026-08-27T12:51:33Z
Bunkerhill Health,Bunkerhill Health,passthrough,47.4,2026-08-27T12:51:33Z
Landed,Landed,passthrough,62.5,2026-08-27T12:51:33Z
Autodial prev Qwest,Autodial prev Qwest,passthrough,48.6,2026-08-27T12:51:33Z
Axel Travel,Axel Travel,passthrough,57.1,2026-08-27T12:51:33Z
DailyDoctor,DailyDoctor,passthrough,50.0,2026-08-27T12:51:33Z
Aura Vision,Aura Vision,passthrough,51.9,2026-08-27T12:51:33Z
JetPack Aviation,JetPack Aviation,passthrough,50.0,2026-08-27T12:51:33Z
Reelables,Reelables,passthrough,63.2,2026-08-27T12:51:33Z
Heart Aerospace,Heart Aerospace,passthrough,50.0,2026-08-27T12:51:33Z
Hypnos,Hypnos,passthrough,42.9,2026-08-27T12:51:33Z
Superb AI,Superb AI,passthrough,77.8,2026-08-27T12:51:33Z
Traverse Technologies,Traverse Technologies,passthrough,82.8,2026-08-27T12:51:33Z
Our World in Data,Our World in Data,passthrough,53.8,2026-08-27T12:51:33Z
Nowports,Nowports,passthrough,42.9,2026-08-27T12:51:33Z
Beacons,Beacons,passthrough,53.3,2026-08-27T12:51:33Z
Glide,Glide,passthrough,60.0,2026-08-27T12:51:33Z
AXDRAFT,AXDRAFT,passthrough,61.5,2026-08-27T12:51:33Z
Frubana Inc,Frubana Inc,passthrough,61.5,2026-08-27T12:51:33Z
Sublime Black,Sublime Black,passthrough,48.0,2026-08-27T12:51:33Z
Mars Auto,Mars Auto,passthrough,52.6,2026-08-27T12:51:33Z
Allure Systems,Allure Systems,passthrough,66.7,2026-08-27T12:51:33Z
WorkClout,WorkClout,passthrough,42.1,2026-08-27T12:51:33Z
Latchel,Latchel,passthrough,50.0,2026-08-27T12:51:33Z
Tailor-ED,Tailor-ED,passthrough,47.6,2026-08-27T12:51:33Z
Cosmic,Cosmic,passthrough,50.0,2026-08-27T12:51:33Z
"OutRival, Inc.","OutRival, Inc.",passthrough,53.3,2026-08-27T12:51:33Z
1910,1910,passthrough,25.0,2026-08-27T12:51:33Z
Numero,Numero,passthrough,50.0,2026-08-27T12:51:33Z
rct AI,rct AI,passthrough,66.7,2026-08-27T12:51:33Z
Eclipse Foods,Eclipse Foods,passthrough,43.5,2026-08-27T12:51:33Z
Shipper,Shipper,passthrough,61.5,2026-08-27T12:51:33Z
Spiral Genetics,Spiral Genetics,passthrough,48.0,2026-08-27T12:51:33Z
Playground,Playground,passthrough,42.9,2026-08-27T12:51:33Z
MoFE,MoFE,passthrough,44.4,2026-08-27T12:51:33Z
matagora,matagora,passthrough,53.3,2026-08-27T12:51:33Z
Cuboh,Cuboh,passthrough,54.5,2026-08-27T12:51:33Z
Shiru,Shiru,passthrough,44.4,2026-08-27T12:51:33Z
Figments,Figments,passthrough,57.1,2026-08-27T12:51:33Z
Palifer,Palifer,passthrough,50.0,2026-08-27T12:51:33Z
Symplex,Symplex,passthrough,50.0,2026-08-27T12:51:33Z
Kraftful,Kraftful,passthrough,42.9,2026-08-27T12:51:33Z
Well Principled,Well Principled,passthrough,46.2,2026-08-27T12:51:33Z
Mighty Health,Mighty Health,passthrough,45.5,2026-08-27T12:51:33Z
Prompt,Prompt,passthrough,50.0,2026-08-27T12:51:33Z
Short Story,Short Story,passthrough,47.1,2026-08-27T12:51:33Z
Voyage Biomedical,Voyage Biomedical,passthrough,41.2,2026-08-27T12:51:33Z
TRM Labs,TRM Labs,passthrough,70.6,2026-08-27T12:51:33Z
Soteris,Soteris,passthrough,55.6,2026-08-27T12:51:33Z
Lantern,Lantern,passthrough,50.0,2026-08-27T12:51:33Z
AudioFocus,AudioFocus,passthrough,52.6,2026-08-27T12:51:33Z
Prolific,Prolific,passthrough,47.6,2026-08-27T12:51:33Z
Dashblock,Dashblock,passthrough,52.6,2026-08-27T12:51:33Z
GEn1E Lifesciences,GEn1E Lifesciences,passthrough,51.3,2026-08-27T12:51:33Z
Embrace,Embrace,passthrough,53.3,2026-08-27T12:51:33Z
Mindset Health,Mindset Health,passthrough,52.2,2026-08-27T12:51:33Z
Yummy Future,Yummy Future,passthrough,44.4,2026-08-27T12:51:33Z
UpEquity,UpEquity,passthrough,55.6,2026-08-27T12:51:33Z
Nonu,Nonu,passthrough,50.0,2026-08-27T12:51:33Z
ZETA SURGICAL,ZETA SURGICAL,passthrough,60.0,2026-08-27T12:51:33Z
Milo,Milo,passthrough,54.5,2026-08-27T12:51:33Z
Green Canopy NODE,Green Canopy NODE,passthrough,42.4,2026-08-27T12:51:33Z
Downtobid,Downtobid,passthrough,44.4,2026-08-27T12:51:33Z
Rainbow,Rainbow,passthrough,57.1,2026-08-27T12:51:33Z
Rosebud AI,Rosebud AI,passthrough,66.7,2026-08-27T12:51:33Z
Arpeggio Bio,Arpeggio Bio,passthrough,43.5,2026-08-27T12:51:33Z
PlayAbly,PlayAbly,passthrough,50.0,2026-08-27T12:51:33Z
Microverse,Microverse,passthrough,63.2,2026-08-27T12:51:33Z
EARTH AI,EARTH AI,passthrough,66.7,2026-08-27T12:51:33Z
CoLab,CoLab,passthrough,61.5,2026-08-27T12:51:33Z
Binks,Binks,passthrough,53.3,2026-08-27T12:51:33Z
Chaos Genius,Chaos Genius,passthrough,52.6,2026-08-27T12:51:33Z
MyPetrolPump,MyPetrolPump,passthrough,42.1,2026-08-27T12:51:33Z
Tensil,Tensil,passthrough,53.3,2026-08-27T12:51:33Z
Vahan,Vahan,passthrough,57.1,2026-08-27T12:51:33Z
Namaste Business,Namaste Business,passthrough,51.9,2026-08-27T12:51:33Z
Finlens,Finlens,passthrough,58.8,2026-08-27T12:51:33Z
Ramen VR,Ramen VR,passthrough,47.1,2026-08-27T12:51:33Z
Hightouch,Hightouch,passthrough,40.0,2026-08-27T12:51:33Z
Eden Farm,Eden Farm,passthrough,50.0,2026-08-27T12:51:33Z
PredictLeads,PredictLeads,passthrough,57.1,2026-08-27T12:51:33Z
Trella,Trella,passthrough,60.0,2026-08-27T12:51:33Z
Recidiviz,Recidiviz,passthrough,40.0,2026-08-27T12:51:33Z
Alana,Alana,passthrough,60.0,2026-08-27T12:51:33Z
Traces,Traces,passthrough,50.0,2026-08-27T12:51:33Z
Mipos.dev,Mipos.dev,passthrough,42.9,2026-08-27T12:51:33Z
Flowbot,Flowbot,passthrough,46.2,2026-08-27T12:51:33Z
treble.ai,treble.ai,passthrough,63.2,2026-08-27T12:51:33Z
Deepnote,Deepnote,passthrough,62.5,2026-08-27T12:51:33Z
Meridian Industries,Meridian Industries,passthrough,46.7,2026-08-27T12:51:33Z
Taskade,Taskade,passthrough,53.3,2026-08-27T12:51:33Z
Motion,Motion,passthrough,50.0,2026-08-27T12:51:33Z
Vendr,Vendr,passthrough,46.2,2026-08-27T12:51:33Z
Karat Financial,Karat Financial,passthrough,51.9,2026-08-27T12:51:33Z
Flowglad,Flowglad,passthrough,46.2,2026-08-27T12:51:33Z
Phonic,Phonic,passthrough,53.3,2026-08-27T12:51:33Z
Abalone Bio,Abalone Bio,passthrough,50.0,2026-08-27T12:51:33Z
StratumAI,StratumAI,passthrough,66.7,2026-08-27T12:51:33Z
RoboTire,RoboTire,passthrough,42.9,2026-08-27T12:51:33Z
MindsDB,MindsDB,passthrough,53.3,2026-08-27T12:51:33Z
FitnessAI,FitnessAI,passthrough,55.6,2026-08-27T12:51:33Z
Segmed,Segmed,passthrough,42.9,2026-08-27T12:51:33Z
Letterdrop,Letterdrop,passthrough,44.4,2026-08-27T12:51:33Z
Factored Quality,Factored Quality,passthrough,50.0,2026-08-27T12:51:33Z
Taiv,Taiv,passthrough,57.1,2026-08-27T12:51:33Z
Orbiter,Orbiter,passthrough,53.3,2026-08-27T12:51:33Z
Glisten AI,Glisten AI,passthrough,66.7,2026-08-27T12:51:33Z
Ardis AI,Ardis AI,passthrough,66.7,2026-08-27T12:51:33Z
Perceptive Technologies,Perceptive Technologies,passthrough,82.8,2026-08-27T12:51:33Z
Handoff,Handoff,passthrough,50.0,2026-08-27T12:51:33Z
Nextmv,Nextmv,passthrough,47.1,2026-08-27T12:51:33Z
Aden,Aden,passthrough,66.7,2026-08-27T12:51:33Z
Terrasoft,Terrasoft,passthrough,58.8,2026-08-27T12:51:33Z
Datasaur,Datasaur,passthrough,55.6,2026-08-27T12:51:33Z
Dashworks,Dashworks,passthrough,52.6,2026-08-27T12:51:33Z
Eternal,Eternal,passthrough,57.1,2026-08-27T12:51:33Z
Replicate,Replicate,exact,100.0,2026-08-27T12:51:33Z
Basedash,Basedash,passthrough,50.0,2026-08-27T12:51:33Z
Terusama,Terusama,passthrough,50.0,2026-08-27T12:51:33Z
Clayboard,Clayboard,passthrough,52.6,2026-08-27T12:51:33Z
Edlyft,Edlyft,passthrough,40.0,2026-08-27T12:51:33Z
Eze,Eze,passthrough,44.4,2026-08-27T12:51:33Z
The Mercer Club,The Mercer Club,passthrough,51.6,2026-08-27T12:51:33Z
StartPlaying.Games,StartPlaying.Games,passthrough,46.7,2026-08-27T12:51:33Z
Grain,Grain,passthrough,60.0,2026-08-27T12:51:33Z
TrueNorth,TrueNorth,passthrough,47.1,2026-08-27T12:51:33Z
Visual One,Visual One,passthrough,50.0,2026-08-27T12:51:33Z
Signadot,Signadot,passthrough,50.0,2026-08-27T12:51:33Z
Operator.io,Operator.io,passthrough,58.8,2026-08-27T12:51:33Z
Talyn Air,Talyn Air,passthrough,66.7,2026-08-27T12:51:33Z
Riya Collective,Riya Collective,passthrough,50.0,2026-08-27T12:51:33Z
Logarithm Labs,Logarithm Labs,passthrough,61.5,2026-08-27T12:51:33Z
Global Belly,Global Belly,passthrough,45.5,2026-08-27T12:51:33Z
Scout,Scout,passthrough,54.5,2026-08-27T12:51:33Z
Medicare Vox (fka Fair Square),Medicare Vox (fka Fair Square),passthrough,43.2,2026-08-27T12:51:33Z
Altay Therapeutics,Altay Therapeutics,passthrough,51.9,2026-08-27T12:51:33Z
Turing Labs Inc.,Turing Labs Inc.,passthrough,61.5,2026-08-27T12:51:33Z
Ello,Ello,passthrough,47.1,2026-08-27T12:51:33Z
QueryPie AI,QueryPie AI,passthrough,66.7,2026-08-27T12:51:33Z
Response,Response,passthrough,50.0,2026-08-27T12:51:33Z
Typedream,Typedream,passthrough,55.6,2026-08-27T12:51:33Z
Vori,Vori,passthrough,46.2,2026-08-27T12:51:33Z
Mini Exhibitions,Mini Exhibitions,passthrough,43.8,2026-08-27T12:51:33Z
Kinter,Kinter,passthrough,47.1,2026-08-27T12:51:33Z
Dropbase,Dropbase,passthrough,50.0,2026-08-27T12:51:33Z
Trident Bioscience,Trident Bioscience,passthrough,46.2,2026-08-27T12:51:33Z
Photoroom,Photoroom,passthrough,53.3,2026-08-27T12:51:33Z
Modernbanc,Modernbanc,passthrough,53.3,2026-08-27T12:51:33Z
AIOS,AIOS,passthrough,57.1,2026-08-27T12:51:33Z
Skypher,Skypher,passthrough,62.5,2026-08-27T12:51:33Z
Recurrency,Recurrency,passthrough,50.0,2026-08-27T12:51:33Z
PostEra,PostEra,passthrough,57.1,2026-08-27T12:51:33Z
DeepSource,DeepSource,passthrough,57.1,2026-08-27T12:51:33Z
Pay Swifter,Pay Swifter,passthrough,50.0,2026-08-27T12:51:33Z
UrbanKisaan,UrbanKisaan,passthrough,45.5,2026-08-27T12:51:33Z
farmtheory,farmtheory,passthrough,50.0,2026-08-27T12:51:33Z
PillarPlus,PillarPlus,passthrough,43.5,2026-08-27T12:51:33Z
SprintAI,SprintAI,passthrough,60.0,2026-08-27T12:51:33Z
Zeo Route Planner,Zeo Route Planner,passthrough,42.9,2026-08-27T12:51:33Z
Bikry,Bikry,passthrough,42.9,2026-08-27T12:51:33Z
Zumo Labs,Zumo Labs,passthrough,77.8,2026-08-27T12:51:33Z
Synapsica Healthcare,Synapsica Healthcare,passthrough,48.3,2026-08-27T12:51:33Z
Easyplan,Easyplan,passthrough,47.1,2026-08-27T12:51:33Z
adyn,adyn,passthrough,44.4,2026-08-27T12:51:33Z
Overfit,Overfit,passthrough,62.5,2026-08-27T12:51:33Z
Oda,Oda,passthrough,75.0,2026-08-27T12:51:33Z
Valienta,Valienta,passthrough,60.0,2026-08-27T12:51:33Z
Tajir,Tajir,passthrough,50.0,2026-08-27T12:51:33Z
Linkana,Linkana,passthrough,50.0,2026-08-27T12:51:33Z
BeGo,BeGo,passthrough,50.0,2026-08-27T12:51:33Z
Termii,Termii,passthrough,47.1,2026-08-27T12:51:34Z
Handl,Handl,passthrough,60.0,2026-08-27T12:51:34Z
Ramani,Ramani,passthrough,61.5,2026-08-27T12:51:34Z
GuruHotel,GuruHotel,passthrough,53.3,2026-08-27T12:51:34Z
Stable,Stable,passthrough,72.7,2026-08-27T12:51:34Z
Recall.ai,Recall.ai,passthrough,75.0,2026-08-27T12:51:34Z
borong,borong,passthrough,40.0,2026-08-27T12:51:34Z
Atmo,Atmo,passthrough,46.2,2026-08-27T12:51:34Z
99minutos,99minutos,passthrough,42.1,2026-08-27T12:51:34Z
SEND,SEND,passthrough,50.0,2026-08-27T12:51:34Z
PowerX,PowerX,passthrough,50.0,2026-08-27T12:51:34Z
Airbyte,Airbyte,passthrough,57.1,2026-08-27T12:51:34Z
Tasker AI,Tasker AI,passthrough,77.8,2026-08-27T12:51:34Z
Menten AI,Menten AI,passthrough,66.7,2026-08-27T12:51:34Z
Legionfarm,Legionfarm,passthrough,52.2,2026-08-27T12:51:34Z
Algen Biotechnologies,Algen Biotechnologies,passthrough,82.1,2026-08-27T12:51:34Z
Jemi,Jemi,passthrough,53.3,2026-08-27T12:51:34Z
Luminai,Luminai,passthrough,72.7,2026-08-27T12:51:34Z
Command AI,Command AI,passthrough,66.7,2026-08-27T12:51:34Z
Roboflow,Roboflow,passthrough,37.5,2026-08-27T12:51:34Z
Bandit ML,Bandit ML,passthrough,52.6,2026-08-27T12:51:34Z
inFeedo AI,inFeedo AI,passthrough,69.6,2026-08-27T12:51:34Z
Datafold,Datafold,passthrough,46.2,2026-08-27T12:51:34Z
Blue Onion,Blue Onion,passthrough,50.0,2026-08-27T12:51:34Z
AtoB,AtoB,passthrough,46.2,2026-08-27T12:51:34Z
Shuttle,Shuttle,passthrough,50.0,2026-08-27T12:51:34Z
Hypermile,Hypermile,passthrough,55.6,2026-08-27T12:51:34Z
Strive School,Strive School,passthrough,46.7,2026-08-27T12:51:34Z
Known Medicine,Known Medicine,passthrough,45.5,2026-08-27T12:51:34Z
Hypotenuse AI,Hypotenuse AI,passthrough,66.7,2026-08-27T12:51:34Z
Kernal Biologics,Kernal Biologics,passthrough,47.1,2026-08-27T12:51:34Z
CoreCare,CoreCare,passthrough,71.4,2026-08-27T12:51:34Z
Swif.ai,Swif.ai,passthrough,66.7,2026-08-27T12:51:34Z
Humanloop,Humanloop,passthrough,47.1,2026-08-27T12:51:34Z
Cradle,Cradle,passthrough,72.7,2026-08-27T12:51:34Z
Omni,Omni,passthrough,60.0,2026-08-27T12:51:34Z
Blissway,Blissway,passthrough,47.1,2026-08-27T12:51:34Z
Atomic,Atomic,passthrough,66.7,2026-08-27T12:51:34Z
MarketForce,MarketForce,passthrough,40.0,2026-08-27T12:51:34Z
Tappity,Tappity,passthrough,62.5,2026-08-27T12:51:34Z
Hellometer,Hellometer,passthrough,55.6,2026-08-27T12:51:34Z
Justo,Justo,passthrough,54.5,2026-08-27T12:51:34Z
Nextera Robotics | DIDGE.ai,Nextera Robotics | DIDGE.ai,passthrough,46.5,2026-08-27T12:51:34Z
Nabla Bio,Nabla Bio,passthrough,50.0,2026-08-27T12:51:34Z
Hyper Online,Hyper Online,passthrough,50.0,2026-08-27T12:51:34Z
WareIQ,WareIQ,passthrough,57.1,2026-08-27T12:51:34Z
In Stock,In Stock,passthrough,53.3,2026-08-27T12:51:34Z
BIK,BIK,passthrough,50.0,2026-08-27T12:51:34Z
Decentro,Decentro,passthrough,50.0,2026-08-27T12:51:34Z
Aquarium Learning,Aquarium Learning,passthrough,55.2,2026-08-27T12:51:34Z
Mailwarm,Mailwarm,passthrough,53.3,2026-08-27T12:51:34Z
Imbue,Imbue,exact,100.0,2026-08-27T12:51:34Z
TyltGO,TyltGO,passthrough,40.0,2026-08-27T12:51:34Z
Farel,Farel,passthrough,54.5,2026-08-27T12:51:34Z
Drapr,Drapr,passthrough,54.5,2026-08-27T12:51:34Z
Cohere,Cohere,exact,100.0,2026-08-27T12:51:34Z
Dataland,Dataland,passthrough,47.6,2026-08-27T12:51:34Z
Akiflow,Akiflow,passthrough,50.0,2026-08-27T12:51:34Z
Awtomic,Awtomic,passthrough,62.5,2026-08-27T12:51:34Z
HENRY,HENRY,passthrough,54.5,2026-08-27T12:51:34Z
Together AI,Together AI,exact,100.0,2026-08-27T12:51:34Z
Taktile,Taktile,passthrough,57.1,2026-08-27T12:51:34Z
Mito,Mito,passthrough,54.5,2026-08-27T12:51:34Z
Draftwise,Draftwise,passthrough,53.3,2026-08-27T12:51:34Z
AI.Fashion,AI.Fashion,passthrough,55.6,2026-08-27T12:51:34Z
MilkRun,MilkRun,passthrough,62.5,2026-08-27T12:51:34Z
Mobius Materials,Mobius Materials,passthrough,48.0,2026-08-27T12:51:34Z
Glimpse,Glimpse,passthrough,50.0,2026-08-27T12:51:34Z
Nestybox,Nestybox,passthrough,44.4,2026-08-27T12:51:34Z
"Warmly,","Warmly,",passthrough,57.1,2026-08-27T12:51:34Z
Clover,Clover,passthrough,66.7,2026-08-27T12:51:34Z
Parrot Software 🦜,Parrot Software 🦜,passthrough,43.5,2026-08-27T12:51:34Z
Hellosaurus,Hellosaurus,passthrough,47.6,2026-08-27T12:51:34Z
Fieldguide,Fieldguide,passthrough,62.5,2026-08-27T12:51:34Z
Heron Data,Heron Data,passthrough,52.6,2026-08-27T12:51:34Z
Clau,Clau,passthrough,54.5,2026-08-27T12:51:34Z
Quell,Quell,passthrough,40.0,2026-08-27T12:51:34Z
Rarebird,Rarebird,passthrough,50.0,2026-08-27T12:51:34Z
Payflow,Payflow,passthrough,42.1,2026-08-27T12:51:34Z
Brevy,Brevy,passthrough,54.5,2026-08-27T12:51:34Z
Degrees of Freedom,Degrees of Freedom,passthrough,41.2,2026-08-27T12:51:34Z
Gonddo,Gonddo,passthrough,50.0,2026-08-27T12:51:34Z
Abacum,Abacum,passthrough,53.3,2026-08-27T12:51:34Z
cloud humans,cloud humans,passthrough,52.6,2026-08-27T12:51:34Z
Trestle Biotherapeutics,Trestle Biotherapeutics,passthrough,45.0,2026-08-27T12:51:34Z
The Third Place,The Third Place,passthrough,53.8,2026-08-27T12:51:34Z
Atomic Industries,Atomic Industries,passthrough,53.8,2026-08-27T12:51:34Z
authzed,authzed,passthrough,44.4,2026-08-27T12:51:34Z
Humaans,Humaans,passthrough,55.6,2026-08-27T12:51:34Z
DreamWorld,DreamWorld,passthrough,44.4,2026-08-27T12:51:34Z
RocketSDR,RocketSDR,passthrough,47.1,2026-08-27T12:51:34Z
Quadrant Eye,Quadrant Eye,passthrough,66.7,2026-08-27T12:51:34Z
SBX Robotics,SBX Robotics,passthrough,38.1,2026-08-27T12:51:34Z
Waypoint,Waypoint,passthrough,50.0,2026-08-27T12:51:34Z
Spokn,Spokn,passthrough,46.2,2026-08-27T12:51:34Z
Finley,Finley,passthrough,50.0,2026-08-27T12:51:34Z
Stacksi,Stacksi,passthrough,58.8,2026-08-27T12:51:34Z
Gigs Live,Gigs Live,passthrough,47.1,2026-08-27T12:51:34Z
arnata,arnata,passthrough,58.8,2026-08-27T12:51:34Z
Pibit.ai,Pibit.ai,passthrough,62.5,2026-08-27T12:51:34Z
Lion Pose,Lion Pose,passthrough,50.0,2026-08-27T12:51:34Z
Vogent,Vogent,passthrough,57.1,2026-08-27T12:51:34Z
SlashAuth,SlashAuth,passthrough,44.4,2026-08-27T12:51:34Z
Moichor,Moichor,passthrough,50.0,2026-08-27T12:51:34Z
Queenly,Queenly,passthrough,47.1,2026-08-27T12:51:34Z
Flux Auto,Flux Auto,passthrough,50.0,2026-08-27T12:51:34Z
Fountain9,Fountain9,passthrough,53.3,2026-08-27T12:51:34Z
Avocado,Avocado,passthrough,46.2,2026-08-27T12:51:34Z
Weekday,Weekday,passthrough,54.5,2026-08-27T12:51:34Z
Pragmatic Leaders (Ankai Inc),Pragmatic Leaders (Ankai Inc),passthrough,45.0,2026-08-27T12:51:34Z
Segments.ai,Segments.ai,passthrough,54.5,2026-08-27T12:51:34Z
Encord,Encord,passthrough,53.3,2026-08-27T12:51:34Z
ClipDrop,ClipDrop,passthrough,42.9,2026-08-27T12:51:34Z
Valink Therapeutics,Valink Therapeutics,passthrough,45.2,2026-08-27T12:51:34Z
Sivo,Sivo,passthrough,50.0,2026-08-27T12:51:34Z
HyperGlue,HyperGlue,passthrough,55.6,2026-08-27T12:51:34Z
Noya,Noya,passthrough,60.0,2026-08-27T12:51:34Z
Cyble,Cyble,passthrough,60.0,2026-08-27T12:51:34Z
Supadock,Supadock,passthrough,50.0,2026-08-27T12:51:34Z
Expent Inc,Expent Inc,passthrough,54.5,2026-08-27T12:51:34Z
Version Story Compare,Version Story Compare,passthrough,52.6,2026-08-27T12:51:34Z
Per Diem,Per Diem,passthrough,58.8,2026-08-27T12:51:34Z
Promoted.ai,Promoted.ai,passthrough,55.6,2026-08-27T12:51:34Z
Emerge Tools,Emerge Tools,passthrough,52.2,2026-08-27T12:51:34Z
Parsagon,Parsagon,passthrough,47.1,2026-08-27T12:51:34Z
Alinea,Alinea,passthrough,61.5,2026-08-27T12:51:34Z
Vapi,Vapi,passthrough,57.1,2026-08-27T12:51:34Z
Quadrant Health,Quadrant Health,passthrough,57.1,2026-08-27T12:51:34Z
Mindee,Mindee,passthrough,62.5,2026-08-27T12:51:34Z
Pangea.app,Pangea.app,passthrough,47.1,2026-08-27T12:51:34Z
Anima,Anima,passthrough,66.7,2026-08-27T12:51:34Z
Popl,Popl,passthrough,44.4,2026-08-27T12:51:34Z
Fathom,Fathom,passthrough,53.3,2026-08-27T12:51:34Z
True3D,True3D,passthrough,40.0,2026-08-27T12:51:34Z
FirstSupport.ai,FirstSupport.ai,passthrough,58.3,2026-08-27T12:51:34Z
Rinsed,Rinsed,passthrough,47.1,2026-08-27T12:51:34Z
Greywing,Greywing,passthrough,47.1,2026-08-27T12:51:34Z
LiveFlow,LiveFlow,passthrough,47.6,2026-08-27T12:51:34Z
Aurabeat,Aurabeat,passthrough,53.3,2026-08-27T12:51:34Z
Invoid,Invoid,passthrough,47.1,2026-08-27T12:51:34Z
Datrics,Datrics,passthrough,82.4,2026-08-27T12:51:34Z
Sendbox,Sendbox,passthrough,54.5,2026-08-27T12:51:34Z
LightTwist,LightTwist,passthrough,42.1,2026-08-27T12:51:34Z
LogisticsOS,LogisticsOS,passthrough,41.7,2026-08-27T12:51:34Z
OpenCode,OpenCode,passthrough,66.7,2026-08-27T12:51:34Z
Flextock,Flextock,passthrough,55.6,2026-08-27T12:51:34Z
Topline Pro,Topline Pro,passthrough,50.0,2026-08-27T12:51:34Z
Quicknode,Quicknode,passthrough,50.0,2026-08-27T12:51:34Z
Codingal,Codingal,passthrough,61.5,2026-08-27T12:51:34Z
Nimbus,Nimbus,passthrough,72.7,2026-08-27T12:51:34Z
Tractian,Tractian,passthrough,53.3,2026-08-27T12:51:34Z
Enable Us,Enable Us,passthrough,52.6,2026-08-27T12:51:34Z
Platypus,Platypus,passthrough,47.1,2026-08-27T12:51:34Z
clicOH,clicOH,passthrough,53.3,2026-08-27T12:51:34Z
Milk Video,Milk Video,passthrough,43.5,2026-08-27T12:51:34Z
Simplify,Simplify,passthrough,58.8,2026-08-27T12:51:34Z
InpharmD,InpharmD,passthrough,50.0,2026-08-27T12:51:34Z
Tint,Tint,passthrough,54.5,2026-08-27T12:51:34Z
Finantier,Finantier,passthrough,50.0,2026-08-27T12:51:34Z
unSurvey,unSurvey,passthrough,57.1,2026-08-27T12:51:34Z
ZOKO,ZOKO,passthrough,40.0,2026-08-27T12:51:34Z
TaoFi,TaoFi,passthrough,50.0,2026-08-27T12:51:34Z
Launcher Labs,Launcher Labs,passthrough,63.6,2026-08-27T12:51:34Z
Reclaim Protocol,Reclaim Protocol,passthrough,46.2,2026-08-27T12:51:34Z
Slash,Slash,passthrough,50.0,2026-08-27T12:51:34Z
Seer,Seer,passthrough,60.0,2026-08-27T12:51:34Z
Feroot Security,Feroot Security,passthrough,48.0,2026-08-27T12:51:34Z
Biodock,Biodock,passthrough,47.1,2026-08-27T12:51:34Z
Venu AI,Venu AI,passthrough,71.4,2026-08-27T12:51:34Z
Compose.ai,Compose.ai,passthrough,70.6,2026-08-27T12:51:34Z
Lamar Health,Lamar Health,passthrough,52.6,2026-08-27T12:51:34Z
Soraban,Soraban,passthrough,62.5,2026-08-27T12:51:34Z
Z1,Z1,passthrough,33.3,2026-08-27T12:51:34Z
Mono,Mono,passthrough,50.0,2026-08-27T12:51:34Z
Codeball,Codeball,passthrough,61.5,2026-08-27T12:51:34Z
Pagaloop,Pagaloop,passthrough,44.4,2026-08-27T12:51:34Z
Chatwoot,Chatwoot,passthrough,57.1,2026-08-27T12:51:34Z
Dataherald,Dataherald,passthrough,50.0,2026-08-27T12:51:34Z
Alpas,Alpas,passthrough,57.1,2026-08-27T12:51:34Z
Rejoy Health,Rejoy Health,passthrough,55.6,2026-08-27T12:51:34Z
Treinta,Treinta,passthrough,54.5,2026-08-27T12:51:34Z
Spline,Spline,passthrough,57.1,2026-08-27T12:51:34Z
BusinessOnBot,BusinessOnBot,passthrough,50.0,2026-08-27T12:51:34Z
Gigs,Gigs,passthrough,40.0,2026-08-27T12:51:34Z
Friz,Friz,passthrough,46.2,2026-08-27T12:51:34Z
Mystic,Mystic,passthrough,53.3,2026-08-27T12:51:34Z
Navattic,Navattic,passthrough,50.0,2026-08-27T12:51:34Z
Estoca,Estoca,passthrough,54.5,2026-08-27T12:51:34Z
Jiga,Jiga,passthrough,46.2,2026-08-27T12:51:34Z
Vendease,Vendease,passthrough,55.6,2026-08-27T12:51:34Z
MarqVision,MarqVision,passthrough,47.1,2026-08-27T12:51:34Z
Turing College,Turing College,passthrough,53.8,2026-08-27T12:51:34Z
Routine,Routine,passthrough,57.1,2026-08-27T12:51:34Z
boitas.com,boitas.com,passthrough,63.2,2026-08-27T12:51:34Z
Moonvalley,Moonvalley,passthrough,53.3,2026-08-27T12:51:34Z
MindPortal,MindPortal,passthrough,58.8,2026-08-27T12:51:34Z
Waydev,Waydev,passthrough,72.7,2026-08-27T12:51:34Z
Triomics,Triomics,passthrough,58.8,2026-08-27T12:51:34Z
Clear,Clear,passthrough,66.7,2026-08-27T12:51:34Z
H3X Technologies,H3X Technologies,passthrough,85.7,2026-08-27T12:51:34Z
SwiftSku,SwiftSku,passthrough,50.0,2026-08-27T12:51:34Z
PipeBio,PipeBio,passthrough,55.6,2026-08-27T12:51:34Z
Terra API,Terra API,passthrough,63.2,2026-08-27T12:51:34Z
AXAR AI,AXAR AI,passthrough,72.7,2026-08-27T12:51:34Z
Ollama,Ollama,passthrough,62.5,2026-08-27T12:51:34Z
Humance,Humance,passthrough,55.6,2026-08-27T12:51:34Z
Midjourney,Midjourney,exact,100.0,2026-08-27T12:51:34Z
Meru.com,Meru.com,passthrough,70.6,2026-08-27T12:51:34Z
Nano Technologies,Nano Technologies,passthrough,85.7,2026-08-27T12:51:34Z
Openlayer,Openlayer,passthrough,66.7,2026-08-27T12:51:34Z
Slope,Slope,passthrough,60.0,2026-08-27T12:51:34Z
Epsilon3,Epsilon3,passthrough,50.0,2026-08-27T12:51:34Z
Blixo,Blixo,passthrough,44.4,2026-08-27T12:51:34Z
Artillery,Artillery,passthrough,53.3,2026-08-27T12:51:34Z
Legion Health,Legion Health,passthrough,53.8,2026-08-27T12:51:34Z
Odys Aviation,Odys Aviation,passthrough,50.0,2026-08-27T12:51:34Z
Superwall,Superwall,passthrough,55.6,2026-08-27T12:51:34Z
Mindstate Design Labs,Mindstate Design Labs,passthrough,61.5,2026-08-27T12:51:34Z
Serif Health,Serif Health,passthrough,52.2,2026-08-27T12:51:34Z
Deskimo,Deskimo,passthrough,57.1,2026-08-27T12:51:34Z
Abstra,Abstra,passthrough,62.5,2026-08-27T12:51:34Z
Carbonfact,Carbonfact,passthrough,57.1,2026-08-27T12:51:34Z
Varos,Varos,passthrough,44.4,2026-08-27T12:51:34Z
Concord Materials,Concord Materials,passthrough,50.0,2026-08-27T12:51:34Z
Jestor,Jestor,passthrough,50.0,2026-08-27T12:51:34Z
Potion,Potion,passthrough,57.1,2026-08-27T12:51:34Z
Rootly,Rootly,passthrough,50.0,2026-08-27T12:51:34Z
Replo,Replo,passthrough,57.1,2026-08-27T12:51:34Z
FirstQuadrant,FirstQuadrant,passthrough,63.2,2026-08-27T12:51:34Z
Buzzle,Buzzle,passthrough,54.5,2026-08-27T12:51:34Z
Kalam Labs,Kalam Labs,passthrough,73.7,2026-08-27T12:51:34Z
Affogato AI,Affogato AI,passthrough,66.7,2026-08-27T12:51:34Z
Mailmodo,Mailmodo,passthrough,53.3,2026-08-27T12:51:34Z
Coulomb AI,Coulomb AI,passthrough,66.7,2026-08-27T12:51:34Z
ODWEN,ODWEN,passthrough,54.5,2026-08-27T12:51:34Z
Confido,Confido,passthrough,61.5,2026-08-27T12:51:34Z
Instalab,Instalab,passthrough,70.6,2026-08-27T12:51:34Z
Instacrops,Instacrops,passthrough,52.6,2026-08-27T12:51:34Z
Zaz OS,Zaz OS,passthrough,40.0,2026-08-27T12:51:34Z
Parallel Bio,Parallel Bio,passthrough,50.0,2026-08-27T12:51:34Z
BLUUMBIO,BLUUMBIO,passthrough,52.6,2026-08-27T12:51:34Z
Swipe,Swipe,passthrough,54.5,2026-08-27T12:51:34Z
Neodocs,Neodocs,passthrough,46.2,2026-08-27T12:51:34Z
MobileBoost,MobileBoost,passthrough,44.4,2026-08-27T12:51:34Z
RGI Labs,RGI Labs,passthrough,70.6,2026-08-27T12:51:34Z
Sleek,Sleek,passthrough,60.0,2026-08-27T12:51:34Z
Soco,Soco,passthrough,66.7,2026-08-27T12:51:34Z
Bite Ninja,Bite Ninja,passthrough,47.1,2026-08-27T12:51:34Z
Anakin,Anakin,passthrough,66.7,2026-08-27T12:51:34Z
SnapCalorie,SnapCalorie,passthrough,62.5,2026-08-27T12:51:34Z
Lago,Lago,passthrough,50.0,2026-08-27T12:51:34Z
Dailybot,Dailybot,passthrough,47.6,2026-08-27T12:51:34Z
Tablevibe,Tablevibe,passthrough,62.5,2026-08-27T12:51:34Z
Lariat Data,Lariat Data,passthrough,60.9,2026-08-27T12:51:34Z
Patterns,Patterns,passthrough,52.6,2026-08-27T12:51:34Z
Tavus,Tavus,passthrough,42.9,2026-08-27T12:51:34Z
Konta.com,Konta.com,passthrough,73.7,2026-08-27T12:51:34Z
SafeBeat,SafeBeat,passthrough,53.3,2026-08-27T12:51:34Z
trii,trii,passthrough,46.2,2026-08-27T12:51:34Z
Verihubs,Verihubs,passthrough,50.0,2026-08-27T12:51:34Z
Secoda,Secoda,passthrough,66.7,2026-08-27T12:51:34Z
Kaya,Kaya,passthrough,54.5,2026-08-27T12:51:34Z
Aqua,Aqua,passthrough,54.5,2026-08-27T12:51:34Z
SalaryBox,SalaryBox,passthrough,50.0,2026-08-27T12:51:34Z
Redbean,Redbean,passthrough,54.5,2026-08-27T12:51:34Z
Sentiyen,Sentiyen,passthrough,47.1,2026-08-27T12:51:34Z
Jovian,Jovian,passthrough,66.7,2026-08-27T12:51:34Z
Hyperbrowser,Hyperbrowser,passthrough,50.0,2026-08-27T12:51:34Z
SenpAI.GG,SenpAI.GG,passthrough,53.3,2026-08-27T12:51:34Z
Pluggy,Pluggy,passthrough,40.0,2026-08-27T12:51:34Z
Perfekto,Perfekto,passthrough,55.6,2026-08-27T12:51:34Z
AI Tech Packs,AI Tech Packs,passthrough,66.7,2026-08-27T12:51:34Z
Warpfy,Warpfy,passthrough,54.5,2026-08-27T12:51:34Z
Tiriel AI,Tiriel AI,passthrough,66.7,2026-08-27T12:51:34Z
Cloudanix,Cloudanix,passthrough,53.3,2026-08-27T12:51:34Z
DigiBuild,DigiBuild,passthrough,44.4,2026-08-27T12:51:34Z
OneStopKitchen,OneStopKitchen,passthrough,52.2,2026-08-27T12:51:34Z
Cero,Cero,passthrough,60.0,2026-08-27T12:51:34Z
WarpBuild,WarpBuild,passthrough,57.1,2026-08-27T12:51:34Z
MindFi,MindFi,passthrough,57.1,2026-08-27T12:51:34Z
Scispot,Scispot,passthrough,46.2,2026-08-27T12:51:34Z
Mable,Mable,passthrough,60.0,2026-08-27T12:51:34Z
LemFi,LemFi,passthrough,50.0,2026-08-27T12:51:34Z
Coinrule,Coinrule,passthrough,57.1,2026-08-27T12:51:34Z
Sequin,Sequin,passthrough,60.0,2026-08-27T12:51:34Z
Malloc Inc,Malloc Inc,passthrough,54.5,2026-08-27T12:51:34Z
Milky Way AI,Milky Way AI,passthrough,66.7,2026-08-27T12:51:34Z
Whalesync,Whalesync,passthrough,53.3,2026-08-27T12:51:34Z
ShipBlu,ShipBlu,passthrough,50.0,2026-08-27T12:51:34Z
GetDot,GetDot,passthrough,50.0,2026-08-27T12:51:34Z
CoLoop,CoLoop,passthrough,50.0,2026-08-27T12:51:34Z
Miniloop,Miniloop,passthrough,44.4,2026-08-27T12:51:34Z
OneSchema,OneSchema,passthrough,53.3,2026-08-27T12:51:34Z
Stardex,Stardex,passthrough,50.0,2026-08-27T12:51:34Z
Forage Mail,Forage Mail,passthrough,54.5,2026-08-27T12:51:34Z
Aleph Solutions (Alephee),Aleph Solutions (Alephee),passthrough,72.0,2026-08-27T12:51:34Z
Vinco,Vinco,passthrough,61.5,2026-08-27T12:51:34Z
Protex AI,Protex AI,passthrough,66.7,2026-08-27T12:51:34Z
Freterium,Freterium,passthrough,50.0,2026-08-27T12:51:34Z
Mine,Mine,passthrough,57.1,2026-08-27T12:51:34Z
Harmonic Discovery,Harmonic Discovery,passthrough,46.7,2026-08-27T12:51:34Z
Flowly,Flowly,passthrough,40.0,2026-08-27T12:51:34Z
Zensors,Zensors,passthrough,46.2,2026-08-27T12:51:34Z
Evidently AI,Evidently AI,passthrough,66.7,2026-08-27T12:51:34Z
Heimdal,Heimdal,passthrough,66.7,2026-08-27T12:51:34Z
aSim,aSim,passthrough,57.1,2026-08-27T12:51:34Z
Adaptyv,Adaptyv,passthrough,66.7,2026-08-27T12:51:34Z
Spark Studio,Spark Studio,passthrough,52.6,2026-08-27T12:51:34Z
Meticulous,Meticulous,passthrough,44.4,2026-08-27T12:51:34Z
Mentum,Mentum,passthrough,46.2,2026-08-27T12:51:34Z
outloud.ai,outloud.ai,passthrough,50.0,2026-08-27T12:51:34Z
Writesonic,Writesonic,passthrough,47.6,2026-08-27T12:51:34Z
Matrubials,Matrubials,passthrough,58.8,2026-08-27T12:51:34Z
Float,Float,passthrough,44.4,2026-08-27T12:51:34Z
Mach9,Mach9,passthrough,44.4,2026-08-27T12:51:34Z
Revery AI,Revery AI,passthrough,77.8,2026-08-27T12:51:34Z
Tenyks,Tenyks,passthrough,42.9,2026-08-27T12:51:34Z
Adni,Adni,passthrough,57.1,2026-08-27T12:51:34Z
Telmai,Telmai,passthrough,60.0,2026-08-27T12:51:34Z
Hudson Labs (formerly Bedrock AI),Hudson Labs (formerly Bedrock AI),passthrough,82.4,2026-08-27T12:51:34Z
Waterplan,Waterplan,passthrough,52.6,2026-08-27T12:51:34Z
Ferveret,Ferveret,passthrough,50.0,2026-08-27T12:51:34Z
Zuma,Zuma,passthrough,75.0,2026-08-27T12:51:34Z
Vibe Kanban,Vibe Kanban,passthrough,55.6,2026-08-27T12:51:34Z
Caire Health,Caire Health,passthrough,54.5,2026-08-27T12:51:34Z
Baubap,Baubap,passthrough,46.2,2026-08-27T12:51:34Z
Shape,Shape,passthrough,60.0,2026-08-27T12:51:34Z
idemeum,idemeum,passthrough,57.1,2026-08-27T12:51:34Z
Byte Kitchen,Byte Kitchen,passthrough,50.0,2026-08-27T12:51:34Z
StrideQ,StrideQ,passthrough,50.0,2026-08-27T12:51:34Z
ContraForce,ContraForce,passthrough,50.0,2026-08-27T12:51:34Z
Output Biosciences,Output Biosciences,passthrough,41.2,2026-08-27T12:51:34Z
CellChorus,CellChorus,passthrough,44.4,2026-08-27T12:51:34Z
Hirebolt,Hirebolt,passthrough,47.1,2026-08-27T12:51:34Z
Opkit,Opkit,passthrough,54.5,2026-08-27T12:51:34Z
Squire.ai,Squire.ai,passthrough,66.7,2026-08-27T12:51:34Z
SFA Therapeutics,SFA Therapeutics,passthrough,56.0,2026-08-27T12:51:34Z
Spoken,Spoken,passthrough,50.0,2026-08-27T12:51:34Z
Bytebot,Bytebot,passthrough,42.1,2026-08-27T12:51:34Z
BlackOakTV,BlackOakTV,passthrough,45.5,2026-08-27T12:51:34Z
Adravision,Adravision,passthrough,53.8,2026-08-27T12:51:34Z
Medium Biosciences,Medium Biosciences,passthrough,47.1,2026-08-27T12:51:34Z
FirstIgnite,FirstIgnite,passthrough,52.2,2026-08-27T12:51:34Z
Verano Health,Verano Health,passthrough,50.0,2026-08-27T12:51:34Z
Stepful,Stepful,passthrough,42.9,2026-08-27T12:51:34Z
Satsuma,Satsuma,passthrough,62.5,2026-08-27T12:51:34Z
Nash,Nash,passthrough,46.2,2026-08-27T12:51:34Z
Lightly,Lightly,passthrough,50.0,2026-08-27T12:51:34Z
Pide Directo,Pide Directo,passthrough,50.0,2026-08-27T12:51:34Z
Safer Management,Safer Management,passthrough,44.4,2026-08-27T12:51:34Z
Exa,Exa,passthrough,66.7,2026-08-27T12:51:34Z
Sully.ai,Sully.ai,passthrough,60.0,2026-08-27T12:51:34Z
Mecho Autotech,Mecho Autotech,passthrough,48.0,2026-08-27T12:51:34Z
Andi,Andi,passthrough,66.7,2026-08-27T12:51:34Z
Emerge Career,Emerge Career,passthrough,48.3,2026-08-27T12:51:34Z
Attack Capital,Attack Capital,passthrough,50.0,2026-08-27T12:51:34Z
Uberduck,Uberduck,passthrough,44.4,2026-08-27T12:51:34Z
Keylika,Keylika,passthrough,54.5,2026-08-27T12:51:34Z
Compra Rápida,Compra Rápida,passthrough,54.5,2026-08-27T12:51:34Z
SilkChart,SilkChart,passthrough,57.1,2026-08-27T12:51:34Z
TigerEye,TigerEye,passthrough,57.1,2026-08-27T12:51:34Z
Redbird,Redbird,passthrough,53.3,2026-08-27T12:51:34Z
Agave,Agave,passthrough,60.0,2026-08-27T12:51:34Z
Strac,Strac,passthrough,66.7,2026-08-27T12:51:34Z
Pelm,Pelm,passthrough,50.0,2026-08-27T12:51:34Z
Moots,Moots,passthrough,54.5,2026-08-27T12:51:34Z
Capuchin,Capuchin,passthrough,58.8,2026-08-27T12:51:34Z
Sieve,Sieve,passthrough,46.2,2026-08-27T12:51:34Z
PolicyFly,PolicyFly,passthrough,44.4,2026-08-27T12:51:34Z
Lumina,Lumina,passthrough,80.0,2026-08-27T12:51:34Z
Trellus,Trellus,passthrough,47.1,2026-08-27T12:51:34Z
WeReno,WeReno,passthrough,50.0,2026-08-27T12:51:34Z
Rosebud Biosciences,Rosebud Biosciences,passthrough,40.0,2026-08-27T12:51:34Z
VantedgeAI,VantedgeAI,passthrough,55.6,2026-08-27T12:51:34Z
Starling,Starling,passthrough,58.8,2026-08-27T12:51:34Z
Momento,Momento,passthrough,47.1,2026-08-27T12:51:34Z
PromptLoop,PromptLoop,passthrough,40.0,2026-08-27T12:51:34Z
Actipulse Neuroscience,Actipulse Neuroscience,passthrough,45.7,2026-08-27T12:51:34Z
Craniometrix,Craniometrix,passthrough,52.2,2026-08-27T12:51:34Z
Cherry Recommends,Cherry Recommends,passthrough,59.3,2026-08-27T12:51:34Z
Cozmo AI,Cozmo AI,passthrough,66.7,2026-08-27T12:51:34Z
Gencraft,Gencraft,passthrough,47.1,2026-08-27T12:51:34Z
Looq AI,Looq AI,passthrough,66.7,2026-08-27T12:51:34Z
Vexub,Vexub,passthrough,40.0,2026-08-27T12:51:34Z
Hostinger Reach,Hostinger Reach,passthrough,46.2,2026-08-27T12:51:34Z
Teal Resume Builder,Teal Resume Builder,passthrough,41.4,2026-08-27T12:51:34Z
Trade Ideas,Trade Ideas,passthrough,55.6,2026-08-27T12:51:34Z
Drafthorse AI,Drafthorse AI,passthrough,66.7,2026-08-27T12:51:34Z
Wistia Remix,Wistia Remix,passthrough,54.5,2026-08-27T12:51:34Z
AI Text Humanizer,AI Text Humanizer,passthrough,66.7,2026-08-27T12:51:34Z
AI Prompt Library,AI Prompt Library,passthrough,66.7,2026-08-27T12:51:34Z
Angry Email Translator,Angry Email Translator,passthrough,50.0,2026-08-27T12:51:34Z
Eightfold,Eightfold,passthrough,41.7,2026-08-27T12:51:34Z
EbSynth,EbSynth,passthrough,62.5,2026-08-27T12:51:34Z
Shopify,Shopify,passthrough,50.0,2026-08-27T12:51:34Z
Arya.ai,Arya.ai,passthrough,75.0,2026-08-27T12:51:34Z
Xano,Xano,passthrough,57.1,2026-08-27T12:51:34Z
Lumana,Lumana,passthrough,80.0,2026-08-27T12:51:34Z
MimicPC,MimicPC,passthrough,42.9,2026-08-27T12:51:34Z
Sapien,Sapien,passthrough,61.5,2026-08-27T12:51:34Z
Ella by Novella,Ella by Novella,passthrough,50.0,2026-08-27T12:51:34Z
DaVinci Resolve,DaVinci Resolve,passthrough,52.2,2026-08-27T12:51:34Z
Scalenut,Scalenut,passthrough,76.9,2026-08-27T12:51:34Z
Twistly,Twistly,passthrough,57.1,2026-08-27T12:51:34Z
Intellemo,Intellemo,passthrough,60.0,2026-08-27T12:51:34Z
Storycraft,Storycraft,passthrough,63.2,2026-08-27T12:51:34Z
RowSpeak,RowSpeak,passthrough,57.1,2026-08-27T12:51:34Z
Flowstep,Flowstep,passthrough,37.5,2026-08-27T12:51:34Z
GPT Engineer,GPT Engineer,passthrough,66.7,2026-08-27T12:51:34Z
HubSpot AEO,HubSpot AEO,passthrough,50.0,2026-08-27T12:51:34Z
Code Genius,Code Genius,passthrough,66.7,2026-08-27T12:51:34Z
Kustomer,Kustomer,passthrough,57.1,2026-08-27T12:51:34Z
Quizlet,Quizlet,passthrough,47.1,2026-08-27T12:51:34Z
Instories,Instories,passthrough,55.6,2026-08-27T12:51:34Z
Final Touch,Final Touch,passthrough,47.6,2026-08-27T12:51:34Z
Artigen Pro AI,Artigen Pro AI,passthrough,66.7,2026-08-27T12:51:34Z
Book AI Writer,Book AI Writer,passthrough,66.7,2026-08-27T12:51:34Z
VEED.IO,VEED.IO,passthrough,55.6,2026-08-27T12:51:34Z
Smartsheet,Smartsheet,passthrough,52.6,2026-08-27T12:51:34Z
MeetGeek,MeetGeek,passthrough,50.0,2026-08-27T12:51:34Z
Box,Box,passthrough,33.3,2026-08-27T12:51:34Z
PhotoTag.ai,PhotoTag.ai,passthrough,54.5,2026-08-27T12:51:34Z
Lucidpic,Lucidpic,passthrough,42.9,2026-08-27T12:51:34Z
BeeDone,BeeDone,passthrough,53.3,2026-08-27T12:51:34Z
Redactable,Redactable,passthrough,55.6,2026-08-27T12:51:34Z
Huntr,Huntr,passthrough,44.4,2026-08-27T12:51:34Z
GAJIX,GAJIX,passthrough,66.7,2026-08-27T12:51:34Z
Bagoodex,Bagoodex,passthrough,47.1,2026-08-27T12:51:34Z
Trint,Trint,passthrough,57.1,2026-08-27T12:51:34Z
Tripplanner,Tripplanner,passthrough,55.6,2026-08-27T12:51:34Z
Freshchat,Freshchat,passthrough,55.6,2026-08-27T12:51:34Z
Dubs,Dubs,passthrough,44.4,2026-08-27T12:51:34Z
MarsX,MarsX,passthrough,44.4,2026-08-27T12:51:34Z
Thumbly,Thumbly,passthrough,50.0,2026-08-27T12:51:34Z
Hirevue,Hirevue,passthrough,61.5,2026-08-27T12:51:34Z
FusionAds.ai,FusionAds.ai,passthrough,56.0,2026-08-27T12:51:34Z
Haiper,Haiper,passthrough,66.7,2026-08-27T12:51:34Z
Quizgecko,Quizgecko,passthrough,52.2,2026-08-27T12:51:34Z
Magic Studio,Magic Studio,passthrough,63.2,2026-08-27T12:51:34Z
Paradox,Paradox,passthrough,47.1,2026-08-27T12:51:34Z
AI Flashcard Maker by Coursebox,AI Flashcard Maker by Coursebox,passthrough,66.7,2026-08-27T12:51:34Z
X-Design,X-Design,passthrough,50.0,2026-08-27T12:51:34Z
Runware,Runware,passthrough,76.9,2026-08-27T12:51:34Z
Mumble Note,Mumble Note,passthrough,50.0,2026-08-27T12:51:34Z
Vance Video AI,Vance Video AI,passthrough,66.7,2026-08-27T12:51:34Z
ActiveCampaign AI,ActiveCampaign AI,passthrough,66.7,2026-08-27T12:51:34Z
SmartStudi Sidebar,SmartStudi Sidebar,passthrough,41.4,2026-08-27T12:51:34Z
Dreamina,Dreamina,passthrough,62.5,2026-08-27T12:51:34Z
Animoto,Animoto,passthrough,50.0,2026-08-27T12:51:34Z
Pth.AI,Pth.AI,passthrough,61.5,2026-08-27T12:51:34Z
Slazzer,Slazzer,passthrough,50.0,2026-08-27T12:51:34Z
Mindy,Mindy,passthrough,61.5,2026-08-27T12:51:34Z
Marketing Strategy Generator,Marketing Strategy Generator,passthrough,49.0,2026-08-27T12:51:34Z
Salesforce AI,Salesforce AI,passthrough,66.7,2026-08-27T12:51:34Z
Audiosocket,Audiosocket,passthrough,52.6,2026-08-27T12:51:34Z
YouTube Summarizer,YouTube Summarizer,passthrough,41.4,2026-08-27T12:51:34Z
ChatPlayground AI,ChatPlayground AI,passthrough,66.7,2026-08-27T12:51:34Z
mnml AI,mnml AI,passthrough,66.7,2026-08-27T12:51:34Z
Tektonic AI,Tektonic AI,passthrough,66.7,2026-08-27T12:51:34Z
Conch Video,Conch Video,passthrough,47.6,2026-08-27T12:51:34Z
CustomGPT.ai,CustomGPT.ai,passthrough,63.2,2026-08-27T12:51:34Z
Stable Audio,Stable Audio,passthrough,70.0,2026-08-27T12:51:34Z
Pantera Deals,Pantera Deals,passthrough,54.5,2026-08-27T12:51:34Z
HouseCanary,HouseCanary,passthrough,47.1,2026-08-27T12:51:34Z
Recruit CRM,Recruit CRM,passthrough,45.5,2026-08-27T12:51:34Z
CARPL.ai,CARPL.ai,passthrough,66.7,2026-08-27T12:51:34Z
Blog2Video,Blog2Video,passthrough,42.1,2026-08-27T12:51:34Z
KAI,KAI,passthrough,66.7,2026-08-27T12:51:34Z
Speaktor,Speaktor,passthrough,57.1,2026-08-27T12:51:34Z
Resume Worded,Resume Worded,passthrough,42.1,2026-08-27T12:51:34Z
PixelMotion,PixelMotion,passthrough,57.1,2026-08-27T12:51:34Z
Safebet,Safebet,passthrough,50.0,2026-08-27T12:51:34Z
Option Alpha,Option Alpha,passthrough,62.5,2026-08-27T12:51:34Z
Personal AI,Personal AI,passthrough,66.7,2026-08-27T12:51:34Z
Freed,Freed,passthrough,54.5,2026-08-27T12:51:34Z
Castmagic,Castmagic,passthrough,52.6,2026-08-27T12:51:34Z
Meshcapade,Meshcapade,passthrough,53.3,2026-08-27T12:51:34Z
NXN Labs,NXN Labs,passthrough,66.7,2026-08-27T12:51:34Z
Loom,Loom,passthrough,50.0,2026-08-27T12:51:34Z
PaperBrain,PaperBrain,passthrough,63.2,2026-08-27T12:51:34Z
Atoms,Atoms,passthrough,44.4,2026-08-27T12:51:34Z
GitaGPT,GitaGPT,passthrough,50.0,2026-08-27T12:51:34Z
TaxGPT,TaxGPT,passthrough,54.5,2026-08-27T12:51:34Z
Civils.ai,Civils.ai,passthrough,61.5,2026-08-27T12:51:34Z
Talefy,Talefy,passthrough,54.5,2026-08-27T12:51:34Z
Numeric,Numeric,passthrough,50.0,2026-08-27T12:51:34Z
Hypotenuse,Hypotenuse,passthrough,44.4,2026-08-27T12:51:34Z
Hey Internet,Hey Internet,passthrough,54.5,2026-08-27T12:51:34Z
Tortus,Tortus,passthrough,42.9,2026-08-27T12:51:34Z
Textero AI Essay Writer,Textero AI Essay Writer,passthrough,66.7,2026-08-27T12:51:34Z
JanitorAI,JanitorAI,passthrough,55.6,2026-08-27T12:51:34Z
Notta,Notta,passthrough,54.5,2026-08-27T12:51:34Z
Uizard,Uizard,passthrough,40.0,2026-08-27T12:51:34Z
MIRI,MIRI,passthrough,61.5,2026-08-27T12:51:34Z
Solvely,Solvely,passthrough,50.0,2026-08-27T12:51:34Z
Luma AI,Luma AI,exact,100.0,2026-08-27T12:51:34Z
Stable Horde,Stable Horde,passthrough,50.0,2026-08-27T12:51:34Z
AI First,AI First,passthrough,70.6,2026-08-27T12:51:34Z
Aidoc,Aidoc,passthrough,50.0,2026-08-27T12:51:34Z
VideoIdeas.ai,VideoIdeas.ai,passthrough,58.3,2026-08-27T12:51:34Z
HubSpot,HubSpot,passthrough,46.2,2026-08-27T12:51:34Z
PromptPerfect,PromptPerfect,passthrough,53.3,2026-08-27T12:51:34Z
SightsAI,SightsAI,passthrough,52.6,2026-08-27T12:51:34Z
Eleos Health,Eleos Health,passthrough,54.5,2026-08-27T12:51:34Z
BeeBee,BeeBee,passthrough,42.9,2026-08-27T12:51:34Z
Stripo,Stripo,passthrough,53.3,2026-08-27T12:51:34Z
Remote People,Remote People,passthrough,52.2,2026-08-27T12:51:34Z
Hostinger,Hostinger,passthrough,50.0,2026-08-27T12:51:34Z
Netus AI,Netus AI,passthrough,66.7,2026-08-27T12:51:34Z
Lido,Lido,passthrough,42.9,2026-08-27T12:51:34Z
Emergent,Emergent,passthrough,48.3,2026-08-27T12:51:34Z
Loora,Loora,passthrough,54.5,2026-08-27T12:51:34Z
MyMemo AI,MyMemo AI,passthrough,66.7,2026-08-27T12:51:34Z
Camb.ai,Camb.ai,passthrough,72.7,2026-08-27T12:51:34Z
Dr. Fone,Dr. Fone,passthrough,44.4,2026-08-27T12:51:34Z
Manus,Manus,passthrough,46.2,2026-08-27T12:51:34Z
VectorShift,VectorShift,passthrough,50.0,2026-08-27T12:51:34Z
Otio AI,Otio AI,passthrough,66.7,2026-08-27T12:51:34Z
AgentX,AgentX,passthrough,54.5,2026-08-27T12:51:34Z
Ipic.ai,Ipic.ai,passthrough,72.7,2026-08-27T12:51:34Z
Outread,Outread,passthrough,55.6,2026-08-27T12:51:34Z
Looka,Looka,passthrough,54.5,2026-08-27T12:51:34Z
Powder,Powder,passthrough,50.0,2026-08-27T12:51:34Z
eSkilled AI Course Creator,eSkilled AI Course Creator,passthrough,66.7,2026-08-27T12:51:34Z
ProPhotos,ProPhotos,passthrough,42.1,2026-08-27T12:51:34Z
Post-Boost,Post-Boost,passthrough,40.0,2026-08-27T12:51:34Z
Browser Cloud by TestMu AI,Browser Cloud by TestMu AI,passthrough,66.7,2026-08-27T12:51:34Z
Blizzy AI,Blizzy AI,passthrough,66.7,2026-08-27T12:51:34Z
Motiff,Motiff,passthrough,40.0,2026-08-27T12:51:34Z
Chatbase,Chatbase,passthrough,52.6,2026-08-27T12:51:34Z
Gobii,Gobii,passthrough,46.2,2026-08-27T12:51:34Z
Hailo,Hailo,passthrough,53.3,2026-08-27T12:51:34Z
Noteithub,Noteithub,passthrough,50.0,2026-08-27T12:51:34Z
Kane CLI,Kane CLI,passthrough,55.6,2026-08-27T12:51:34Z
Kea,Kea,passthrough,57.1,2026-08-27T12:51:34Z
WolframAlpha,WolframAlpha,passthrough,54.5,2026-08-27T12:51:34Z
Ideogram,Ideogram,passthrough,52.6,2026-08-27T12:51:34Z
LogoAI,LogoAI,passthrough,53.3,2026-08-27T12:51:34Z
Layer AI,Layer AI,passthrough,70.6,2026-08-27T12:51:34Z
Wisedocs,Wisedocs,passthrough,50.0,2026-08-27T12:51:34Z
MarketAlerts.ai,MarketAlerts.ai,passthrough,59.3,2026-08-27T12:51:34Z
Leya AI,Leya AI,passthrough,71.4,2026-08-27T12:51:34Z
Nabla,Nabla,passthrough,57.1,2026-08-27T12:51:34Z
1forAll,1forAll,passthrough,50.0,2026-08-27T12:51:34Z
Profile Picture Maker,Profile Picture Maker,passthrough,43.8,2026-08-27T12:51:34Z
Pykaso AI,Pykaso AI,passthrough,66.7,2026-08-27T12:51:34Z
PortfolioGPT,PortfolioGPT,passthrough,45.5,2026-08-27T12:51:34Z
Semrush AI Visibility Toolkit,Semrush AI Visibility Toolkit,passthrough,66.7,2026-08-27T12:51:34Z
NightCafe Studio,NightCafe Studio,passthrough,46.2,2026-08-27T12:51:34Z
Thunderbit,Thunderbit,passthrough,47.6,2026-08-27T12:51:34Z
Brandblast.ai,Brandblast.ai,passthrough,58.3,2026-08-27T12:51:34Z
QOVES,QOVES,passthrough,40.0,2026-08-27T12:51:34Z
Endel,Endel,passthrough,50.0,2026-08-27T12:51:34Z
UniAI,UniAI,passthrough,54.5,2026-08-27T12:51:34Z
Pika,Pika,passthrough,54.5,2026-08-27T12:51:34Z
Coinfeeds,Coinfeeds,passthrough,53.3,2026-08-27T12:51:34Z
AI MSL,AI MSL,passthrough,75.0,2026-08-27T12:51:34Z
mymind,mymind,passthrough,57.1,2026-08-27T12:51:34Z
Call Annie,Call Annie,passthrough,66.7,2026-08-27T12:51:34Z
MachGen,MachGen,passthrough,52.6,2026-08-27T12:51:34Z
Ambient,Ambient,passthrough,57.1,2026-08-27T12:51:34Z
Knotr AI,Knotr AI,passthrough,66.7,2026-08-27T12:51:34Z
xeditai,xeditai,passthrough,60.0,2026-08-27T12:51:34Z
Guardrail Technologies,Guardrail Technologies,passthrough,82.8,2026-08-27T12:51:34Z
Dream Interpreter,Dream Interpreter,passthrough,50.0,2026-08-27T12:51:34Z
Thinkdiffusion,Thinkdiffusion,passthrough,50.0,2026-08-27T12:51:34Z
Speechify Studio - AI Voice Generator,Speechify Studio - AI Voice Generator,passthrough,66.7,2026-08-27T12:51:34Z
Dexa AI,Dexa AI,passthrough,72.7,2026-08-27T12:51:34Z
RunSybil,RunSybil,passthrough,62.5,2026-08-27T12:51:34Z
Dcipher Insight Booster,Dcipher Insight Booster,passthrough,46.2,2026-08-27T12:51:34Z
Dedoctive,Dedoctive,passthrough,47.1,2026-08-27T12:51:34Z
PDFFly,PDFFly,passthrough,37.5,2026-08-27T12:51:34Z
PlotStudio AI,PlotStudio AI,passthrough,66.7,2026-08-27T12:51:34Z
Aidelly,Aidelly,passthrough,55.6,2026-08-27T12:51:34Z
Akkio,Akkio,passthrough,50.0,2026-08-27T12:51:34Z
Wix Logo Maker,Wix Logo Maker,passthrough,41.7,2026-08-27T12:51:34Z
GPT for Sheets and Docs,GPT for Sheets and Docs,passthrough,50.0,2026-08-27T12:51:34Z
Azara,Azara,passthrough,50.0,2026-08-27T12:51:34Z
Mindsera,Mindsera,passthrough,66.7,2026-08-27T12:51:34Z
Quilter,Quilter,passthrough,44.4,2026-08-27T12:51:34Z
Abridge,Abridge,passthrough,57.1,2026-08-27T12:51:34Z
Casablanca,Casablanca,passthrough,63.2,2026-08-27T12:51:34Z
NVIDIA,NVIDIA,passthrough,42.9,2026-08-27T12:51:34Z
STORYD,STORYD,passthrough,50.0,2026-08-27T12:51:34Z
Lutra AI,Lutra AI,passthrough,80.0,2026-08-27T12:51:34Z
Assert AI,Assert AI,passthrough,77.8,2026-08-27T12:51:34Z
Merlin,Merlin,passthrough,53.3,2026-08-27T12:51:34Z
CapCut Commerce,CapCut Commerce,passthrough,58.3,2026-08-27T12:51:34Z
MaxAI.me,MaxAI.me,passthrough,54.5,2026-08-27T12:51:34Z
Maxfusion,Maxfusion,passthrough,50.0,2026-08-27T12:51:34Z
ElevenLabs,ElevenLabs,exact,100.0,2026-08-27T12:51:34Z
Artbreeder,Artbreeder,passthrough,47.6,2026-08-27T12:51:34Z
Noisee AI,Noisee AI,passthrough,66.7,2026-08-27T12:51:34Z
Caffeine,Caffeine,passthrough,53.3,2026-08-27T12:51:34Z
Ceartas DMCA,Ceartas DMCA,passthrough,52.2,2026-08-27T12:51:34Z
Whoop,Whoop,passthrough,42.9,2026-08-27T12:51:34Z
Wegic,Wegic,passthrough,46.2,2026-08-27T12:51:34Z
Hostinger Horizons,Hostinger Horizons,passthrough,42.9,2026-08-27T12:51:34Z
Ordinary People Prompts,Ordinary People Prompts,passthrough,44.4,2026-08-27T12:51:34Z
X-Pilot AI,xAI,fuzzy,100.0,2026-08-27T12:51:34Z
Shipixen,Shipixen,passthrough,53.3,2026-08-27T12:51:34Z
Chat Prompt Genius,Chat Prompt Genius,passthrough,45.2,2026-08-27T12:51:34Z
WellSaid,WellSaid,passthrough,55.6,2026-08-27T12:51:34Z
Design.com,Design.com,passthrough,66.7,2026-08-27T12:51:34Z
AI Consulting Tools,AI Consulting Tools,passthrough,66.7,2026-08-27T12:51:34Z
TutorAI,TutorAI,passthrough,55.6,2026-08-27T12:51:34Z
SayWhatt,SayWhatt,passthrough,47.1,2026-08-27T12:51:34Z
Minion AI,Minion AI,passthrough,72.7,2026-08-27T12:51:34Z
Luminance,Luminance,passthrough,61.5,2026-08-27T12:51:34Z
Unriddle,Unriddle,passthrough,42.9,2026-08-27T12:51:34Z
PublicAI,PublicAI,passthrough,58.8,2026-08-27T12:51:34Z
Falcon LLM,Falcon LLM,passthrough,52.6,2026-08-27T12:51:34Z
Gigasheet,Gigasheet,passthrough,55.6,2026-08-27T12:51:34Z
Adobe Photoshop,Adobe Photoshop,passthrough,50.0,2026-08-27T12:51:34Z
DataSnipper,DataSnipper,passthrough,60.0,2026-08-27T12:51:34Z
MagicPhotos,MagicPhotos,passthrough,50.0,2026-08-27T12:51:34Z
SYSTRAN,SYSTRAN,passthrough,57.1,2026-08-27T12:51:34Z
Monica,Monica,passthrough,54.5,2026-08-27T12:51:34Z
StudyX,StudyX,passthrough,40.0,2026-08-27T12:51:34Z
Ask Layla,Ask Layla,passthrough,55.6,2026-08-27T12:51:34Z
AI Home Design,AI Home Design,passthrough,66.7,2026-08-27T12:51:34Z
Coris,Coris,passthrough,57.1,2026-08-27T12:51:34Z
Adobe Podcast,Adobe Podcast,passthrough,55.6,2026-08-27T12:51:34Z
Microsoft Designer,Microsoft Designer,passthrough,44.4,2026-08-27T12:51:34Z
Jasper Art,Jasper,fuzzy,100.0,2026-08-27T12:51:34Z
Jace,Jace,passthrough,60.0,2026-08-27T12:51:34Z
Writecream,Writecream,passthrough,52.2,2026-08-27T12:51:34Z
Durable AI,Durable AI,passthrough,66.7,2026-08-27T12:51:34Z
Magnific AI Voice Generator,Magnific AI Voice Generator,passthrough,66.7,2026-08-27T12:51:34Z
MurmurCast,MurmurCast,passthrough,44.4,2026-08-27T12:51:34Z
Giftpack,Giftpack,passthrough,52.6,2026-08-27T12:51:34Z
SEOWriteX,SEOWriteX,passthrough,47.1,2026-08-27T12:51:34Z
Parspec,Parspec,passthrough,61.5,2026-08-27T12:51:34Z
Stable Diffusion,Stable Diffusion,passthrough,50.0,2026-08-27T12:51:34Z
Text2SQL,Text2SQL,passthrough,37.5,2026-08-27T12:51:34Z
PostSam,PostSam,passthrough,50.0,2026-08-27T12:51:34Z
Tennr,Tennr,passthrough,50.0,2026-08-27T12:51:34Z
Liberate,Liberate,passthrough,58.8,2026-08-27T12:51:34Z
Deci,Deci,passthrough,54.5,2026-08-27T12:51:34Z
Hear,Hear,passthrough,60.0,2026-08-27T12:51:34Z
Powabase,Powabase,passthrough,50.0,2026-08-27T12:51:34Z
Flowjin,Flowjin,passthrough,47.1,2026-08-27T12:51:34Z
Rodin,Rodin,passthrough,50.0,2026-08-27T12:51:34Z
Immersity AI,Immersity AI,passthrough,66.7,2026-08-27T12:51:34Z
Spiritt,Spiritt,passthrough,50.0,2026-08-27T12:51:34Z
Bardeen AI,Bardeen AI,passthrough,66.7,2026-08-27T12:51:34Z
Ambience,Ambience,passthrough,66.7,2026-08-27T12:51:34Z
Ari by Ariso,Ari by Ariso,passthrough,57.1,2026-08-27T12:51:34Z
Evalyze,Evalyze,passthrough,53.3,2026-08-27T12:51:34Z
Originality.AI,Originality.AI,passthrough,61.5,2026-08-27T12:51:34Z
VidMage,VidMage,passthrough,53.3,2026-08-27T12:51:34Z
BrandWell,BrandWell,passthrough,50.0,2026-08-27T12:51:34Z
CoupleWork,CoupleWork,passthrough,50.0,2026-08-27T12:51:34Z
StageHQ AI,StageHQ AI,passthrough,66.7,2026-08-27T12:51:34Z
ThumbnailAI,ThumbnailAI,passthrough,54.5,2026-08-27T12:51:34Z
Swapp,Swapp,passthrough,40.0,2026-08-27T12:51:34Z
Creatify,Creatify,passthrough,53.3,2026-08-27T12:51:34Z
Claude,Claude,passthrough,54.5,2026-08-27T12:51:34Z
Eve Legal,Eve Legal,passthrough,60.0,2026-08-27T12:51:34Z
PaioClaw,PaioClaw,passthrough,53.3,2026-08-27T12:51:34Z
Mexty,Mexty,passthrough,53.3,2026-08-27T12:51:34Z
Leni,Leni,passthrough,66.7,2026-08-27T12:51:34Z
Powtoon,Powtoon,passthrough,40.0,2026-08-27T12:51:34Z
Applaime,Applaime,passthrough,53.3,2026-08-27T12:51:34Z
Offrs,Offrs,passthrough,36.4,2026-08-27T12:51:34Z
Vmake,Vmake,passthrough,46.2,2026-08-27T12:51:34Z
Fliz,Fliz,passthrough,42.9,2026-08-27T12:51:34Z
Makiverse,Makiverse,passthrough,55.6,2026-08-27T12:51:34Z
ZAPT,ZAPT,passthrough,66.7,2026-08-27T12:51:34Z
InsightBase,InsightBase,passthrough,51.9,2026-08-27T12:51:34Z
Casper AI,Casper AI,passthrough,88.9,2026-08-27T12:51:34Z
VideoGen,VideoGen,passthrough,53.3,2026-08-27T12:51:34Z
Photomyne,Photomyne,passthrough,47.1,2026-08-27T12:51:34Z
MindOS,MindOS,passthrough,57.1,2026-08-27T12:51:34Z
iPlan.ai,iPlan.ai,passthrough,60.0,2026-08-27T12:51:34Z
Finch 3D,Finch 3D,passthrough,42.1,2026-08-27T12:51:34Z
Bluedot,Bluedot,passthrough,50.0,2026-08-27T12:51:34Z
Beatwave,Beatwave,passthrough,61.5,2026-08-27T12:51:34Z
BridgeWise,BridgeWise,passthrough,46.2,2026-08-27T12:51:34Z
KindredMind,KindredMind,passthrough,63.2,2026-08-27T12:51:34Z
Cody,Cody,passthrough,60.0,2026-08-27T12:51:34Z
Converse Now,Converse Now,passthrough,55.6,2026-08-27T12:51:34Z
Semrush Advertising Toolkit,Semrush Advertising Toolkit,passthrough,41.7,2026-08-27T12:51:34Z
Copilot for Microsoft 365,Copilot for Microsoft 365,passthrough,38.1,2026-08-27T12:51:34Z
Eskritor,Eskritor,passthrough,44.4,2026-08-27T12:51:34Z
iZotope RX,iZotope RX,passthrough,47.6,2026-08-27T12:51:34Z
Chorus,Chorus,passthrough,50.0,2026-08-27T12:51:34Z
SuperAGI,SuperAGI,passthrough,70.6,2026-08-27T12:51:34Z
Fliki,Fliki,passthrough,44.4,2026-08-27T12:51:34Z
Vyro AI,Vyro AI,passthrough,66.7,2026-08-27T12:51:34Z
Riffusion,Riffusion,passthrough,52.6,2026-08-27T12:51:34Z
KrispCall,KrispCall,passthrough,58.8,2026-08-27T12:51:34Z
VMEG,VMEG,passthrough,44.4,2026-08-27T12:51:34Z
AI HUB by Picsart,AI HUB by Picsart,passthrough,66.7,2026-08-27T12:51:34Z
Cutout Pro,Cutout Pro,passthrough,50.0,2026-08-27T12:51:34Z
Docus,Docus,passthrough,54.5,2026-08-27T12:51:34Z
Google Cloud Vision AI,Google Cloud Vision AI,passthrough,66.7,2026-08-27T12:51:34Z
Teachable Machine,Teachable Machine,passthrough,56.0,2026-08-27T12:51:34Z
Sonix,Sonix,passthrough,54.5,2026-08-27T12:51:34Z
Playground AI,Playground AI,passthrough,66.7,2026-08-27T12:51:34Z
Writingmate,Writingmate,passthrough,52.6,2026-08-27T12:51:34Z
Amazon Translate,Amazon Translate,passthrough,48.5,2026-08-27T12:51:34Z
Glean,Glean,exact,100.0,2026-08-27T12:51:34Z
Humanize AI Pro,Humanize AI Pro,passthrough,66.7,2026-08-27T12:51:34Z
Anakin.ai,Anakin.ai,passthrough,70.6,2026-08-27T12:51:34Z
Pi,Pi,passthrough,50.0,2026-08-27T12:51:34Z
Sendmux,Sendmux,passthrough,40.0,2026-08-27T12:51:34Z
RightJoin,RightJoin,passthrough,47.6,2026-08-27T12:51:34Z
insMind,insMind,passthrough,53.3,2026-08-27T12:51:34Z
Scholarcy,Scholarcy,passthrough,53.3,2026-08-27T12:51:34Z
Juno Research,Juno Research,passthrough,42.1,2026-08-27T12:51:34Z
Microsoft Bing,Microsoft Bing,passthrough,52.2,2026-08-27T12:51:34Z
Comment Generator,Comment Generator,passthrough,52.9,2026-08-27T12:51:34Z
Limestone Digital,Limestone Digital,passthrough,46.7,2026-08-27T12:51:34Z
Gling,Gling,passthrough,60.0,2026-08-27T12:51:34Z
Pictory,Pictory,passthrough,57.1,2026-08-27T12:51:34Z
Twee,Twee,passthrough,50.0,2026-08-27T12:51:34Z
Facefame,Facefame,passthrough,50.0,2026-08-27T12:51:34Z
Flick,Flick,passthrough,42.9,2026-08-27T12:51:34Z
Bloome,Bloome,passthrough,42.9,2026-08-27T12:51:34Z
Listnr,Listnr,passthrough,61.5,2026-08-27T12:51:34Z
Google Translate,Google Translate,passthrough,57.1,2026-08-27T12:51:34Z
DealSize.ai,DealSize.ai,passthrough,60.0,2026-08-27T12:51:34Z
Ludo,Ludo,passthrough,50.0,2026-08-27T12:51:34Z
Canva,Canva,passthrough,57.1,2026-08-27T12:51:34Z
PicMa Studio,PicMa Studio,passthrough,52.6,2026-08-27T12:51:34Z
Aithor,Aithor,passthrough,58.8,2026-08-27T12:51:34Z
Voibe,Voibe,passthrough,60.0,2026-08-27T12:51:34Z
Vsub,Vsub,passthrough,50.0,2026-08-27T12:51:34Z
Socratic by Google,Socratic by Google,passthrough,57.1,2026-08-27T12:51:34Z
Lumiere 3D,Lumiere 3D,passthrough,47.1,2026-08-27T12:51:34Z
NanaImage,NanaImage,passthrough,50.0,2026-08-27T12:51:34Z
Chromox,Chromox,passthrough,76.9,2026-08-27T12:51:34Z
MyEssayWriter.ai,MyEssayWriter.ai,passthrough,57.1,2026-08-27T12:51:34Z
BrandScreen,BrandScreen,passthrough,52.6,2026-08-27T12:51:34Z
Munch Studio,Munch Studio,passthrough,45.5,2026-08-27T12:51:34Z
Create,Create,passthrough,66.7,2026-08-27T12:51:34Z
CreativAI,CreativAI,passthrough,62.5,2026-08-27T12:51:34Z
Charisma,Charisma,passthrough,71.4,2026-08-27T12:51:34Z
Collov AI,Collov AI,passthrough,66.7,2026-08-27T12:51:34Z
ThumbnailCreator.com,ThumbnailCreator.com,passthrough,52.9,2026-08-27T12:51:34Z
Topaz Labs,Topaz Labs,passthrough,70.0,2026-08-27T12:51:34Z
Pollinations,Pollinations,passthrough,54.5,2026-08-27T12:51:34Z
Spellbook,Spellbook,passthrough,45.5,2026-08-27T12:51:34Z
Elephant,Elephant,passthrough,61.5,2026-08-27T12:51:34Z
Vmaker AI,Vmaker AI,passthrough,66.7,2026-08-27T12:51:34Z
Videoleap,Videoleap,passthrough,50.0,2026-08-27T12:51:34Z
Axion Ray,Axion Ray,passthrough,66.7,2026-08-27T12:51:34Z
UGO,UGO,passthrough,57.1,2026-08-27T12:51:34Z
Penelope AI,Penelope AI,passthrough,66.7,2026-08-27T12:51:34Z
Suno,Suno,exact,100.0,2026-08-27T12:51:34Z
Komo Search,Komo Search,passthrough,40.0,2026-08-27T12:51:34Z
Niomake,Niomake,passthrough,50.0,2026-08-27T12:51:34Z
Meta AI,Meta AI,passthrough,71.4,2026-08-27T12:51:34Z
Sudowrite,Sudowrite,passthrough,47.1,2026-08-27T12:51:34Z
CharacterX,CharacterX,passthrough,85.7,2026-08-27T12:51:34Z
InteriorAI,InteriorAI,passthrough,60.9,2026-08-27T12:51:34Z
Mindflow,Mindflow,passthrough,55.6,2026-08-27T12:51:34Z
HAPPYROBOT,HAPPYROBOT,passthrough,44.4,2026-08-27T12:51:34Z
Kaiber,Kaiber,passthrough,54.5,2026-08-27T12:51:34Z
Grammarly,Grammarly,passthrough,47.1,2026-08-27T12:51:34Z
Proposal Genie,Proposal Genie,passthrough,45.5,2026-08-27T12:51:34Z
Cleanup.pictures,Cleanup.pictures,passthrough,48.0,2026-08-27T12:51:34Z
Vidnoz,Vidnoz,passthrough,46.2,2026-08-27T12:51:34Z
Trickle AI,Trickle AI,passthrough,66.7,2026-08-27T12:51:34Z
SearchCans,SearchCans,passthrough,52.6,2026-08-27T12:51:34Z
Google Earth Studio,Google Earth Studio,passthrough,57.1,2026-08-27T12:51:34Z
Moxo,Moxo,passthrough,46.2,2026-08-27T12:51:34Z
Capafy,Capafy,passthrough,50.0,2026-08-27T12:51:34Z
Microsoft Translator,Microsoft Translator,passthrough,55.2,2026-08-27T12:51:34Z
Voctiv,Voctiv,passthrough,40.0,2026-08-27T12:51:34Z
EducatorLab,EducatorLab,passthrough,47.6,2026-08-27T12:51:34Z
Arini,Arini,passthrough,58.8,2026-08-27T12:51:34Z
TattoosAI,TattoosAI,passthrough,50.0,2026-08-27T12:51:34Z
SalesCloser AI,SalesCloser AI,passthrough,66.7,2026-08-27T12:51:34Z
GiftHuntr,GiftHuntr,passthrough,47.1,2026-08-27T12:51:34Z
Cabina AI,Cabina AI,passthrough,66.7,2026-08-27T12:51:34Z
Tenorshare AI,Tenorshare AI,passthrough,66.7,2026-08-27T12:51:34Z
YouWare,YouWare,passthrough,50.0,2026-08-27T12:51:34Z
MolyPix.AI,MolyPix.AI,passthrough,58.8,2026-08-27T12:51:34Z
Quick Creator,Quick Creator,passthrough,52.2,2026-08-27T12:51:34Z
Questie AI,Questie AI,passthrough,66.7,2026-08-27T12:51:34Z
Descript,Descript,passthrough,61.5,2026-08-27T12:51:34Z
Alphastream,Alphastream,passthrough,57.1,2026-08-27T12:51:34Z
Ninjachat AI,Ninjachat AI,passthrough,66.7,2026-08-27T12:51:34Z
aiOS,aiOS,passthrough,57.1,2026-08-27T12:51:34Z
Autodraft,Autodraft,passthrough,53.3,2026-08-27T12:51:34Z
Align AI,Align AI,passthrough,66.7,2026-08-27T12:51:34Z
Renamer.ai,Renamer.ai,passthrough,70.6,2026-08-27T12:51:34Z
Booke AI,Booke AI,passthrough,66.7,2026-08-27T12:51:34Z
Blaze,Blaze,passthrough,44.4,2026-08-27T12:51:34Z
Jeffrey Celavie,Jeffrey Celavie,passthrough,50.0,2026-08-27T12:51:34Z
Deep Realms,Deep Realms,passthrough,58.3,2026-08-27T12:51:34Z
Chatling,Chatling,passthrough,66.7,2026-08-27T12:51:34Z
Inner AI,Inner AI,passthrough,66.7,2026-08-27T12:51:34Z
Sully AI,Sully AI,passthrough,66.7,2026-08-27T12:51:34Z
Cron AI,Cron AI,passthrough,75.0,2026-08-27T12:51:34Z
WriteHuman,WriteHuman,passthrough,47.1,2026-08-27T12:51:34Z
ON1 Photo RAW,ON1 Photo RAW,passthrough,42.1,2026-08-27T12:51:34Z
Moonshot AI,Moonshot AI,passthrough,66.7,2026-08-27T12:51:34Z
GoEnhance AI,GoEnhance AI,passthrough,66.7,2026-08-27T12:51:34Z
Respan,Respan,passthrough,60.0,2026-08-27T12:51:34Z
Dezgo,Dezgo,passthrough,44.4,2026-08-27T12:51:34Z
Finster AI,Finster AI,passthrough,70.0,2026-08-27T12:51:34Z
Freebeat,Freebeat,passthrough,50.0,2026-08-27T12:51:34Z
10Web,10Web,passthrough,50.0,2026-08-27T12:51:34Z
Gumloop,Gumloop,passthrough,40.0,2026-08-27T12:51:34Z
PDF Flex,PDF Flex,passthrough,42.1,2026-08-27T12:51:34Z
DeepL Translator,DeepL Translator,passthrough,50.0,2026-08-27T12:51:34Z
Retell AI,Retell AI,passthrough,66.7,2026-08-27T12:51:34Z
Sibyl AI,Sibyl AI,passthrough,66.7,2026-08-27T12:51:34Z
Dispute Panda,Dispute Panda,passthrough,47.6,2026-08-27T12:51:34Z
ViSenze,ViSenze,passthrough,53.3,2026-08-27T12:51:34Z
MokSa.AI,MokSa.AI,passthrough,66.7,2026-08-27T12:51:34Z
AI Email Writer,AI Email Writer,passthrough,66.7,2026-08-27T12:51:34Z
LLMStack,LLMStack,passthrough,53.3,2026-08-27T12:51:34Z
Deduction,Deduction,passthrough,63.2,2026-08-27T12:51:34Z
Kits AI,Kits AI,passthrough,66.7,2026-08-27T12:51:34Z
GPTBots,GPTBots,passthrough,40.0,2026-08-27T12:51:34Z
Transcript.LOL,Transcript.LOL,passthrough,46.2,2026-08-27T12:51:34Z
AI Photo Filter,AI Photo Filter,passthrough,66.7,2026-08-27T12:51:34Z
Vertech Academy,Vertech Academy,passthrough,46.2,2026-08-27T12:51:34Z
Dataspot,Dataspot,passthrough,55.6,2026-08-27T12:51:34Z
Turnitin,Turnitin,passthrough,53.3,2026-08-27T12:51:34Z
BigIdeasDB,BigIdeasDB,passthrough,42.1,2026-08-27T12:51:34Z
Fluid Topics,Fluid Topics,passthrough,47.6,2026-08-27T12:51:34Z
Recall,Recall,passthrough,60.0,2026-08-27T12:51:34Z
Bytemine,Bytemine,passthrough,53.3,2026-08-27T12:51:34Z
Dzine AI,Dzine AI,passthrough,66.7,2026-08-27T12:51:34Z
Vimerse Studio,Vimerse Studio,passthrough,43.5,2026-08-27T12:51:34Z
Genspark.ai,Genspark.ai,passthrough,60.0,2026-08-27T12:51:34Z
RoomGPT,RoomGPT,passthrough,53.3,2026-08-27T12:51:34Z
DetectGPT,DetectGPT,passthrough,57.1,2026-08-27T12:51:34Z
Rendernet,Rendernet,passthrough,53.3,2026-08-27T12:51:34Z
eesel AI,eesel AI,passthrough,66.7,2026-08-27T12:51:34Z
GPTExcel,GPTExcel,passthrough,58.8,2026-08-27T12:51:34Z
Excel Formula Bot,Excel Formula Bot,passthrough,38.5,2026-08-27T12:51:34Z
Magic School AI,Magic School AI,passthrough,66.7,2026-08-27T12:51:34Z
WPTurbo,WPTurbo,passthrough,46.2,2026-08-27T12:51:34Z
E2B,E2B,passthrough,36.4,2026-08-27T12:51:34Z
echowin,echowin,passthrough,53.3,2026-08-27T12:51:34Z
vivago.ai,vivago.ai,passthrough,57.1,2026-08-27T12:51:34Z
DashVox,DashVox,passthrough,42.9,2026-08-27T12:51:34Z
Magic Type AI,Magic Type AI,passthrough,66.7,2026-08-27T12:51:34Z
Easy Peasy AI,Easy Peasy AI,passthrough,66.7,2026-08-27T12:51:34Z
Relevance AI,Relevance AI,passthrough,66.7,2026-08-27T12:51:34Z
Thoughtful AI,Thoughtful AI,passthrough,66.7,2026-08-27T12:51:34Z
Lore,Lore,passthrough,60.0,2026-08-27T12:51:34Z
Rad AI,Rad AI,passthrough,76.9,2026-08-27T12:51:34Z
Resoomer,Resoomer,passthrough,57.1,2026-08-27T12:51:34Z
aicut,aicut,passthrough,57.1,2026-08-27T12:51:34Z
CaseGuard Studio,CaseGuard Studio,passthrough,45.5,2026-08-27T12:51:34Z
Synthesys Studio,Synthesys Studio,passthrough,56.0,2026-08-27T12:51:34Z
Spiritme,Spiritme,passthrough,47.1,2026-08-27T12:51:34Z
Tarotap,Tarotap,passthrough,50.0,2026-08-27T12:51:34Z
REimagine Home,REimagine Home,passthrough,45.5,2026-08-27T12:51:34Z
Simplified,Simplified,passthrough,47.6,2026-08-27T12:51:34Z
Promptomania,Promptomania,passthrough,48.0,2026-08-27T12:51:34Z
AI Quiz Generator by Coursebox,AI Quiz Generator by Coursebox,passthrough,66.7,2026-08-27T12:51:34Z
Langotalk,Langotalk,passthrough,55.6,2026-08-27T12:51:34Z
AI PDF Summarizer by PDF Guru,AI PDF Summarizer by PDF Guru,passthrough,66.7,2026-08-27T12:51:34Z
micro1,micro1,passthrough,53.3,2026-08-27T12:51:34Z
MyMap AI,MyMap AI,passthrough,66.7,2026-08-27T12:51:34Z
Flair AI,Flair AI,passthrough,70.6,2026-08-27T12:51:34Z
Wordsmith,Wordsmith,passthrough,44.4,2026-08-27T12:51:34Z
Mental Models AI,Mental Models AI,passthrough,66.7,2026-08-27T12:51:34Z
Zapier,Zapier,passthrough,66.7,2026-08-27T12:51:34Z
Lorka AI,Lorka AI,passthrough,80.0,2026-08-27T12:51:34Z
Synthesia,Synthesia,exact,100.0,2026-08-27T12:51:34Z
ZenAI,ZenAI,passthrough,72.7,2026-08-27T12:51:34Z
Flot AI,Flot AI,passthrough,66.7,2026-08-27T12:51:34Z
Virtual House Flip,Virtual House Flip,passthrough,42.9,2026-08-27T12:51:34Z
Immersive Translate,Immersive Translate,passthrough,50.0,2026-08-27T12:51:34Z
Dola,Dola,passthrough,60.0,2026-08-27T12:51:34Z
Runway,Runway,exact,100.0,2026-08-27T12:51:34Z
Pizi,Pizi,passthrough,40.0,2026-08-27T12:51:34Z
Uptrends.ai,Uptrends.ai,passthrough,60.0,2026-08-27T12:51:34Z
Riverside,Riverside,passthrough,50.0,2026-08-27T12:51:34Z
vidflux.ai,vidflux.ai,passthrough,57.1,2026-08-27T12:51:34Z
Google Gemini,Google Gemini,passthrough,78.6,2026-08-27T12:51:34Z
Parabola,Parabola,passthrough,50.0,2026-08-27T12:51:34Z
AI Credit Repair,AI Credit Repair,passthrough,66.7,2026-08-27T12:51:34Z
dsgnr AI,dsgnr AI,passthrough,66.7,2026-08-27T12:51:34Z
Doctrina,Doctrina,passthrough,57.1,2026-08-27T12:51:34Z
CureSkin,CureSkin,passthrough,57.1,2026-08-27T12:51:34Z
Thoughtly,Thoughtly,passthrough,47.1,2026-08-27T12:51:34Z
Video Candy,Video Candy,passthrough,50.0,2026-08-27T12:51:34Z
sync.,sync.,passthrough,47.1,2026-08-27T12:51:34Z
Studyable,Studyable,passthrough,57.1,2026-08-27T12:51:34Z
Seeker,Seeker,passthrough,50.0,2026-08-27T12:51:34Z
Gamma,Gamma,passthrough,50.0,2026-08-27T12:51:34Z
Rogo,Rogo,passthrough,50.0,2026-08-27T12:51:34Z
Jimdo,Jimdo,passthrough,42.9,2026-08-27T12:51:34Z
Coool AI,Coool AI,passthrough,66.7,2026-08-27T12:51:34Z
Unreal Speech,Unreal Speech,passthrough,47.6,2026-08-27T12:51:34Z
Comet,Comet,passthrough,54.5,2026-08-27T12:51:34Z
Clay,Clay,passthrough,54.5,2026-08-27T12:51:34Z
Chronicle,Chronicle,passthrough,55.6,2026-08-27T12:51:34Z
Respeecher,Respeecher,passthrough,52.6,2026-08-27T12:51:34Z
NeuBird,NeuBird,passthrough,44.4,2026-08-27T12:51:34Z
JoggAI,JoggAI,passthrough,50.0,2026-08-27T12:51:34Z
Trading Literacy,Trading Literacy,passthrough,51.9,2026-08-27T12:51:34Z
SiteExplainer,SiteExplainer,passthrough,50.0,2026-08-27T12:51:34Z
HiClip,HiClip,passthrough,46.2,2026-08-27T12:51:34Z
Voilà,Voilà,passthrough,40.0,2026-08-27T12:51:34Z
AIEASE,AIEASE,passthrough,66.7,2026-08-27T12:51:34Z
Robopost AI,Robopost AI,passthrough,66.7,2026-08-27T12:51:35Z
Tickclip,Tickclip,passthrough,47.1,2026-08-27T12:51:35Z
OpenClaw,OpenClaw,passthrough,71.4,2026-08-27T12:51:35Z
AudioShake,AudioShake,passthrough,55.6,2026-08-27T12:51:35Z
timeOS,timeOS,passthrough,54.5,2026-08-27T12:51:35Z
Adaptive Insights,Adaptive Insights,passthrough,57.1,2026-08-27T12:51:35Z
Toqan,Toqan,passthrough,54.5,2026-08-27T12:51:35Z
Google AI Studio,Google AI Studio,passthrough,66.7,2026-08-27T12:51:35Z
Gong,Gong,passthrough,50.0,2026-08-27T12:51:35Z
Navos,Navos,passthrough,44.4,2026-08-27T12:51:35Z
Vocal Remover,Vocal Remover,passthrough,44.4,2026-08-27T12:51:35Z
Pixelicious,Pixelicious,passthrough,54.5,2026-08-27T12:51:35Z
Nametastic,Nametastic,passthrough,55.6,2026-08-27T12:51:35Z
goHeather,goHeather,passthrough,70.6,2026-08-27T12:51:35Z
PracTalk,PracTalk,passthrough,52.6,2026-08-27T12:51:35Z
Mixo,Mixo,passthrough,50.0,2026-08-27T12:51:35Z
Vidiofy,Vidiofy,passthrough,47.1,2026-08-27T12:51:35Z
Rose AI,Rose AI,passthrough,71.4,2026-08-27T12:51:35Z
Hippocratic AI,Hippocratic AI,passthrough,66.7,2026-08-27T12:51:35Z
TurboScribe,TurboScribe,passthrough,47.1,2026-08-27T12:51:35Z
LogoFast,LogoFast,passthrough,42.9,2026-08-27T12:51:35Z
Genmo AI,Genmo AI,passthrough,66.7,2026-08-27T12:51:35Z
Wrangle,Wrangle,passthrough,53.3,2026-08-27T12:51:35Z
Stability,Stability AI,alias,100.0,2026-08-27T12:51:35Z
Udio,Udio,passthrough,50.0,2026-08-27T12:51:35Z
Insight7,Insight7,passthrough,50.0,2026-08-27T12:51:35Z
Video Magic,Video Magic,passthrough,50.0,2026-08-27T12:51:35Z
Sema4.ai,Sema4.ai,passthrough,66.7,2026-08-27T12:51:35Z
Tangia,Tangia,passthrough,61.5,2026-08-27T12:51:35Z
RecCloud,RecCloud,passthrough,47.6,2026-08-27T12:51:35Z
EverMemOS,EverMemOS,passthrough,48.0,2026-08-27T12:51:35Z
Cursor,Anysphere,alias,100.0,2026-08-27T12:51:35Z
Moosend,Moosend,passthrough,50.0,2026-08-27T12:51:35Z
Sourcetable,Sourcetable,passthrough,63.6,2026-08-27T12:51:35Z
Guidde,Guidde,passthrough,53.3,2026-08-27T12:51:35Z
Navina,Navina,passthrough,57.1,2026-08-27T12:51:35Z
Vimeo AI,Vimeo AI,passthrough,66.7,2026-08-27T12:51:35Z
HeyGen,HeyGen,passthrough,54.5,2026-08-27T12:51:35Z
SEO GPT,SEO GPT,passthrough,62.5,2026-08-27T12:51:35Z
AI App Generator,AI App Generator,passthrough,66.7,2026-08-27T12:51:35Z
Cades,Cades,passthrough,60.0,2026-08-27T12:51:35Z
Soroco,Soroco,passthrough,57.1,2026-08-27T12:51:35Z
iMean AI,iMean AI,passthrough,66.7,2026-08-27T12:51:35Z
Adobe Premiere Pro,Adobe Premiere Pro,passthrough,42.4,2026-08-27T12:51:35Z
Musicfy,Musicfy,passthrough,42.9,2026-08-27T12:51:35Z
Overjet,Overjet,passthrough,61.5,2026-08-27T12:51:35Z
AI Image Enlarger,AI Image Enlarger,passthrough,66.7,2026-08-27T12:51:35Z
Lily AI,Lily AI,passthrough,66.7,2026-08-27T12:51:35Z
Vidu AI,Vidu AI,passthrough,66.7,2026-08-27T12:51:35Z
Julius AI,Julius AI,passthrough,66.7,2026-08-27T12:51:35Z
Friends & Fables,Friends & Fables,passthrough,50.0,2026-08-27T12:51:35Z
Otter.ai,Otter.ai,passthrough,73.7,2026-08-27T12:51:35Z
FLUX.1,FLUX.1,passthrough,40.0,2026-08-27T12:51:35Z
Rapport,Rapport,passthrough,50.0,2026-08-27T12:51:35Z
Hostinger AI Website Builder,Hostinger AI Website Builder,passthrough,66.7,2026-08-27T12:51:35Z
ES.AI,ES.AI,passthrough,66.7,2026-08-27T12:51:35Z
Transkriptor,Transkriptor,passthrough,47.6,2026-08-27T12:51:35Z
JustCopy.ai,JustCopy.ai,passthrough,77.8,2026-08-27T12:51:35Z
invideo AI,invideo AI,passthrough,66.7,2026-08-27T12:51:35Z
Zarla,Zarla,passthrough,50.0,2026-08-27T12:51:35Z
Noah,Noah,passthrough,50.0,2026-08-27T12:51:35Z
Gen-2 by Runway,Runway,fuzzy,100.0,2026-08-27T12:51:35Z
Singify,Singify,passthrough,50.0,2026-08-27T12:51:35Z
Humaniser,Humaniser,passthrough,55.6,2026-08-27T12:51:35Z
Canva Text to Image,Canva Text to Image,passthrough,48.6,2026-08-27T12:51:35Z
RebeccAI,RebeccAI,passthrough,53.3,2026-08-27T12:51:35Z
TradingLab,TradingLab,passthrough,52.6,2026-08-27T12:51:35Z
Dreamlux,Dreamlux,passthrough,50.0,2026-08-27T12:51:35Z
Trello,Trello,passthrough,46.2,2026-08-27T12:51:35Z
Suno AI Bark,Suno,fuzzy,100.0,2026-08-27T12:51:35Z
Crypto Co-Pilot,Crypto Co-Pilot,passthrough,43.8,2026-08-27T12:51:35Z
Giglish,Giglish,passthrough,37.5,2026-08-27T12:51:35Z
Nova AI App,Nova AI App,passthrough,66.7,2026-08-27T12:51:35Z
ProtectAI,ProtectAI,passthrough,54.5,2026-08-27T12:51:35Z
UpSynth,UpSynth,passthrough,62.5,2026-08-27T12:51:35Z
Kira Systems,Kira Systems,passthrough,73.7,2026-08-27T12:51:35Z
Optimly,Optimly,passthrough,50.0,2026-08-27T12:51:35Z
Numra,Numra,passthrough,66.7,2026-08-27T12:51:35Z
Microsoft Copilot,Microsoft Copilot,passthrough,46.2,2026-08-27T12:51:35Z
Seo Juice,Seo Juice,passthrough,50.0,2026-08-27T12:51:35Z
IamVERA,IamVERA,passthrough,53.3,2026-08-27T12:51:35Z
QashBoard,QashBoard,passthrough,47.1,2026-08-27T12:51:35Z
RehearseNow,RehearseNow,passthrough,47.6,2026-08-27T12:51:35Z
GitMind AI,GitMind AI,passthrough,66.7,2026-08-27T12:51:35Z
Krisp,Krisp,passthrough,42.9,2026-08-27T12:51:35Z
GetFloorPlan,GetFloorPlan,passthrough,47.1,2026-08-27T12:51:35Z
Ren,Ren,passthrough,57.1,2026-08-27T12:51:35Z
Sketch2App,Sketch2App,passthrough,42.1,2026-08-27T12:51:35Z
Danelfin,Danelfin,passthrough,53.3,2026-08-27T12:51:35Z
Assemblio,Assemblio,passthrough,47.6,2026-08-27T12:51:35Z
DreamGift,DreamGift,passthrough,53.3,2026-08-27T12:51:35Z
Profile Picture AI,Profile Picture AI,passthrough,66.7,2026-08-27T12:51:35Z
HiddenLayer,HiddenLayer,passthrough,47.6,2026-08-27T12:51:35Z
Magnific AI,Magnific AI,passthrough,66.7,2026-08-27T12:51:35Z
Audioread,Audioread,passthrough,62.5,2026-08-27T12:51:35Z
Nanonets,Nanonets,passthrough,53.3,2026-08-27T12:51:35Z
Coralflavor,Coralflavor,passthrough,47.1,2026-08-27T12:51:35Z
Bluesheets,Bluesheets,passthrough,46.2,2026-08-27T12:51:35Z
Amelia,Amelia,passthrough,53.3,2026-08-27T12:51:35Z
Zing Coach,Zing Coach,passthrough,54.5,2026-08-27T12:51:35Z
Photo AI,Photo AI,passthrough,66.7,2026-08-27T12:51:35Z
AI2sql,AI2sql,passthrough,60.0,2026-08-27T12:51:35Z
EtsyGenerator,EtsyGenerator,passthrough,50.0,2026-08-27T12:51:35Z
Referent,Referent,passthrough,44.4,2026-08-27T12:51:35Z
Stimuler,Stimuler,passthrough,61.5,2026-08-27T12:51:35Z
Tekmatix,Tekmatix,passthrough,53.3,2026-08-27T12:51:35Z
Vidnix.AI,Vidnix.AI,passthrough,61.5,2026-08-27T12:51:35Z
Elai.io,Elai.io,passthrough,60.0,2026-08-27T12:51:35Z
GravityWrite,GravityWrite,passthrough,50.0,2026-08-27T12:51:35Z
Ovom Care,Ovom Care,passthrough,55.6,2026-08-27T12:51:35Z
Storyboard Hero,Storyboard Hero,passthrough,43.5,2026-08-27T12:51:35Z
Carly AI,Carly AI,passthrough,75.0,2026-08-27T12:51:35Z
GeoEvident,GeoEvident,passthrough,52.6,2026-08-27T12:51:35Z
AI Trip Planner,AI Trip Planner,passthrough,66.7,2026-08-27T12:51:35Z
TasteGPT,TasteGPT,passthrough,61.5,2026-08-27T12:51:35Z
Mobirise AI Website Builder,Mobirise AI Website Builder,passthrough,66.7,2026-08-27T12:51:35Z
Vic.ai,Vic.ai,passthrough,80.0,2026-08-27T12:51:35Z
Asseti,Asseti,passthrough,57.1,2026-08-27T12:51:35Z
Snackz AI,Snackz AI,passthrough,66.7,2026-08-27T12:51:35Z
Sprout Social,Sprout Social,passthrough,45.5,2026-08-27T12:51:35Z
SketchBubble AI,SketchBubble AI,passthrough,66.7,2026-08-27T12:51:35Z
PlayHT,PlayHT,passthrough,53.3,2026-08-27T12:51:35Z
PrometAI,PrometAI,passthrough,57.1,2026-08-27T12:51:35Z
WriteHybrid,WriteHybrid,passthrough,45.5,2026-08-27T12:51:35Z
JobJump,JobJump,passthrough,44.4,2026-08-27T12:51:35Z
Whacka,Whacka,passthrough,54.5,2026-08-27T12:51:35Z
Factory,Factory,passthrough,57.1,2026-08-27T12:51:35Z
OSS Insight,OSS Insight,passthrough,51.9,2026-08-27T12:51:35Z
Taplio,Taplio,passthrough,53.3,2026-08-27T12:51:35Z
Lovable,Lovable,passthrough,50.0,2026-08-27T12:51:35Z
Mimica,Mimica,passthrough,50.0,2026-08-27T12:51:35Z
SnapHeadshots,SnapHeadshots,passthrough,48.0,2026-08-27T12:51:35Z
Wondershare Repairit,Wondershare Repairit,passthrough,48.3,2026-08-27T12:51:35Z
vidIQ,vidIQ,passthrough,35.3,2026-08-27T12:51:35Z
Social Catfish Reverse Image Search,Social Catfish Reverse Image Search,passthrough,39.2,2026-08-27T12:51:35Z
Grok,Grok,passthrough,75.0,2026-08-27T12:51:35Z
Zonka Feedback,Zonka Feedback,passthrough,44.4,2026-08-27T12:51:35Z
Stylar,Stylar,passthrough,53.3,2026-08-27T12:51:35Z
WOXO - Idea to Videos,WOXO - Idea to Videos,passthrough,43.2,2026-08-27T12:51:35Z
Coursera,Coursera,passthrough,71.4,2026-08-27T12:51:35Z
crawler.sh,crawler.sh,passthrough,55.6,2026-08-27T12:51:35Z
Wispr Flow,Wispr Flow,passthrough,44.4,2026-08-27T12:51:35Z
Pixelcut,Pixelcut,passthrough,50.0,2026-08-27T12:51:35Z
TheB.AI,TheB.AI,passthrough,66.7,2026-08-27T12:51:35Z
Wisdomise,Wisdomise,passthrough,47.1,2026-08-27T12:51:35Z
crewAI,crewAI,passthrough,61.5,2026-08-27T12:51:35Z
ColdConvert,ColdConvert,passthrough,58.8,2026-08-27T12:51:35Z
Jigso,Jigso,passthrough,50.0,2026-08-27T12:51:35Z
FaceCheck ID,FaceCheck ID,passthrough,50.0,2026-08-27T12:51:35Z
Neurons AI,Neurons AI,passthrough,66.7,2026-08-27T12:51:35Z
Anaplan,Anaplan,passthrough,58.8,2026-08-27T12:51:35Z
LookBook AI,LookBook AI,passthrough,66.7,2026-08-27T12:51:35Z
RNDRS,RNDRS,passthrough,46.2,2026-08-27T12:51:35Z
Shakespeare,Shakespeare,passthrough,60.0,2026-08-27T12:51:35Z
SeaArt AI,SeaArt AI,passthrough,66.7,2026-08-27T12:51:35Z
EchoFox,EchoFox,passthrough,46.2,2026-08-27T12:51:35Z
Pixlr: AI-Powered Editor,Pixlr: AI-Powered Editor,passthrough,66.7,2026-08-27T12:51:35Z
NovelAI,NovelAI,passthrough,61.5,2026-08-27T12:51:35Z
Hydra,Hydra,passthrough,54.5,2026-08-27T12:51:35Z
Autodraw,Autodraw,passthrough,47.1,2026-08-27T12:51:35Z
Lazyeyefix AI Photo Editor,Lazyeyefix AI Photo Editor,passthrough,66.7,2026-08-27T12:51:35Z
Mubert,Mubert,passthrough,54.5,2026-08-27T12:51:35Z
Solvea,Solvea,passthrough,61.5,2026-08-27T12:51:35Z
PlayArti,PlayArti,passthrough,57.1,2026-08-27T12:51:35Z
MyReport,MyReport,passthrough,47.1,2026-08-27T12:51:35Z
Stable Diffusion Web,Stable Diffusion Web,passthrough,43.8,2026-08-27T12:51:35Z
Estimatic AI,Estimatic AI,passthrough,66.7,2026-08-27T12:51:35Z
HitPaw FotorPea,HitPaw FotorPea,passthrough,47.6,2026-08-27T12:51:35Z
CoreLogic,CoreLogic,passthrough,55.6,2026-08-27T12:51:35Z
Lebesgue,Lebesgue,passthrough,47.1,2026-08-27T12:51:35Z
Shownotes,Shownotes,passthrough,55.6,2026-08-27T12:51:35Z
Flint,Flint,passthrough,53.3,2026-08-27T12:51:35Z
Akool,Akool,passthrough,40.0,2026-08-27T12:51:35Z
MagicSlides,MagicSlides,passthrough,52.6,2026-08-27T12:51:35Z
Videomaker by Invideo AI,Videomaker by Invideo AI,passthrough,66.7,2026-08-27T12:51:35Z
KaneAI,KaneAI,passthrough,61.5,2026-08-27T12:51:35Z
BrandJet,BrandJet,passthrough,61.5,2026-08-27T12:51:35Z
GovDash,GovDash,passthrough,50.0,2026-08-27T12:51:35Z
Aleph Alpha,Aleph Alpha,exact,100.0,2026-08-27T12:51:35Z
AI Meal Planner,AI Meal Planner,passthrough,66.7,2026-08-27T12:51:35Z
Bella,Bella,passthrough,53.3,2026-08-27T12:51:35Z
DevRev,DevRev,passthrough,50.0,2026-08-27T12:51:35Z
Craiyon,Craiyon,passthrough,57.1,2026-08-27T12:51:35Z
AutoGPT,AutoGPT,passthrough,55.6,2026-08-27T12:51:35Z
Workleap,Workleap,passthrough,52.6,2026-08-27T12:51:35Z
Intercom,Intercom,passthrough,62.5,2026-08-27T12:51:35Z
Wondershare Filmora,Wondershare Filmora,passthrough,42.9,2026-08-27T12:51:35Z
BrandCrowd,BrandCrowd,passthrough,44.4,2026-08-27T12:51:35Z
GPTGO,GPTGO,passthrough,44.4,2026-08-27T12:51:35Z
Paintit,Paintit,passthrough,52.6,2026-08-27T12:51:35Z
Jetwriter AI,Jetwriter AI,passthrough,66.7,2026-08-27T12:51:35Z
Sider,Sider,passthrough,54.5,2026-08-27T12:51:35Z
Anyword,Anyword,passthrough,50.0,2026-08-27T12:51:35Z
Proxima,Proxima,passthrough,61.5,2026-08-27T12:51:35Z
Trendspider,Trendspider,passthrough,50.0,2026-08-27T12:51:35Z
MarketMuse,MarketMuse,passthrough,42.1,2026-08-27T12:51:35Z
Colossyan,Colossyan,passthrough,53.3,2026-08-27T12:51:35Z
Obsess AI,Obsess AI,passthrough,66.7,2026-08-27T12:51:35Z
HitPaw Edimakor,HitPaw Edimakor,passthrough,40.0,2026-08-27T12:51:35Z
Wan,Wan,passthrough,75.0,2026-08-27T12:51:35Z
Runcell,Runcell,passthrough,53.3,2026-08-27T12:51:35Z
Dema.ai,Dema.ai,passthrough,71.4,2026-08-27T12:51:35Z
Wallpapers.fyi,Wallpapers.fyi,passthrough,52.2,2026-08-27T12:51:35Z
Lucid Engine,Lucid Engine,passthrough,45.5,2026-08-27T12:51:35Z
Image Candy,Image Candy,passthrough,57.1,2026-08-27T12:51:35Z
Scite,Scite,passthrough,60.0,2026-08-27T12:51:35Z
Magic Hour AI,Magic Hour AI,passthrough,66.7,2026-08-27T12:51:35Z
QuickMagic,QuickMagic,passthrough,42.9,2026-08-27T12:51:35Z
Scottie,Scottie,passthrough,50.0,2026-08-27T12:51:35Z
PromptBase,PromptBase,passthrough,50.0,2026-08-27T12:51:35Z
ROK Solution,ROK Solution,passthrough,71.4,2026-08-27T12:51:35Z
AI Thesis Writer,AI Thesis Writer,passthrough,66.7,2026-08-27T12:51:35Z
Recapext,Recapext,passthrough,58.8,2026-08-27T12:51:35Z
Voxify,Voxify,passthrough,44.4,2026-08-27T12:51:35Z
Vacay,Vacay,passthrough,50.0,2026-08-27T12:51:35Z
Stammer,Stammer,passthrough,50.0,2026-08-27T12:51:35Z
Template.net,Template.net,passthrough,57.1,2026-08-27T12:51:35Z
Nominal,Nominal,passthrough,57.1,2026-08-27T12:51:35Z
Color Palette Flow,Color Palette Flow,passthrough,45.7,2026-08-27T12:51:35Z
Instant Answers,Instant Answers,passthrough,50.0,2026-08-27T12:51:35Z
PitchBob.io,PitchBob.io,passthrough,63.6,2026-08-27T12:51:35Z
Kittl,Kittl,passthrough,50.0,2026-08-27T12:51:35Z
MoClaw,MoClaw,passthrough,54.5,2026-08-27T12:51:35Z
Liner.ai,Liner.ai,passthrough,58.8,2026-08-27T12:51:35Z
Plot Factory,Plot Factory,passthrough,44.4,2026-08-27T12:51:35Z
Chatronix,Chatronix,passthrough,60.0,2026-08-27T12:51:35Z
ResumeCoach,ResumeCoach,passthrough,45.5,2026-08-27T12:51:35Z
Hiver,Hiver,passthrough,54.5,2026-08-27T12:51:35Z
Make,Make,passthrough,50.0,2026-08-27T12:51:35Z
Midjourney Prompt Helper,Midjourney,fuzzy,100.0,2026-08-27T12:51:35Z
RepoClip,RepoClip,passthrough,58.8,2026-08-27T12:51:35Z
Napier,Napier,passthrough,66.7,2026-08-27T12:51:35Z
Parthean,Parthean,passthrough,53.3,2026-08-27T12:51:35Z
BastionGPT,BastionGPT,passthrough,47.6,2026-08-27T12:51:35Z
Astrocade,Astrocade,passthrough,58.8,2026-08-27T12:51:35Z
remio,remio,passthrough,50.0,2026-08-27T12:51:35Z
SlidesAI,SlidesAI,passthrough,66.7,2026-08-27T12:51:35Z
Roamaround,Roamaround,passthrough,55.6,2026-08-27T12:51:35Z
ASI:One,ASI:One,passthrough,71.4,2026-08-27T12:51:35Z
MenuForma,MenuForma,passthrough,46.2,2026-08-27T12:51:35Z
Smart Clerk,Smart Clerk,passthrough,47.1,2026-08-27T12:51:35Z
Similar video,Similar video,passthrough,45.5,2026-08-27T12:51:35Z
Wondershare VirtuLook,Wondershare VirtuLook,passthrough,40.0,2026-08-27T12:51:35Z
Ankon AI,Ankon AI,passthrough,66.7,2026-08-27T12:51:35Z
Zocks,Zocks,passthrough,40.0,2026-08-27T12:51:35Z
Where To,Where To,passthrough,71.4,2026-08-27T12:51:35Z
KLING AI,KLING AI,passthrough,66.7,2026-08-27T12:51:35Z
One AI,One AI,passthrough,76.9,2026-08-27T12:51:35Z
Adobe Firefly,Adobe Firefly,passthrough,54.5,2026-08-27T12:51:35Z
Blaze SQL,Blaze SQL,passthrough,47.1,2026-08-27T12:51:35Z
BLACKBOX.AI,BLACKBOX.AI,passthrough,55.6,2026-08-27T12:51:35Z
Quillbot,Quillbot,passthrough,38.1,2026-08-27T12:51:35Z
GitFluence,GitFluence,passthrough,53.3,2026-08-27T12:51:35Z
Listing Pro AI,Listing Pro AI,passthrough,66.7,2026-08-27T12:51:35Z
Fluig AI,Fluig AI,passthrough,70.6,2026-08-27T12:51:35Z
Kira,Kira,passthrough,54.5,2026-08-27T12:51:35Z
Smart Targeting,Smart Targeting,passthrough,46.2,2026-08-27T12:51:35Z
WalletFinder.ai,WalletFinder.ai,passthrough,57.1,2026-08-27T12:51:35Z
Sonara,Sonara,passthrough,53.3,2026-08-27T12:51:35Z
Neolemon,Neolemon,passthrough,55.6,2026-08-27T12:51:35Z
MetaGPT,MetaGPT,passthrough,50.0,2026-08-27T12:51:35Z
Stratup.ai,Stratup.ai,passthrough,70.0,2026-08-27T12:51:35Z
WordAI,WordAI,passthrough,54.5,2026-08-27T12:51:35Z
Atlas,Atlas,passthrough,57.1,2026-08-27T12:51:35Z
Superflows,Superflows,passthrough,50.0,2026-08-27T12:51:35Z
Miro,Miro,passthrough,54.5,2026-08-27T12:51:35Z
Couplelens,Couplelens,passthrough,50.0,2026-08-27T12:51:35Z
Hatz AI,Hatz AI,passthrough,66.7,2026-08-27T12:51:35Z
AI Video Course Generator by Coursebox,AI Video Course Generator by Coursebox,passthrough,66.7,2026-08-27T12:51:35Z
Luminar Neo,Luminar Neo,passthrough,53.3,2026-08-27T12:51:35Z
StealthMole,StealthMole,passthrough,52.6,2026-08-27T12:51:35Z
enso,enso,passthrough,50.0,2026-08-27T12:51:35Z
Semrush One,Semrush One,passthrough,59.3,2026-08-27T12:51:35Z
Just build things,Just build things,passthrough,42.4,2026-08-27T12:51:35Z
Simple Phones,Simple Phones,passthrough,48.3,2026-08-27T12:51:35Z
Inkfluence AI,Inkfluence AI,passthrough,69.2,2026-08-27T12:51:35Z
AI Video Cut,AI Video Cut,passthrough,66.7,2026-08-27T12:51:35Z
Skygen,Skygen,passthrough,54.5,2026-08-27T12:51:35Z
PitchMonster,PitchMonster,passthrough,60.0,2026-08-27T12:51:35Z
Backlink Management,Backlink Management,passthrough,48.3,2026-08-27T12:51:35Z
Sonia,Sonia,passthrough,57.1,2026-08-27T12:51:35Z
Findle Inventory,Findle Inventory,passthrough,48.3,2026-08-27T12:51:35Z
Duolingo,Duolingo,passthrough,50.0,2026-08-27T12:51:35Z
character.ai,Character AI,alias,100.0,2026-08-27T12:51:35Z
Taja AI,Taja AI,passthrough,66.7,2026-08-27T12:51:35Z
Dream Decoder,Dream Decoder,passthrough,52.6,2026-08-27T12:51:35Z
Alai,Alai,passthrough,72.7,2026-08-27T12:51:35Z
WTF Does This Company Do?,WTF Does This Company Do?,passthrough,43.9,2026-08-27T12:51:35Z
RewarxStudio,RewarxStudio,passthrough,43.5,2026-08-27T12:51:35Z
11x,11x,passthrough,33.3,2026-08-27T12:51:35Z
Freeletics,Freeletics,passthrough,52.6,2026-08-27T12:51:35Z
Zepic,Zepic,passthrough,57.1,2026-08-27T12:51:35Z
SofaBrain,SofaBrain,passthrough,55.6,2026-08-27T12:51:35Z
PerfectEssayWriter,PerfectEssayWriter,passthrough,47.1,2026-08-27T12:51:35Z
Thema,Thema,passthrough,57.1,2026-08-27T12:51:35Z
Audyo,Audyo,passthrough,50.0,2026-08-27T12:51:35Z
Ascn,Ascn,passthrough,54.5,2026-08-27T12:51:35Z
AI Storyboard Generator,AI Storyboard Generator,passthrough,66.7,2026-08-27T12:51:35Z
ProductBot,ProductBot,passthrough,50.0,2026-08-27T12:51:35Z
Build AI,Build AI,passthrough,66.7,2026-08-27T12:51:35Z
Cassidy,Cassidy,passthrough,54.5,2026-08-27T12:51:35Z
AI Song Maker,AI Song Maker,passthrough,66.7,2026-08-27T12:51:35Z
PromptHero,PromptHero,passthrough,55.6,2026-08-27T12:51:35Z
Magicflow,Magicflow,passthrough,50.0,2026-08-27T12:51:35Z
Prisma,Prisma,passthrough,50.0,2026-08-27T12:51:35Z
Dhisana AI,Dhisana AI,passthrough,66.7,2026-08-27T12:51:35Z
All Voice Lab,All Voice Lab,passthrough,45.5,2026-08-27T12:51:35Z
TubeMagic,TubeMagic,passthrough,46.2,2026-08-27T12:51:35Z
Prompt Security,Prompt Security,passthrough,56.0,2026-08-27T12:51:35Z
Sahara AI,Sahara AI,passthrough,66.7,2026-08-27T12:51:35Z
Healthee,Healthee,passthrough,50.0,2026-08-27T12:51:35Z
AfterSession,AfterSession,passthrough,48.0,2026-08-27T12:51:35Z
Zoho Social,Zoho Social,passthrough,50.0,2026-08-27T12:51:35Z
Accountabilabuddy,Accountabilabuddy,passthrough,48.3,2026-08-27T12:51:35Z
Copilot2trip,Copilot2trip,passthrough,44.4,2026-08-27T12:51:35Z
Perso Dubbing,Perso Dubbing,passthrough,45.5,2026-08-27T12:51:35Z
Ponzu,Ponzu,passthrough,46.2,2026-08-27T12:51:35Z
MagicPost,MagicPost,passthrough,50.0,2026-08-27T12:51:35Z
GanttPRO,GanttPRO,passthrough,58.8,2026-08-27T12:51:35Z
Sierra,Sierra,passthrough,57.1,2026-08-27T12:51:35Z
Hour One,Hour One,passthrough,55.6,2026-08-27T12:51:35Z
SalesCred PRO,SalesCred PRO,passthrough,47.6,2026-08-27T12:51:35Z
Document Crunch,Document Crunch,passthrough,43.5,2026-08-27T12:51:35Z
Alethea,Alethea,passthrough,58.8,2026-08-27T12:51:35Z
GeminiGen AI,GeminiGen AI,passthrough,66.7,2026-08-27T12:51:35Z
MemeGen AI,MemeGen AI,passthrough,66.7,2026-08-27T12:51:35Z
Notch,Notch,passthrough,50.0,2026-08-27T12:51:35Z
Granola,Granola,passthrough,54.5,2026-08-27T12:51:35Z
Rytr,Rytr,passthrough,46.2,2026-08-27T12:51:35Z
PixMaker AI,PixMaker AI,passthrough,66.7,2026-08-27T12:51:35Z
ChatOn,ChatOn,passthrough,53.3,2026-08-27T12:51:35Z
Adept,Adept,exact,100.0,2026-08-27T12:51:35Z
OverallGPT,OverallGPT,passthrough,52.6,2026-08-27T12:51:35Z
Rev,Rev,passthrough,57.1,2026-08-27T12:51:35Z
BrightEdge,BrightEdge,passthrough,42.1,2026-08-27T12:51:35Z
Feedeo,Feedeo,passthrough,42.9,2026-08-27T12:51:35Z
Arcwise,Arcwise,passthrough,53.3,2026-08-27T12:51:35Z
Cimphony,Cimphony,passthrough,44.4,2026-08-27T12:51:35Z
CheatGPT,CheatGPT,passthrough,46.2,2026-08-27T12:51:35Z
MixAudio,MixAudio,passthrough,54.5,2026-08-27T12:51:35Z
magify.design,magify.design,passthrough,46.2,2026-08-27T12:51:35Z
Klap,Klap,passthrough,50.0,2026-08-27T12:51:35Z
Univerbal,Univerbal,passthrough,50.0,2026-08-27T12:51:35Z
SuperDial,SuperDial,passthrough,55.6,2026-08-27T12:51:35Z
ArchitectGPT,ArchitectGPT,passthrough,47.1,2026-08-27T12:51:35Z
Ninja AI,Ninja AI,passthrough,66.7,2026-08-27T12:51:35Z
Vid.AI,Vid.AI,passthrough,60.0,2026-08-27T12:51:35Z
PerfectGift,PerfectGift,passthrough,57.1,2026-08-27T12:51:35Z
LivePerson,LivePerson,passthrough,47.1,2026-08-27T12:51:35Z
OpenArt,OpenArt,passthrough,76.9,2026-08-27T12:51:35Z
DaVinci AI,DaVinci AI,passthrough,66.7,2026-08-27T12:51:35Z
Natix Network,Natix Network,passthrough,53.8,2026-08-27T12:51:35Z
GIFTS AI,GIFTS AI,passthrough,66.7,2026-08-27T12:51:35Z
CrafterQ AI,CrafterQ AI,passthrough,78.3,2026-08-27T12:51:35Z
Angel AI Company,Angel AI Company,passthrough,66.7,2026-08-27T12:51:35Z
Stockimg AI,Stockimg AI,passthrough,66.7,2026-08-27T12:51:35Z
EditApp AI,EditApp AI,passthrough,66.7,2026-08-27T12:51:35Z
Hostcomm AI Agent,Hostcomm AI Agent,passthrough,66.7,2026-08-27T12:51:35Z
Yoodli AI,Yoodli AI,passthrough,66.7,2026-08-27T12:51:35Z
AI/ML API,AI/ML API,passthrough,66.7,2026-08-27T12:51:35Z
Spira AI,Spira AI,passthrough,70.6,2026-08-27T12:51:35Z
SmartlyQ,SmartlyQ,passthrough,47.1,2026-08-27T12:51:35Z
Woebot Health,Woebot Health,passthrough,41.7,2026-08-27T12:51:35Z
Blend AI,Blend AI,passthrough,66.7,2026-08-27T12:51:35Z
TinyFish,TinyFish,passthrough,47.1,2026-08-27T12:51:35Z
BigShort,BigShort,passthrough,47.1,2026-08-27T12:51:35Z
GitHub Copilot,GitHub Copilot,passthrough,51.6,2026-08-27T12:51:35Z
Praktika,Praktika,passthrough,53.3,2026-08-27T12:51:35Z
Summify,Summify,passthrough,40.0,2026-08-27T12:51:35Z
BlackOre,BlackOre,passthrough,58.8,2026-08-27T12:51:35Z
chatbeat,chatbeat,passthrough,63.2,2026-08-27T12:51:35Z
Top VS Best,Top VS Best,passthrough,44.4,2026-08-27T12:51:35Z
Wokelo,Wokelo,passthrough,40.0,2026-08-27T12:51:35Z
Zylon,Zylon,passthrough,40.0,2026-08-27T12:51:35Z
Photomath,Photomath,passthrough,53.3,2026-08-27T12:51:35Z
VisionStory,VisionStory,passthrough,47.6,2026-08-27T12:51:35Z
AI Invitation Generator,AI Invitation Generator,passthrough,66.7,2026-08-27T12:51:35Z
BacklinkGPT,BacklinkGPT,passthrough,43.5,2026-08-27T12:51:35Z
n8n,n8n,passthrough,40.0,2026-08-27T12:51:35Z
Nimbalyst,Nimbalyst,passthrough,46.2,2026-08-27T12:51:35Z
Harvey,Harvey,exact,100.0,2026-08-27T12:51:35Z
AI2image,AI2image,passthrough,58.8,2026-08-27T12:51:35Z
PowerDirector,PowerDirector,passthrough,52.2,2026-08-27T12:51:35Z
Social Catfish,Social Catfish,passthrough,63.6,2026-08-27T12:51:35Z
Generor,Generor,passthrough,54.5,2026-08-27T12:51:35Z
Caspa AI,Caspa AI,passthrough,70.6,2026-08-27T12:51:35Z
Clipchamp,Clipchamp,passthrough,52.6,2026-08-27T12:51:35Z
Captions,Captions,passthrough,55.6,2026-08-27T12:51:35Z
Paraphraser.io,Paraphraser.io,passthrough,53.8,2026-08-27T12:51:35Z
GPTZero,GPTZero,passthrough,54.5,2026-08-27T12:51:35Z
PostWizard AI,PostWizard AI,passthrough,66.7,2026-08-27T12:51:35Z
Asana,Asana,passthrough,57.1,2026-08-27T12:51:35Z
Pexo,Pexo,passthrough,50.0,2026-08-27T12:51:35Z
Consensus,Consensus,passthrough,50.0,2026-08-27T12:51:35Z
KaraVideo,KaraVideo,passthrough,53.3,2026-08-27T12:51:35Z
Suggest Gift,Suggest Gift,passthrough,43.5,2026-08-27T12:51:35Z
SlideTeam AI Presentation Generator,SlideTeam AI Presentation Generator,passthrough,66.7,2026-08-27T12:51:35Z
BeFreed,BeFreed,passthrough,46.2,2026-08-27T12:51:35Z
ClickUp,ClickUp,passthrough,42.9,2026-08-27T12:51:35Z
Solda AI,Solda AI,passthrough,66.7,2026-08-27T12:51:35Z
Sferal,Sferal,passthrough,61.5,2026-08-27T12:51:35Z
Magnific AI Video Generator,Magnific AI Video Generator,passthrough,66.7,2026-08-27T12:51:35Z
Fiddl.art,Fiddl.art,passthrough,44.4,2026-08-27T12:51:35Z
Parliant.AI,Parliant.AI,passthrough,78.3,2026-08-27T12:51:35Z
DeskSense,DeskSense,passthrough,47.1,2026-08-27T12:51:35Z
Real-Time Design By Collov,Real-Time Design By Collov,passthrough,41.0,2026-08-27T12:51:35Z
GPTforWork,GPTforWork,passthrough,42.9,2026-08-27T12:51:35Z
Atomic Bot,Atomic Bot,passthrough,52.6,2026-08-27T12:51:35Z
Replit,Replit,passthrough,80.0,2026-08-27T12:51:35Z
Soundraw,Soundraw,passthrough,52.6,2026-08-27T12:51:35Z
Tely AI,Tely AI,passthrough,66.7,2026-08-27T12:51:35Z
SocialBee,SocialBee,passthrough,71.4,2026-08-27T12:51:35Z
Magnific AI Image Generator,Magnific AI Image Generator,passthrough,66.7,2026-08-27T12:51:35Z
VibeScan,VibeScan,passthrough,50.0,2026-08-27T12:51:35Z
AI Image to Caption Generator,AI Image to Caption Generator,passthrough,66.7,2026-08-27T12:51:35Z
Hypergro,Hypergro,passthrough,50.0,2026-08-27T12:51:35Z
Imagecolorizer,Imagecolorizer,passthrough,51.6,2026-08-27T12:51:35Z
Zendesk,Zendesk,passthrough,40.0,2026-08-27T12:51:35Z
Synthesys,Synthesys,passthrough,77.8,2026-08-27T12:51:35Z
GymBuddy AI,GymBuddy AI,passthrough,66.7,2026-08-27T12:51:35Z
Moonhub,Moonhub,passthrough,37.5,2026-08-27T12:51:35Z
Humata AI,Humata AI,passthrough,75.0,2026-08-27T12:51:35Z
PaintShop Pro,PaintShop Pro,passthrough,54.5,2026-08-27T12:51:35Z
Video to Blog,Video to Blog,passthrough,54.5,2026-08-27T12:51:35Z
Mirai,Mirai,passthrough,71.4,2026-08-27T12:51:35Z
Webbotify,Webbotify,passthrough,42.9,2026-08-27T12:51:35Z
Terrakotta,Terrakotta,passthrough,52.6,2026-08-27T12:51:35Z
AgentVerse,AgentVerse,passthrough,57.1,2026-08-27T12:51:35Z
DALL·E 3,DALL·E 3,passthrough,50.0,2026-08-27T12:51:35Z
UniFab Video Enhancer,UniFab Video Enhancer,passthrough,43.8,2026-08-27T12:51:35Z
Abby,Abby,passthrough,46.2,2026-08-27T12:51:35Z
Virtual Staging AI,Virtual Staging AI,passthrough,66.7,2026-08-27T12:51:35Z
DiffusionBee,DiffusionBee,passthrough,45.5,2026-08-27T12:51:35Z
ViralMoment,ViralMoment,passthrough,50.0,2026-08-27T12:51:35Z
Werd,Werd,passthrough,44.4,2026-08-27T12:51:35Z
Semrush Content Toolkit,Semrush Content Toolkit,passthrough,46.2,2026-08-27T12:51:35Z
EasyGen,EasyGen,passthrough,50.0,2026-08-27T12:51:35Z
GetFreed,GetFreed,passthrough,50.0,2026-08-27T12:51:35Z
Browse AI,Browse AI,passthrough,66.7,2026-08-27T12:51:35Z
Perplexity,Perplexity AI,alias,100.0,2026-08-27T12:51:35Z
SITE123,SITE123,passthrough,40.0,2026-08-27T12:51:35Z
Lindy AI,Lindy AI,passthrough,66.7,2026-08-27T12:51:35Z
HubSpot AEO Sensor,HubSpot AEO Sensor,passthrough,44.4,2026-08-27T12:51:35Z
Osum,Osum,passthrough,54.5,2026-08-27T12:51:35Z
Meshy,Meshy,passthrough,40.0,2026-08-27T12:51:35Z
Moonbeam,Moonbeam,passthrough,47.1,2026-08-27T12:51:35Z
Amazon Q Developer,Amazon Q Developer,passthrough,42.9,2026-08-27T12:51:35Z
Tailor Brands,Tailor Brands,passthrough,50.0,2026-08-27T12:51:35Z
Momentic,Momentic,passthrough,57.1,2026-08-27T12:51:35Z
ZenCall.ai,ZenCall.ai,passthrough,58.8,2026-08-27T12:51:35Z
Quadratic,Quadratic,passthrough,66.7,2026-08-27T12:51:35Z
Vondy AI,Vondy AI,passthrough,66.7,2026-08-27T12:51:35Z
AirBrush AI Headshots,AirBrush AI Headshots,passthrough,66.7,2026-08-27T12:51:35Z
Ada,Ada,passthrough,54.5,2026-08-27T12:51:35Z
UpWin,UpWin,passthrough,46.2,2026-08-27T12:51:35Z
Summarize Tech,Summarize Tech,passthrough,51.6,2026-08-27T12:51:35Z
KiloClaw,KiloClaw,passthrough,42.1,2026-08-27T12:51:35Z
Accio,Accio,passthrough,50.0,2026-08-27T12:51:35Z
Daloopa,Daloopa,passthrough,50.0,2026-08-27T12:51:35Z
Softr,Softr,passthrough,54.5,2026-08-27T12:51:35Z
FaceSwap AI,FaceSwap AI,passthrough,66.7,2026-08-27T12:51:35Z
Gift Ideas AI,Gift Ideas AI,passthrough,66.7,2026-08-27T12:51:35Z
Buffer,Buffer,passthrough,54.5,2026-08-27T12:51:35Z
Pabbly Connect,Pabbly Connect,passthrough,43.5,2026-08-27T12:51:35Z
Windsurf,Codeium,alias,100.0,2026-08-27T12:51:35Z
Uncensored.com,Uncensored.com,passthrough,66.7,2026-08-27T12:51:35Z
Anon,Anon,passthrough,54.5,2026-08-27T12:51:35Z
Travel Plan AI,Travel Plan AI,passthrough,66.7,2026-08-27T12:51:35Z
The New Black,The New Black,passthrough,50.0,2026-08-27T12:51:35Z
Copy.ai,Copy.ai,exact,100.0,2026-08-27T12:51:35Z
Bible AI,Bible AI,passthrough,66.7,2026-08-27T12:51:35Z
Appypie,Appypie,passthrough,50.0,2026-08-27T12:51:35Z
Algolia,Algolia,passthrough,50.0,2026-08-27T12:51:35Z
adobaRo,adobaRo,passthrough,50.0,2026-08-27T12:51:35Z
Smodin,Smodin,passthrough,54.5,2026-08-27T12:51:35Z
Helium 10,Helium 10,passthrough,50.0,2026-08-27T12:51:35Z
Spoke.ai,Spoke.ai,passthrough,70.6,2026-08-27T12:51:35Z
Wix ADI,Wix ADI,passthrough,72.7,2026-08-27T12:51:35Z
Pixite,Pixite,passthrough,53.3,2026-08-27T12:51:35Z
Cheat Layer,Cheat Layer,passthrough,57.1,2026-08-27T12:51:35Z
Blueshift,Blueshift,passthrough,44.4,2026-08-27T12:51:35Z
Lex Machina,Lex Machina,passthrough,60.0,2026-08-27T12:51:35Z
Langdock,Langdock,passthrough,58.8,2026-08-27T12:51:35Z
Cogna,Cogna,passthrough,54.5,2026-08-27T12:51:35Z
Viggle AI,Viggle AI,passthrough,66.7,2026-08-27T12:51:35Z
Civitai,Civitai,passthrough,63.2,2026-08-27T12:51:35Z
AROS,AROS,passthrough,50.0,2026-08-27T12:51:35Z
Receiptor AI,Receiptor AI,passthrough,66.7,2026-08-27T12:51:35Z
Cactus Interior,Cactus Interior,passthrough,53.8,2026-08-27T12:51:35Z
CGDream,CGDream,passthrough,57.1,2026-08-27T12:51:35Z
Spikes Studio,Spikes Studio,passthrough,50.0,2026-08-27T12:51:35Z
Stunning,Stunning,passthrough,53.3,2026-08-27T12:51:35Z
AppDeploy,AppDeploy,passthrough,57.1,2026-08-27T12:51:35Z
Squirrly SEO,Squirrly SEO,passthrough,43.5,2026-08-27T12:51:35Z
Jammable,Jammable,passthrough,50.0,2026-08-27T12:51:35Z
VidAU,VidAU,passthrough,46.2,2026-08-27T12:51:35Z
Photosonic AI,Photosonic AI,passthrough,66.7,2026-08-27T12:51:35Z
TollBit,TollBit,passthrough,50.0,2026-08-27T12:51:35Z
Hyperbound,Hyperbound,passthrough,44.4,2026-08-27T12:51:35Z
Baby AGI,Baby AGI,passthrough,60.0,2026-08-27T12:51:35Z
Dora AI,Dora AI,passthrough,71.4,2026-08-27T12:51:35Z
PDNob Image Translator,PDNob Image Translator,passthrough,43.2,2026-08-27T12:51:35Z
OneReach.ai,OneReach.ai,passthrough,66.7,2026-08-27T12:51:35Z
Insta Headshots,Insta Headshots,passthrough,48.0,2026-08-27T12:51:35Z
Intenseye,Intenseye,passthrough,58.8,2026-08-27T12:51:35Z
CodeGeeX,CodeGeeX,passthrough,57.1,2026-08-27T12:51:35Z
Fitbod,Fitbod,passthrough,40.0,2026-08-27T12:51:35Z
Boomy,Boomy,passthrough,46.2,2026-08-27T12:51:35Z
Magic Travel,Magic Travel,passthrough,63.6,2026-08-27T12:51:35Z
Reclaim,Reclaim,passthrough,57.1,2026-08-27T12:51:35Z
Namelix,Namelix,passthrough,54.5,2026-08-27T12:51:35Z
SellerPic,SellerPic,passthrough,50.0,2026-08-27T12:51:35Z
OnlyDoc,OnlyDoc,passthrough,46.2,2026-08-27T12:51:35Z
We Made A Story,We Made A Story,passthrough,48.5,2026-08-27T12:51:35Z
Avatar AI,Avatar AI,passthrough,66.7,2026-08-27T12:51:35Z
Cala,Cala,passthrough,72.7,2026-08-27T12:51:35Z
Preswald,Preswald,passthrough,50.0,2026-08-27T12:51:35Z
B12,B12,passthrough,33.3,2026-08-27T12:51:35Z
ShortMake,ShortMake,passthrough,53.3,2026-08-27T12:51:35Z
SEOWriting AI,SEOWriting AI,passthrough,66.7,2026-08-27T12:51:35Z
Osam AI,Osam AI,passthrough,66.7,2026-08-27T12:51:35Z
Sigma AI Browser,Sigma AI Browser,passthrough,66.7,2026-08-27T12:51:35Z
Gnomi App,Gnomi App,passthrough,50.0,2026-08-27T12:51:35Z
Photo Editor AI,Photo Editor AI,passthrough,66.7,2026-08-27T12:51:35Z
Patterned AI,Patterned AI,passthrough,66.7,2026-08-27T12:51:35Z
ChatGPT,ChatGPT,passthrough,50.0,2026-08-27T12:51:35Z
DeepChecks,DeepChecks,passthrough,51.6,2026-08-27T12:51:35Z
AutoCut,AutoCut,passthrough,50.0,2026-08-27T12:51:35Z
Paraflow,Paraflow,passthrough,44.4,2026-08-27T12:51:35Z
Shortwave,Shortwave,passthrough,57.1,2026-08-27T12:51:36Z
MagicTrips,MagicTrips,passthrough,52.6,2026-08-27T12:51:36Z
Conker,Conker,passthrough,66.7,2026-08-27T12:51:36Z
Artlist,Artlist,passthrough,52.6,2026-08-27T12:51:36Z
Kubiya,Kubiya,passthrough,47.1,2026-08-27T12:51:36Z
Soniox Speech-to-Text,Soniox Speech-to-Text,passthrough,41.2,2026-08-27T12:51:36Z
Anthropic,Anthropic,exact,100.0,2026-08-27T12:51:36Z
iCracked,iCracked,passthrough,60.0,2026-08-27T13:13:32Z
BookSolid,BookSolid,passthrough,42.1,2026-08-27T13:13:32Z
Marft,Marft,passthrough,44.4,2026-08-27T13:13:32Z
Matterport,Matterport,passthrough,53.3,2026-08-27T13:13:32Z
Shoptiques,Shoptiques,passthrough,44.4,2026-08-27T13:13:32Z
Tilt,Tilt,passthrough,61.5,2026-08-27T13:13:32Z
Flutter,Flutter,passthrough,53.3,2026-08-27T13:13:32Z
YourMechanic,YourMechanic,passthrough,47.6,2026-08-27T13:13:32Z
Glider,Glider,passthrough,54.5,2026-08-27T13:13:32Z
GiveSpark,GiveSpark,passthrough,44.4,2026-08-27T13:13:32Z
Shopular,Shopular,passthrough,42.9,2026-08-27T13:13:32Z
Streak,Streak,passthrough,61.5,2026-08-27T13:13:32Z
AgileMD,AgileMD,passthrough,57.1,2026-08-27T13:13:32Z
Zenbox,Zenbox,passthrough,42.1,2026-08-27T13:13:32Z
Sift,Sift,passthrough,46.2,2026-08-27T13:13:32Z
LeadGenius,LeadGenius,passthrough,53.3,2026-08-27T13:13:32Z
Perfect Audience,Perfect Audience,passthrough,55.2,2026-08-27T13:13:32Z
Userfox,Userfox,passthrough,46.2,2026-08-27T13:13:32Z
Inporia,Inporia,passthrough,52.6,2026-08-27T13:13:32Z
Beetailer,Beetailer,passthrough,50.0,2026-08-27T13:13:32Z
Talkable,Talkable,passthrough,53.3,2026-08-27T13:13:32Z
Custora,Custora,passthrough,76.9,2026-08-27T13:13:32Z
Humble Bundle,Humble Bundle,passthrough,41.7,2026-08-27T13:13:32Z
Flotype,Flotype,passthrough,46.2,2026-08-27T13:13:32Z
Fivestars,Fivestars,passthrough,50.0,2026-08-27T13:13:32Z
Mailgun,Mailgun,passthrough,57.1,2026-08-27T13:13:32Z
TalkBin,TalkBin,passthrough,71.4,2026-08-27T13:13:32Z
SimplyListed,SimplyListed,passthrough,47.6,2026-08-27T13:13:32Z
Presto,Presto,passthrough,50.0,2026-08-27T13:13:32Z
Teevox,Teevox,passthrough,42.9,2026-08-27T13:13:32Z
Rapportive,Rapportive,passthrough,50.0,2026-08-27T13:13:32Z
GazeHawk,GazeHawk,passthrough,46.2,2026-08-27T13:13:32Z
Post.fm,Post.fm,passthrough,43.5,2026-08-27T13:13:32Z
Mertado,Mertado,passthrough,42.9,2026-08-27T13:13:32Z
500Friends,500Friends,passthrough,44.4,2026-08-27T13:13:32Z
Fabricly,Fabricly,passthrough,58.8,2026-08-27T13:13:32Z
Fithub,Fithub,passthrough,50.0,2026-08-27T13:13:32Z
Directed Edge,Directed Edge,passthrough,50.0,2026-08-27T13:13:32Z
Olark,Olark,passthrough,50.0,2026-08-27T13:13:32Z
Instantq,Instantq,passthrough,53.3,2026-08-27T13:13:32Z
Wattvision,Wattvision,passthrough,47.1,2026-08-27T13:13:32Z
Volantio,Volantio,passthrough,50.0,2026-08-27T13:13:32Z
reMail,reMail,passthrough,61.5,2026-08-27T13:13:32Z
Posterous,Posterous,passthrough,48.0,2026-08-27T13:13:32Z
Frogmetrics,Frogmetrics,passthrough,54.5,2026-08-27T13:13:32Z
JustSpotted,JustSpotted,passthrough,47.1,2026-08-27T13:13:32Z
Claimspotting,Claimspotting,passthrough,43.5,2026-08-27T13:13:32Z
Zenter,Zenter,passthrough,57.1,2026-08-27T13:13:32Z
Scribd,Scribd,passthrough,46.2,2026-08-27T13:13:32Z
Twitch,Twitch,passthrough,47.1,2026-08-27T13:13:32Z
ZeroMailer,ZeroMailer,passthrough,50.0,2026-08-27T13:13:32Z
Canopy Labs,Canopy Labs,passthrough,61.5,2026-08-27T13:13:32Z
Zentail,Zentail,passthrough,61.5,2026-08-27T13:13:32Z
Soylent,Soylent,passthrough,50.0,2026-08-27T13:13:32Z
Vayable,Vayable,passthrough,66.7,2026-08-27T13:13:32Z
Hipset,Hipset,passthrough,46.2,2026-08-27T13:13:32Z
Keychain Logistics,Keychain Logistics,passthrough,57.1,2026-08-27T13:13:32Z
Tastemaker,Tastemaker,passthrough,50.0,2026-08-27T13:13:32Z
Celery,Celery,passthrough,57.1,2026-08-27T13:13:32Z
GetGoing,GetGoing,passthrough,52.6,2026-08-27T13:13:32Z
Plivo,Plivo,passthrough,46.2,2026-08-27T13:13:32Z
Thread,Thread,passthrough,60.0,2026-08-27T13:13:32Z
StyleUp,StyleUp,passthrough,50.0,2026-08-27T13:13:32Z
Swish,Swish,passthrough,46.2,2026-08-27T13:13:32Z
Cheetah,Cheetah,passthrough,61.5,2026-08-27T13:13:32Z
RADAR,RADAR,passthrough,50.0,2026-08-27T13:13:32Z
BeatDeck,BeatDeck,passthrough,50.0,2026-08-27T13:13:32Z
FlightCar,FlightCar,passthrough,53.3,2026-08-27T13:13:32Z
Semantics3,Semantics3,passthrough,52.6,2026-08-27T13:13:32Z
Teespring,Teespring,passthrough,58.8,2026-08-27T13:13:32Z
Airware,Airware,passthrough,62.5,2026-08-27T13:13:32Z
Posmetrics,Posmetrics,passthrough,50.0,2026-08-27T13:13:32Z
Crowdery,Crowdery,passthrough,57.1,2026-08-27T13:13:32Z
EasyPost,EasyPost,passthrough,50.0,2026-08-27T13:13:32Z
"Estimote, Inc.","Estimote, Inc.",passthrough,50.0,2026-08-27T13:13:32Z
Hum,Hum,passthrough,57.1,2026-08-27T13:13:32Z
Cratejoy,Cratejoy,passthrough,52.6,2026-08-27T13:13:32Z
Casetext,Casetext,passthrough,47.6,2026-08-27T13:13:32Z
LocalOn,LocalOn,passthrough,50.0,2026-08-27T13:13:32Z
Lob,Lob,passthrough,36.4,2026-08-27T13:13:32Z
Butter Systems,Butter Systems,passthrough,66.7,2026-08-27T13:13:32Z
42,42,passthrough,33.3,2026-08-27T13:13:32Z
AirHelp,AirHelp,passthrough,57.1,2026-08-27T13:13:32Z
Two Tap,Two Tap,passthrough,50.0,2026-08-27T13:13:32Z
Noora Health,Noora Health,passthrough,46.7,2026-08-27T13:13:32Z
Threadable,Threadable,passthrough,55.6,2026-08-27T13:13:32Z
Cruise,Cruise,passthrough,50.0,2026-08-27T13:13:32Z
Eventjoy,Eventjoy,passthrough,47.6,2026-08-27T13:13:32Z
Flexport,Flexport,passthrough,46.2,2026-08-27T13:13:32Z
Emailio,Emailio,passthrough,50.0,2026-08-27T13:13:32Z
Theorem,Theorem,passthrough,61.5,2026-08-27T13:13:32Z
Liftigniter,Liftigniter,passthrough,54.5,2026-08-27T13:13:32Z
Rickshaw,Rickshaw,passthrough,55.6,2026-08-27T13:13:32Z
Shoobs,Shoobs,passthrough,43.5,2026-08-27T13:13:32Z
Shopagram,Shopagram,passthrough,50.0,2026-08-27T13:13:32Z
Unicornly,Unicornly,passthrough,52.6,2026-08-27T13:13:32Z
Wit.ai,Wit.ai,passthrough,71.4,2026-08-27T13:13:32Z
Zinc,Zinc,passthrough,50.0,2026-08-27T13:13:32Z
Gobble,Gobble,passthrough,54.5,2026-08-27T13:13:32Z
Unbabel,Unbabel,passthrough,53.3,2026-08-27T13:13:32Z
MixerBox,MixerBox,passthrough,44.4,2026-08-27T13:13:32Z
OpenCurriculum,OpenCurriculum,passthrough,58.3,2026-08-27T13:13:32Z
Dyspatch,Dyspatch,passthrough,52.6,2026-08-27T13:13:32Z
Whirlscape,Whirlscape,passthrough,55.6,2026-08-27T13:13:32Z
SpringWit,SpringWit,passthrough,45.5,2026-08-27T13:13:32Z
Checkr,Checkr,passthrough,66.7,2026-08-27T13:13:32Z
PersistIQ,PersistIQ,passthrough,54.5,2026-08-27T13:13:32Z
Flytenow,Flytenow,passthrough,47.1,2026-08-27T13:13:32Z
GovPredict,GovPredict,passthrough,52.6,2026-08-27T13:13:32Z
VizeraLabs,VizeraLabs,passthrough,60.0,2026-08-27T13:13:32Z
MTailor,MTailor,passthrough,57.1,2026-08-27T13:13:32Z
Naytev,Naytev,passthrough,54.5,2026-08-27T13:13:32Z
Neptune.io,Neptune.io,passthrough,66.7,2026-08-27T13:13:32Z
PicnicAI,PicnicAI,passthrough,57.1,2026-08-27T13:13:32Z
UserGems,UserGems,passthrough,50.0,2026-08-27T13:13:32Z
ShipBob,ShipBob,passthrough,42.1,2026-08-27T13:13:32Z
SalesSift,SalesSift,passthrough,62.5,2026-08-27T13:13:32Z
Hive,Hive,passthrough,60.0,2026-08-27T13:13:32Z
Tule,Tule,passthrough,44.4,2026-08-27T13:13:32Z
Weave,Weave,passthrough,80.0,2026-08-27T13:13:32Z
Whirl,Whirl,passthrough,50.0,2026-08-27T13:13:32Z
Qventus,Qventus,passthrough,47.1,2026-08-27T13:13:32Z
Pomello,Pomello,passthrough,44.4,2026-08-27T13:13:32Z
20n,20n,passthrough,28.6,2026-08-27T13:13:32Z
Akido Labs,Akido Labs,passthrough,73.7,2026-08-27T13:13:32Z
Magic,Magic,passthrough,50.0,2026-08-27T13:13:32Z
Bizzy,Bizzy,passthrough,42.9,2026-08-27T13:13:32Z
Numerion Labs,Numerion Labs,passthrough,63.6,2026-08-27T13:13:32Z
Zeitview,Zeitview,passthrough,50.0,2026-08-27T13:13:32Z
GiveMeTap,GiveMeTap,passthrough,42.9,2026-08-27T13:13:32Z
GrubMarket,GrubMarket,passthrough,50.0,2026-08-27T13:13:32Z
Platzi,Platzi,passthrough,53.3,2026-08-27T13:13:32Z
Pachyderm,Pachyderm,passthrough,55.6,2026-08-27T13:13:32Z
Pakible,Pakible,passthrough,53.3,2026-08-27T13:13:32Z
Paperspace,Paperspace,passthrough,52.6,2026-08-27T13:13:32Z
BuildScience,BuildScience,passthrough,45.5,2026-08-27T13:13:32Z
Shift Messenger,Shift Messenger,passthrough,41.7,2026-08-27T13:13:32Z
Smarking,Smarking,passthrough,47.1,2026-08-27T13:13:32Z
Tempo,Tempo,passthrough,40.0,2026-08-27T13:13:32Z
Mobydish,Mobydish,passthrough,46.2,2026-08-27T13:13:32Z
Rare Door,Rare Door,passthrough,44.4,2026-08-27T13:13:32Z
Resolve,Resolve,passthrough,50.0,2026-08-27T13:13:32Z
Yhat,Yhat,passthrough,46.2,2026-08-27T13:13:32Z
Dealyze,Dealyze,passthrough,50.0,2026-08-27T13:13:32Z
Giveffect,Giveffect,passthrough,52.6,2026-08-27T13:13:32Z
Meadow,Meadow,passthrough,42.9,2026-08-27T13:13:32Z
Moltin,Moltin,passthrough,54.5,2026-08-27T13:13:32Z
Outbound,Outbound,passthrough,42.1,2026-08-27T13:13:32Z
Dabble,Dabble,passthrough,54.5,2026-08-27T13:13:32Z
SigOpt,SigOpt,passthrough,46.2,2026-08-27T13:13:32Z
Standard Cyborg,Standard Cyborg,passthrough,44.4,2026-08-27T13:13:32Z
X-Zell,X-Zell,passthrough,47.1,2026-08-27T13:13:32Z
Tara AI,Tara AI,passthrough,71.4,2026-08-27T13:13:32Z
Replika,Replika,passthrough,75.0,2026-08-27T13:13:32Z
Lumi,Lumi,passthrough,75.0,2026-08-27T13:13:32Z
Mashgin,Mashgin,passthrough,52.6,2026-08-27T13:13:32Z
Serica,Serica,passthrough,54.5,2026-08-27T13:13:32Z
Ironclad,Ironclad,passthrough,50.0,2026-08-27T13:13:32Z
Assembly,Assembly,passthrough,50.0,2026-08-27T13:13:32Z
ROSS Intelligence,ROSS Intelligence,passthrough,52.6,2026-08-27T13:13:32Z
SnapMagic,SnapMagic,passthrough,50.0,2026-08-27T13:13:32Z
Branch8,Branch8,passthrough,55.6,2026-08-27T13:13:32Z
Shotput,Shotput,passthrough,37.5,2026-08-27T13:13:32Z
Foxpass,Foxpass,passthrough,46.2,2026-08-27T13:13:32Z
Thrive Agritech,Thrive Agritech,passthrough,58.3,2026-08-27T13:13:32Z
Verge Genomics,Verge Genomics,passthrough,50.0,2026-08-27T13:13:32Z
Bistrobot,Bistrobot,passthrough,50.0,2026-08-27T13:13:32Z
GiveCampus,GiveCampus,passthrough,42.1,2026-08-27T13:13:32Z
Leada,Leada,passthrough,60.0,2026-08-27T13:13:32Z
Microhealth,Microhealth,passthrough,55.6,2026-08-27T13:13:32Z
Ohm,Ohm,passthrough,46.2,2026-08-27T13:13:32Z
Fountain,Fountain,passthrough,57.1,2026-08-27T13:13:32Z
Prayas Analytics,Prayas Analytics,passthrough,48.0,2026-08-27T13:13:32Z
Reduced Energy Microsystems,Reduced Energy Microsystems,passthrough,51.2,2026-08-27T13:13:32Z
Shape (ShapeScale),Shape (ShapeScale),passthrough,58.3,2026-08-27T13:13:32Z
Go1,Go1,passthrough,57.1,2026-08-27T13:13:32Z
Maderight,Maderight,passthrough,57.1,2026-08-27T13:13:32Z
The Ticket Fairy,The Ticket Fairy,passthrough,51.9,2026-08-27T13:13:32Z
Nebia,Nebia,passthrough,57.1,2026-08-27T13:13:32Z
VOIQ,VOIQ,passthrough,50.0,2026-08-27T13:13:32Z
Deepgram,Deepgram,passthrough,62.5,2026-08-27T13:13:32Z
iSono Health,iSono Health,passthrough,52.6,2026-08-27T13:13:32Z
Tovala,Tovala,passthrough,54.5,2026-08-27T13:13:32Z
Daily,Daily,passthrough,60.0,2026-08-27T13:13:32Z
Algoriz,Algoriz,passthrough,42.9,2026-08-27T13:13:32Z
Focal Systems,Focal Systems,passthrough,70.0,2026-08-27T13:13:33Z
Able Health,Able Health,passthrough,66.7,2026-08-27T13:13:33Z
Gigwell,Gigwell,passthrough,46.2,2026-08-27T13:13:33Z
Pulpix,Pulpix,passthrough,40.0,2026-08-27T13:13:33Z
Revl,Revl,passthrough,50.0,2026-08-27T13:13:33Z
MailTime,MailTime,passthrough,53.3,2026-08-27T13:13:33Z
Netomi,Netomi,passthrough,53.3,2026-08-27T13:13:33Z
Superside,Superside,passthrough,55.6,2026-08-27T13:13:33Z
Function of Beauty,Function of Beauty,passthrough,51.6,2026-08-27T13:13:33Z
Podium,Podium,passthrough,76.9,2026-08-27T13:13:33Z
Gecko Robotics,Gecko Robotics,passthrough,43.8,2026-08-27T13:13:33Z
GoLorry,GoLorry,passthrough,40.0,2026-08-27T13:13:33Z
HistoWiz,HistoWiz,passthrough,47.1,2026-08-27T13:13:33Z
Caper,Caper,passthrough,72.7,2026-08-27T13:13:33Z
Georgette Packaging,Georgette Packaging,passthrough,46.7,2026-08-27T13:13:33Z
Kisan Network,Kisan Network,passthrough,46.2,2026-08-27T13:13:33Z
Pathmind,Pathmind,passthrough,62.5,2026-08-27T13:13:33Z
Unnyhog,Unnyhog,passthrough,54.5,2026-08-27T13:13:33Z
Sendbird,Sendbird,passthrough,46.2,2026-08-27T13:13:33Z
Relativity Space,Relativity Space,passthrough,50.0,2026-08-27T13:13:33Z
Boom,Boom,passthrough,50.0,2026-08-27T13:13:33Z
Nova,Nova,passthrough,61.5,2026-08-27T13:13:33Z
Modal,Modal,exact,100.0,2026-08-27T13:13:33Z
flexEngage,flexEngage,passthrough,50.0,2026-08-27T13:13:33Z
Qvin,Qvin,passthrough,46.2,2026-08-27T13:13:33Z
Mindori,Mindori,passthrough,58.8,2026-08-27T13:13:33Z
Vetcove,Vetcove,passthrough,53.3,2026-08-27T13:13:33Z
Selfycart,Selfycart,passthrough,55.6,2026-08-27T13:13:33Z
Joy,Joy,passthrough,46.2,2026-08-27T13:13:33Z
Upgraded,Upgraded,passthrough,46.2,2026-08-27T13:13:33Z
Rose Rocket,Rose Rocket,passthrough,47.1,2026-08-27T13:13:33Z
Farmstead,Farmstead,passthrough,52.6,2026-08-27T13:13:33Z
Sway Finance,Sway Finance,passthrough,50.0,2026-08-27T13:13:33Z
Iris Automation,Iris Automation,passthrough,51.6,2026-08-27T13:13:33Z
OneChronos,OneChronos,passthrough,57.1,2026-08-27T13:13:33Z
Haywheel,Haywheel,passthrough,58.8,2026-08-27T13:13:33Z
The Flex Company,The Flex Company,passthrough,50.0,2026-08-27T13:13:33Z
garten,garten,passthrough,54.5,2026-08-27T13:13:33Z
Mosaix.ai,Mosaix.ai,passthrough,63.2,2026-08-27T13:13:33Z
Burrow,Burrow,passthrough,50.0,2026-08-27T13:13:33Z
NeoWize,NeoWize,passthrough,53.3,2026-08-27T13:13:33Z
Airo Health,Airo Health,passthrough,55.6,2026-08-27T13:13:33Z
Synvivia,Synvivia,passthrough,58.8,2026-08-27T13:13:33Z
Meesho,Meesho,passthrough,42.9,2026-08-27T13:13:33Z
Seerslab,Seerslab,passthrough,55.6,2026-08-27T13:13:33Z
Miso,Miso,passthrough,54.5,2026-08-27T13:13:33Z
Athelas,Athelas,passthrough,50.0,2026-08-27T13:13:33Z
Curtsy,Curtsy,passthrough,66.7,2026-08-27T13:13:33Z
CrowdAI,CrowdAI,passthrough,61.5,2026-08-27T13:13:33Z
Saleswhale,Saleswhale,passthrough,60.0,2026-08-27T13:13:33Z
Polymail,Polymail,passthrough,57.1,2026-08-27T13:13:33Z
Scale AI,Scale AI,exact,100.0,2026-08-27T13:13:33Z
People.ai,People.ai,passthrough,72.7,2026-08-27T13:13:33Z
Elemeno Health,Elemeno Health,passthrough,56.0,2026-08-27T13:13:33Z
ClassDojo,ClassDojo,passthrough,42.1,2026-08-27T13:13:33Z
SkyLights,SkyLights,passthrough,48.0,2026-08-27T13:13:33Z
Voiceops,Voiceops,passthrough,53.3,2026-08-27T13:13:33Z
Trade,Trade,passthrough,60.0,2026-08-27T13:13:33Z
Speak,Speak,passthrough,57.1,2026-08-27T13:13:33Z
Bountiful,Bountiful,passthrough,40.0,2026-08-27T13:13:33Z
Cowlar,Cowlar,passthrough,53.3,2026-08-27T13:13:33Z
Scribe,Scribe,passthrough,54.5,2026-08-27T13:13:33Z
Riley,Riley,passthrough,54.5,2026-08-27T13:13:33Z
Pit.AI,Pit.AI,passthrough,63.2,2026-08-27T13:13:33Z
Shipamax,Shipamax,passthrough,47.1,2026-08-27T13:13:33Z
MDalgorithms Inc.,MDalgorithms Inc.,passthrough,57.1,2026-08-27T13:13:33Z
Tress,Tress,passthrough,46.2,2026-08-27T13:13:33Z
Entry,Entry,passthrough,46.2,2026-08-27T13:13:33Z
RankScience,RankScience,passthrough,55.6,2026-08-27T13:13:33Z
Ambient.ai,Ambient.ai,passthrough,66.7,2026-08-27T13:13:33Z
Penny,Penny,passthrough,54.5,2026-08-27T13:13:33Z
Firsthand,Firsthand,passthrough,50.0,2026-08-27T13:13:33Z
"Veryfi, Inc.","Veryfi, Inc.",passthrough,53.3,2026-08-27T13:13:33Z
Wright Electric,Wright Electric,passthrough,45.2,2026-08-27T13:13:33Z
AlemHealth,AlemHealth,passthrough,70.0,2026-08-27T13:13:33Z
Supr Daily,Supr Daily,passthrough,63.2,2026-08-27T13:13:33Z
Bulk MRO Industrial Supply,Bulk MRO Industrial Supply,passthrough,38.9,2026-08-27T13:13:33Z
Tetra,Tetra,passthrough,62.5,2026-08-27T13:13:33Z
FloydHub,FloydHub,passthrough,40.0,2026-08-27T13:13:33Z
Bulletin,Bulletin,passthrough,55.6,2026-08-27T13:13:33Z
BIOS Health,BIOS Health,passthrough,47.6,2026-08-27T13:13:33Z
NanoNets,NanoNets,passthrough,53.3,2026-08-27T13:13:33Z
Bicycle AI,Bicycle AI,passthrough,66.7,2026-08-27T13:13:33Z
UpKeep,UpKeep,passthrough,42.9,2026-08-27T13:13:33Z
SourceBeacon,SourceBeacon,passthrough,66.7,2026-08-27T13:13:33Z
Faire,Faire,passthrough,72.7,2026-08-27T13:13:33Z
Ridecell,Ridecell,passthrough,52.6,2026-08-27T13:13:33Z
Mirror AI,Mirror AI,passthrough,66.7,2026-08-27T13:13:33Z
Helix Nanotechnologies,Helix Nanotechnologies,passthrough,76.9,2026-08-27T13:13:33Z
ScopeAI,ScopeAI,passthrough,76.9,2026-08-27T13:13:33Z
Jerry,Jerry,passthrough,54.5,2026-08-27T13:13:33Z
Passerine Aircraft,Passerine Aircraft,passthrough,53.3,2026-08-27T13:13:33Z
Skyways,Skyways,passthrough,50.0,2026-08-27T13:13:33Z
Nobell Foods,Nobell Foods,passthrough,37.5,2026-08-27T13:13:33Z
VergeSense,VergeSense,passthrough,50.0,2026-08-27T13:13:33Z
AutoHub,AutoHub,passthrough,44.4,2026-08-27T13:13:33Z
Releaf Earth,Releaf Earth,passthrough,52.6,2026-08-27T13:13:33Z
UpCodes,UpCodes,passthrough,57.1,2026-08-27T13:13:33Z
Standard AI,Standard AI,passthrough,66.7,2026-08-27T13:13:33Z
Nimble,Nimble,passthrough,72.7,2026-08-27T13:13:33Z
Darmiyan,Darmiyan,passthrough,58.8,2026-08-27T13:13:33Z
Flock Safety,Flock Safety,passthrough,41.7,2026-08-27T13:13:33Z
Mystro,Mystro,passthrough,61.5,2026-08-27T13:13:33Z
Semantix,Semantix,passthrough,53.3,2026-08-27T13:13:33Z
Plasticity,Plasticity,passthrough,63.6,2026-08-27T13:13:33Z
Slik,Slik,passthrough,54.5,2026-08-27T13:13:33Z
Cairns Health,Cairns Health,passthrough,52.2,2026-08-27T13:13:33Z
Pop Meals,Pop Meals,passthrough,50.0,2026-08-27T13:13:33Z
Spect,Spect,passthrough,54.5,2026-08-27T13:13:33Z
Pyka,Pyka,passthrough,60.0,2026-08-27T13:13:33Z
Surematics,Surematics,passthrough,52.6,2026-08-27T13:13:33Z
Goosebump,Goosebump,passthrough,50.0,2026-08-27T13:13:33Z
Flowspace,Flowspace,passthrough,42.9,2026-08-27T13:13:33Z
Modular Science,Modular Science,passthrough,48.0,2026-08-27T13:13:33Z
Skyscrape,Skyscrape,passthrough,58.8,2026-08-27T13:13:33Z
D-ID,D-ID,passthrough,50.0,2026-08-27T13:13:33Z
Percept.AI,Percept.AI,passthrough,69.6,2026-08-27T13:13:33Z
WATERFX,WATERFX,passthrough,53.3,2026-08-27T13:13:33Z
Sourceress,Sourceress,passthrough,66.7,2026-08-27T13:13:33Z
OneLocal,OneLocal,passthrough,50.0,2026-08-27T13:13:33Z
Opearlo,Opearlo,passthrough,61.5,2026-08-27T13:13:33Z
Headstart,Headstart,passthrough,47.6,2026-08-27T13:13:33Z
Guggy,Guggy,passthrough,37.5,2026-08-27T13:13:33Z
May Mobility,May Mobility,passthrough,66.7,2026-08-27T13:13:33Z
Commissary Club (formerly 70 Million Jobs),Commissary Club (formerly 70 Million Jobs),passthrough,32.8,2026-08-27T13:13:33Z
Cambridge Cancer Genomics,Cambridge Cancer Genomics,passthrough,46.5,2026-08-27T13:13:33Z
AssemblyAI,AssemblyAI,passthrough,57.1,2026-08-27T13:13:33Z
Lyrebird,Lyrebird,passthrough,50.0,2026-08-27T13:13:33Z
Just Appraised,Just Appraised,passthrough,44.4,2026-08-27T13:13:33Z
Social Construct,Social Construct,passthrough,43.5,2026-08-27T13:13:33Z
10 By 10,10 By 10,passthrough,42.9,2026-08-27T13:13:33Z
Bumpline,Bumpline,passthrough,53.3,2026-08-27T13:13:33Z
Thematic,Thematic,passthrough,52.6,2026-08-27T13:13:33Z
FollowUpThen,FollowUpThen,passthrough,44.4,2026-08-27T13:13:33Z
Proven Group,Proven Group,passthrough,44.4,2026-08-27T13:13:33Z
Precious,Precious,passthrough,52.6,2026-08-27T13:13:33Z
Spellbrush,Spellbrush,passthrough,50.0,2026-08-27T13:13:33Z
Jasper,Jasper,exact,100.0,2026-08-27T13:13:33Z
Observant AI,Observant AI,passthrough,66.7,2026-08-27T13:13:33Z
Fondo,Fondo,passthrough,54.5,2026-08-27T13:13:33Z
Slite,Slite,passthrough,60.0,2026-08-27T13:13:33Z
Mighty Buildings,Mighty Buildings,passthrough,50.0,2026-08-27T13:13:33Z
Sepsis Scout,Sepsis Scout,passthrough,47.6,2026-08-27T13:13:33Z
Macromoltek,Macromoltek,passthrough,50.0,2026-08-27T13:13:33Z
Promise,Promise,passthrough,46.2,2026-08-27T13:13:33Z
OurMenu,OurMenu,passthrough,47.1,2026-08-27T13:13:33Z
Persephone Biosciences,Persephone Biosciences,passthrough,42.1,2026-08-27T13:13:33Z
Reverie Labs,Reverie Labs,passthrough,69.6,2026-08-27T13:13:33Z
Nuvocargo,Nuvocargo,passthrough,47.1,2026-08-27T13:13:33Z
LUS Brands,LUS Brands,passthrough,53.8,2026-08-27T13:13:33Z
Meitre,Meitre,passthrough,61.5,2026-08-27T13:13:33Z
Sourcify,Sourcify,passthrough,52.6,2026-08-27T13:13:33Z
Viaopt,Viaopt,passthrough,57.1,2026-08-27T13:13:33Z
Meson,Meson,passthrough,46.2,2026-08-27T13:13:33Z
Evolve (makers of Podcast App & Rest),Evolve (makers of Podcast App & Rest),passthrough,39.2,2026-08-27T13:13:33Z
Edwin,Edwin,passthrough,46.2,2026-08-27T13:13:33Z
Acely,Acely,passthrough,54.5,2026-08-27T13:13:33Z
Cognition IP,Cognition IP,passthrough,50.0,2026-08-27T13:13:33Z
Hunter2,Hunter2,passthrough,46.2,2026-08-27T13:13:33Z
Vathys,Vathys,passthrough,42.9,2026-08-27T13:13:33Z
Naborly,Naborly,passthrough,50.0,2026-08-27T13:13:33Z
Weekend (fmr. Volley),Weekend (fmr. Volley),passthrough,40.0,2026-08-27T13:13:33Z
SharpestMinds,SharpestMinds,passthrough,47.6,2026-08-27T13:13:33Z
Tilt (f.k.a. Delphia),Tilt (f.k.a. Delphia),passthrough,44.4,2026-08-27T13:13:33Z
Orangewood Labs,Orangewood Labs,passthrough,61.5,2026-08-27T13:13:33Z
Memora Health,Memora Health,passthrough,50.0,2026-08-27T13:13:33Z
AlgoSurg Inc,AlgoSurg Inc,passthrough,47.1,2026-08-27T13:13:33Z
Voicery,Voicery,passthrough,50.0,2026-08-27T13:13:33Z
Swipehouse,Swipehouse,passthrough,44.4,2026-08-27T13:13:33Z
Point API,Point API,passthrough,66.7,2026-08-27T13:13:33Z
Jido Maps,Jido Maps,passthrough,50.0,2026-08-27T13:13:33Z
Observe.AI,Observe.AI,passthrough,63.2,2026-08-27T13:13:33Z
Helloverify,Helloverify,passthrough,47.6,2026-08-27T13:13:33Z
Aerones,Aerones,passthrough,53.3,2026-08-27T13:13:33Z
Veriff,Veriff,passthrough,42.9,2026-08-27T13:13:33Z
Swayable,Swayable,passthrough,62.5,2026-08-27T13:13:33Z
Curebase,Curebase,passthrough,75.0,2026-08-27T13:13:33Z
Phiar,Phiar,passthrough,54.5,2026-08-27T13:13:33Z
OWNY,OWNY,passthrough,44.4,2026-08-27T13:13:33Z
Within,Within,passthrough,50.0,2026-08-27T13:13:33Z
C16 Biosciences,C16 Biosciences,passthrough,38.7,2026-08-27T13:13:33Z
"numericcal, inc.","numericcal, inc.",passthrough,47.1,2026-08-27T13:13:33Z
Searchlight,Searchlight,passthrough,50.0,2026-08-27T13:13:33Z
FREY,FREY,passthrough,60.0,2026-08-27T13:13:33Z
OpenWrench,OpenWrench,passthrough,52.2,2026-08-27T13:13:33Z
Activeloop,Activeloop,passthrough,47.1,2026-08-27T13:13:33Z
Inokyo,Inokyo,passthrough,47.1,2026-08-27T13:13:33Z
Data Driven Bioscience,Data Driven Bioscience,passthrough,42.1,2026-08-27T13:13:33Z
Inscribe,Inscribe,passthrough,50.0,2026-08-27T13:13:33Z
JITX,JITX,passthrough,50.0,2026-08-27T13:13:33Z
Medinas Health,Medinas Health,passthrough,50.0,2026-08-27T13:13:33Z
"AskMyClass, now Soundkins","AskMyClass, now Soundkins",passthrough,45.0,2026-08-27T13:13:33Z
Spero Foods,Spero Foods,passthrough,50.0,2026-08-27T13:13:33Z
64x Bio,64x Bio,passthrough,40.0,2026-08-27T13:13:33Z
Anima App,Anima App,passthrough,55.6,2026-08-27T13:13:33Z
Tall Poppy,Tall Poppy,passthrough,50.0,2026-08-27T13:13:33Z
Ixora,Ixora,passthrough,50.0,2026-08-27T13:13:33Z
LabelFlow,LabelFlow,passthrough,44.4,2026-08-27T13:13:33Z
Corvus Robotics,Corvus Robotics,passthrough,44.4,2026-08-27T13:13:33Z
Duffel,Duffel,passthrough,42.9,2026-08-27T13:13:33Z
Impactive (formerly Outvote),Impactive (formerly Outvote),passthrough,46.5,2026-08-27T13:13:33Z
Regology,Regology,passthrough,46.2,2026-08-27T13:13:33Z
Quickchat AI,Quickchat AI,passthrough,66.7,2026-08-27T13:13:33Z
"DreamCraft Entertainment, Inc.","DreamCraft Entertainment, Inc.",passthrough,48.9,2026-08-27T13:13:33Z
Rain Neuromorphics,Rain Neuromorphics,passthrough,44.4,2026-08-27T13:13:33Z
BlueCargo,BlueCargo,passthrough,55.6,2026-08-27T13:13:33Z
Alpha Vantage,Alpha Vantage,passthrough,66.7,2026-08-27T13:13:33Z
FameGame,FameGame,passthrough,44.4,2026-08-27T13:13:33Z
The Supplant Company,The Supplant Company,passthrough,47.6,2026-08-27T13:13:33Z
Prodigal,Prodigal,passthrough,61.5,2026-08-27T13:13:33Z
Calii,Calii,passthrough,66.7,2026-08-27T13:13:33Z
TENDERD,TENDERD,passthrough,53.3,2026-08-27T13:13:33Z
Bot MD,Bot MD,passthrough,50.0,2026-08-27T13:13:33Z
Shelf Engine,Shelf Engine,passthrough,46.7,2026-08-27T13:13:33Z
Eden,Eden,passthrough,50.0,2026-08-27T13:13:33Z
SkydropX,SkydropX,passthrough,35.3,2026-08-27T13:13:33Z
BrainHi,BrainHi,passthrough,52.6,2026-08-27T13:13:33Z
Khatabook,Khatabook,passthrough,52.6,2026-08-27T13:13:33Z
Kobo360,Kobo360,passthrough,30.8,2026-08-27T13:13:33Z
Mutiny,Mutiny,passthrough,53.3,2026-08-27T13:13:33Z
Synkrino Biotherapeutics,Synkrino Biotherapeutics,passthrough,41.2,2026-08-27T13:13:33Z
dNovo,dNovo,passthrough,46.2,2026-08-27T13:13:33Z
Leena AI,Leena AI,passthrough,66.7,2026-08-27T13:13:33Z
JuziBot,JuziBot,passthrough,37.5,2026-08-27T13:13:33Z
SPATE,SPATE,passthrough,60.0,2026-08-27T13:13:33Z
Enveritas,Enveritas,passthrough,58.8,2026-08-27T13:13:33Z
LemonBox,LemonBox,passthrough,47.6,2026-08-27T13:13:33Z
iLabService,iLabService,passthrough,50.0,2026-08-27T13:13:33Z
Aesthetic,Aesthetic,passthrough,55.6,2026-08-27T13:13:33Z
Kunduz,Kunduz,passthrough,42.9,2026-08-27T13:13:33Z
Overview,Overview,passthrough,57.1,2026-08-27T13:13:33Z
Taobotics,Taobotics,passthrough,63.2,2026-08-27T13:13:33Z
Flockjay,Flockjay,passthrough,38.1,2026-08-27T13:13:33Z
Positive,Positive,passthrough,47.1,2026-08-27T13:13:33Z
AllSome Fulfillment,AllSome Fulfillment,passthrough,50.0,2026-08-27T13:13:33Z
Pachama,Pachama,passthrough,61.5,2026-08-27T13:13:33Z
Keeper,Keeper,passthrough,50.0,2026-08-27T13:13:33Z
Centaur,Centaur,passthrough,46.2,2026-08-27T13:13:33Z
SpaceRyde,SpaceRyde,passthrough,55.6,2026-08-27T13:13:33Z
Sunsama,Sunsama,passthrough,54.5,2026-08-27T13:13:33Z
Sorting Robotics,Sorting Robotics,passthrough,50.0,2026-08-27T13:13:33Z
Windsor,Windsor,passthrough,80.0,2026-08-27T13:13:33Z
Hatch,Hatch,passthrough,50.0,2026-08-27T13:13:33Z
BrainKey,BrainKey,passthrough,53.3,2026-08-27T13:13:33Z
GoLinks,GoLinks,passthrough,50.0,2026-08-27T13:13:33Z
Tailornova/Couturme,Tailornova/Couturme,passthrough,50.0,2026-08-27T13:13:33Z
Adventurous Co,Adventurous Co,passthrough,52.2,2026-08-27T13:13:33Z
Community Phone Company,Community Phone Company,passthrough,50.0,2026-08-27T13:13:33Z
Basilica,Basilica,passthrough,53.3,2026-08-27T13:13:33Z
WeatherCheck,WeatherCheck,passthrough,50.0,2026-08-27T13:13:33Z
Sapling.ai,Sapling.ai,passthrough,63.6,2026-08-27T13:13:33Z
Nabis,Nabis,passthrough,60.0,2026-08-27T13:13:33Z
Forage,Forage,passthrough,50.0,2026-08-27T13:13:33Z
Demodesk,Demodesk,passthrough,50.0,2026-08-27T13:13:33Z
AI Insurance,AI Insurance,passthrough,66.7,2026-08-27T13:13:33Z
Switchboard,Switchboard,passthrough,52.6,2026-08-27T13:13:33Z
ResistanceBio,ResistanceBio,passthrough,50.0,2026-08-27T13:13:33Z
Evo.Do,Evo.Do,passthrough,50.0,2026-08-27T13:13:33Z
Docucharm,Docucharm,passthrough,53.3,2026-08-27T13:13:33Z
Askdata,Askdata,passthrough,53.3,2026-08-27T13:13:33Z
Probably Genetic,Probably Genetic,passthrough,43.2,2026-08-27T13:13:33Z
Superorder,Superorder,passthrough,52.6,2026-08-27T13:13:33Z
Maitian.ai,Maitian.ai,passthrough,70.0,2026-08-27T13:13:33Z
Bunkerhill Health,Bunkerhill Health,passthrough,47.4,2026-08-27T13:13:33Z
Landed,Landed,passthrough,62.5,2026-08-27T13:13:33Z
Autodial prev Qwest,Autodial prev Qwest,passthrough,48.6,2026-08-27T13:13:33Z
Axel Travel,Axel Travel,passthrough,57.1,2026-08-27T13:13:33Z
DailyDoctor,DailyDoctor,passthrough,50.0,2026-08-27T13:13:33Z
Aura Vision,Aura Vision,passthrough,51.9,2026-08-27T13:13:33Z
JetPack Aviation,JetPack Aviation,passthrough,50.0,2026-08-27T13:13:33Z
Reelables,Reelables,passthrough,63.2,2026-08-27T13:13:33Z
Heart Aerospace,Heart Aerospace,passthrough,50.0,2026-08-27T13:13:33Z
Hypnos,Hypnos,passthrough,42.9,2026-08-27T13:13:33Z
Superb AI,Superb AI,passthrough,77.8,2026-08-27T13:13:33Z
Traverse Technologies,Traverse Technologies,passthrough,82.8,2026-08-27T13:13:33Z
Our World in Data,Our World in Data,passthrough,53.8,2026-08-27T13:13:33Z
Nowports,Nowports,passthrough,42.9,2026-08-27T13:13:33Z
Beacons,Beacons,passthrough,53.3,2026-08-27T13:13:33Z
Glide,Glide,passthrough,60.0,2026-08-27T13:13:33Z
AXDRAFT,AXDRAFT,passthrough,61.5,2026-08-27T13:13:33Z
Frubana Inc,Frubana Inc,passthrough,61.5,2026-08-27T13:13:33Z
Sublime Black,Sublime Black,passthrough,48.0,2026-08-27T13:13:33Z
Mars Auto,Mars Auto,passthrough,52.6,2026-08-27T13:13:33Z
Allure Systems,Allure Systems,passthrough,66.7,2026-08-27T13:13:33Z
WorkClout,WorkClout,passthrough,42.1,2026-08-27T13:13:33Z
Latchel,Latchel,passthrough,50.0,2026-08-27T13:13:33Z
Tailor-ED,Tailor-ED,passthrough,47.6,2026-08-27T13:13:33Z
Cosmic,Cosmic,passthrough,50.0,2026-08-27T13:13:33Z
"OutRival, Inc.","OutRival, Inc.",passthrough,53.3,2026-08-27T13:13:33Z
1910,1910,passthrough,25.0,2026-08-27T13:13:33Z
Numero,Numero,passthrough,50.0,2026-08-27T13:13:33Z
rct AI,rct AI,passthrough,66.7,2026-08-27T13:13:33Z
Eclipse Foods,Eclipse Foods,passthrough,43.5,2026-08-27T13:13:33Z
Shipper,Shipper,passthrough,61.5,2026-08-27T13:13:33Z
Spiral Genetics,Spiral Genetics,passthrough,48.0,2026-08-27T13:13:33Z
Playground,Playground,passthrough,42.9,2026-08-27T13:13:33Z
MoFE,MoFE,passthrough,44.4,2026-08-27T13:13:33Z
matagora,matagora,passthrough,53.3,2026-08-27T13:13:33Z
Cuboh,Cuboh,passthrough,54.5,2026-08-27T13:13:33Z
Shiru,Shiru,passthrough,44.4,2026-08-27T13:13:33Z
Figments,Figments,passthrough,57.1,2026-08-27T13:13:33Z
Palifer,Palifer,passthrough,50.0,2026-08-27T13:13:33Z
Symplex,Symplex,passthrough,50.0,2026-08-27T13:13:33Z
Kraftful,Kraftful,passthrough,42.9,2026-08-27T13:13:33Z
Well Principled,Well Principled,passthrough,46.2,2026-08-27T13:13:33Z
Mighty Health,Mighty Health,passthrough,45.5,2026-08-27T13:13:33Z
Prompt,Prompt,passthrough,50.0,2026-08-27T13:13:33Z
Short Story,Short Story,passthrough,47.1,2026-08-27T13:13:33Z
Voyage Biomedical,Voyage Biomedical,passthrough,41.2,2026-08-27T13:13:33Z
TRM Labs,TRM Labs,passthrough,70.6,2026-08-27T13:13:33Z
Soteris,Soteris,passthrough,55.6,2026-08-27T13:13:33Z
Lantern,Lantern,passthrough,50.0,2026-08-27T13:13:33Z
AudioFocus,AudioFocus,passthrough,52.6,2026-08-27T13:13:33Z
Prolific,Prolific,passthrough,47.6,2026-08-27T13:13:33Z
Dashblock,Dashblock,passthrough,52.6,2026-08-27T13:13:33Z
GEn1E Lifesciences,GEn1E Lifesciences,passthrough,51.3,2026-08-27T13:13:33Z
Embrace,Embrace,passthrough,53.3,2026-08-27T13:13:33Z
Mindset Health,Mindset Health,passthrough,52.2,2026-08-27T13:13:33Z
Yummy Future,Yummy Future,passthrough,44.4,2026-08-27T13:13:33Z
UpEquity,UpEquity,passthrough,55.6,2026-08-27T13:13:33Z
Nonu,Nonu,passthrough,50.0,2026-08-27T13:13:33Z
ZETA SURGICAL,ZETA SURGICAL,passthrough,60.0,2026-08-27T13:13:33Z
Milo,Milo,passthrough,54.5,2026-08-27T13:13:33Z
Green Canopy NODE,Green Canopy NODE,passthrough,42.4,2026-08-27T13:13:33Z
Downtobid,Downtobid,passthrough,44.4,2026-08-27T13:13:33Z
Rainbow,Rainbow,passthrough,57.1,2026-08-27T13:13:33Z
Rosebud AI,Rosebud AI,passthrough,66.7,2026-08-27T13:13:33Z
Arpeggio Bio,Arpeggio Bio,passthrough,43.5,2026-08-27T13:13:33Z
PlayAbly,PlayAbly,passthrough,50.0,2026-08-27T13:13:33Z
Microverse,Microverse,passthrough,63.2,2026-08-27T13:13:33Z
EARTH AI,EARTH AI,passthrough,66.7,2026-08-27T13:13:33Z
CoLab,CoLab,passthrough,61.5,2026-08-27T13:13:33Z
Binks,Binks,passthrough,53.3,2026-08-27T13:13:33Z
Chaos Genius,Chaos Genius,passthrough,52.6,2026-08-27T13:13:33Z
MyPetrolPump,MyPetrolPump,passthrough,42.1,2026-08-27T13:13:33Z
Tensil,Tensil,passthrough,53.3,2026-08-27T13:13:33Z
Vahan,Vahan,passthrough,57.1,2026-08-27T13:13:33Z
Namaste Business,Namaste Business,passthrough,51.9,2026-08-27T13:13:33Z
Finlens,Finlens,passthrough,58.8,2026-08-27T13:13:33Z
Ramen VR,Ramen VR,passthrough,47.1,2026-08-27T13:13:33Z
Hightouch,Hightouch,passthrough,40.0,2026-08-27T13:13:33Z
Eden Farm,Eden Farm,passthrough,50.0,2026-08-27T13:13:33Z
PredictLeads,PredictLeads,passthrough,57.1,2026-08-27T13:13:33Z
Trella,Trella,passthrough,60.0,2026-08-27T13:13:33Z
Recidiviz,Recidiviz,passthrough,40.0,2026-08-27T13:13:33Z
Alana,Alana,passthrough,60.0,2026-08-27T13:13:33Z
Traces,Traces,passthrough,50.0,2026-08-27T13:13:33Z
Mipos.dev,Mipos.dev,passthrough,42.9,2026-08-27T13:13:33Z
Flowbot,Flowbot,passthrough,46.2,2026-08-27T13:13:33Z
treble.ai,treble.ai,passthrough,63.2,2026-08-27T13:13:33Z
Deepnote,Deepnote,passthrough,62.5,2026-08-27T13:13:33Z
Meridian Industries,Meridian Industries,passthrough,46.7,2026-08-27T13:13:33Z
Taskade,Taskade,passthrough,53.3,2026-08-27T13:13:33Z
Motion,Motion,passthrough,50.0,2026-08-27T13:13:33Z
Vendr,Vendr,passthrough,46.2,2026-08-27T13:13:33Z
Karat Financial,Karat Financial,passthrough,51.9,2026-08-27T13:13:33Z
Flowglad,Flowglad,passthrough,46.2,2026-08-27T13:13:33Z
Phonic,Phonic,passthrough,53.3,2026-08-27T13:13:33Z
Abalone Bio,Abalone Bio,passthrough,50.0,2026-08-27T13:13:33Z
StratumAI,StratumAI,passthrough,66.7,2026-08-27T13:13:33Z
RoboTire,RoboTire,passthrough,42.9,2026-08-27T13:13:33Z
MindsDB,MindsDB,passthrough,53.3,2026-08-27T13:13:33Z
FitnessAI,FitnessAI,passthrough,55.6,2026-08-27T13:13:33Z
Segmed,Segmed,passthrough,42.9,2026-08-27T13:13:33Z
Letterdrop,Letterdrop,passthrough,44.4,2026-08-27T13:13:33Z
Factored Quality,Factored Quality,passthrough,50.0,2026-08-27T13:13:33Z
Taiv,Taiv,passthrough,57.1,2026-08-27T13:13:33Z
Orbiter,Orbiter,passthrough,53.3,2026-08-27T13:13:33Z
Glisten AI,Glisten AI,passthrough,66.7,2026-08-27T13:13:33Z
Ardis AI,Ardis AI,passthrough,66.7,2026-08-27T13:13:33Z
Perceptive Technologies,Perceptive Technologies,passthrough,82.8,2026-08-27T13:13:33Z
Handoff,Handoff,passthrough,50.0,2026-08-27T13:13:33Z
Nextmv,Nextmv,passthrough,47.1,2026-08-27T13:13:33Z
Aden,Aden,passthrough,66.7,2026-08-27T13:13:33Z
Terrasoft,Terrasoft,passthrough,58.8,2026-08-27T13:13:33Z
Datasaur,Datasaur,passthrough,55.6,2026-08-27T13:13:33Z
Dashworks,Dashworks,passthrough,52.6,2026-08-27T13:13:33Z
Eternal,Eternal,passthrough,57.1,2026-08-27T13:13:33Z
Replicate,Replicate,exact,100.0,2026-08-27T13:13:33Z
Basedash,Basedash,passthrough,50.0,2026-08-27T13:13:33Z
Terusama,Terusama,passthrough,50.0,2026-08-27T13:13:33Z
Clayboard,Clayboard,passthrough,52.6,2026-08-27T13:13:33Z
Edlyft,Edlyft,passthrough,40.0,2026-08-27T13:13:33Z
Eze,Eze,passthrough,44.4,2026-08-27T13:13:33Z
The Mercer Club,The Mercer Club,passthrough,51.6,2026-08-27T13:13:33Z
StartPlaying.Games,StartPlaying.Games,passthrough,46.7,2026-08-27T13:13:33Z
Grain,Grain,passthrough,60.0,2026-08-27T13:13:33Z
TrueNorth,TrueNorth,passthrough,47.1,2026-08-27T13:13:33Z
Visual One,Visual One,passthrough,50.0,2026-08-27T13:13:33Z
Signadot,Signadot,passthrough,50.0,2026-08-27T13:13:33Z
Operator.io,Operator.io,passthrough,58.8,2026-08-27T13:13:33Z
Talyn Air,Talyn Air,passthrough,66.7,2026-08-27T13:13:33Z
Riya Collective,Riya Collective,passthrough,50.0,2026-08-27T13:13:33Z
Logarithm Labs,Logarithm Labs,passthrough,61.5,2026-08-27T13:13:33Z
Global Belly,Global Belly,passthrough,45.5,2026-08-27T13:13:33Z
Scout,Scout,passthrough,54.5,2026-08-27T13:13:33Z
Medicare Vox (fka Fair Square),Medicare Vox (fka Fair Square),passthrough,43.2,2026-08-27T13:13:33Z
Altay Therapeutics,Altay Therapeutics,passthrough,51.9,2026-08-27T13:13:33Z
Turing Labs Inc.,Turing Labs Inc.,passthrough,61.5,2026-08-27T13:13:33Z
Ello,Ello,passthrough,47.1,2026-08-27T13:13:33Z
QueryPie AI,QueryPie AI,passthrough,66.7,2026-08-27T13:13:33Z
Response,Response,passthrough,50.0,2026-08-27T13:13:33Z
Typedream,Typedream,passthrough,55.6,2026-08-27T13:13:33Z
Vori,Vori,passthrough,46.2,2026-08-27T13:13:33Z
Mini Exhibitions,Mini Exhibitions,passthrough,43.8,2026-08-27T13:13:33Z
Kinter,Kinter,passthrough,47.1,2026-08-27T13:13:33Z
Dropbase,Dropbase,passthrough,50.0,2026-08-27T13:13:33Z
Trident Bioscience,Trident Bioscience,passthrough,46.2,2026-08-27T13:13:33Z
Photoroom,Photoroom,passthrough,53.3,2026-08-27T13:13:33Z
Modernbanc,Modernbanc,passthrough,53.3,2026-08-27T13:13:33Z
AIOS,AIOS,passthrough,57.1,2026-08-27T13:13:33Z
Skypher,Skypher,passthrough,62.5,2026-08-27T13:13:33Z
Recurrency,Recurrency,passthrough,50.0,2026-08-27T13:13:33Z
PostEra,PostEra,passthrough,57.1,2026-08-27T13:13:33Z
DeepSource,DeepSource,passthrough,57.1,2026-08-27T13:13:33Z
Pay Swifter,Pay Swifter,passthrough,50.0,2026-08-27T13:13:33Z
UrbanKisaan,UrbanKisaan,passthrough,45.5,2026-08-27T13:13:33Z
farmtheory,farmtheory,passthrough,50.0,2026-08-27T13:13:33Z
PillarPlus,PillarPlus,passthrough,43.5,2026-08-27T13:13:33Z
SprintAI,SprintAI,passthrough,60.0,2026-08-27T13:13:33Z
Zeo Route Planner,Zeo Route Planner,passthrough,42.9,2026-08-27T13:13:33Z
Bikry,Bikry,passthrough,42.9,2026-08-27T13:13:33Z
Zumo Labs,Zumo Labs,passthrough,77.8,2026-08-27T13:13:33Z
Synapsica Healthcare,Synapsica Healthcare,passthrough,48.3,2026-08-27T13:13:33Z
Easyplan,Easyplan,passthrough,47.1,2026-08-27T13:13:33Z
adyn,adyn,passthrough,44.4,2026-08-27T13:13:33Z
Overfit,Overfit,passthrough,62.5,2026-08-27T13:13:33Z
Oda,Oda,passthrough,75.0,2026-08-27T13:13:33Z
Valienta,Valienta,passthrough,60.0,2026-08-27T13:13:33Z
Tajir,Tajir,passthrough,50.0,2026-08-27T13:13:33Z
Linkana,Linkana,passthrough,50.0,2026-08-27T13:13:33Z
BeGo,BeGo,passthrough,50.0,2026-08-27T13:13:33Z
Termii,Termii,passthrough,47.1,2026-08-27T13:13:33Z
Handl,Handl,passthrough,60.0,2026-08-27T13:13:33Z
Ramani,Ramani,passthrough,61.5,2026-08-27T13:13:33Z
GuruHotel,GuruHotel,passthrough,53.3,2026-08-27T13:13:33Z
Stable,Stable,passthrough,72.7,2026-08-27T13:13:33Z
Recall.ai,Recall.ai,passthrough,75.0,2026-08-27T13:13:33Z
borong,borong,passthrough,40.0,2026-08-27T13:13:33Z
Atmo,Atmo,passthrough,46.2,2026-08-27T13:13:33Z
99minutos,99minutos,passthrough,42.1,2026-08-27T13:13:33Z
SEND,SEND,passthrough,50.0,2026-08-27T13:13:33Z
PowerX,PowerX,passthrough,50.0,2026-08-27T13:13:33Z
Airbyte,Airbyte,passthrough,57.1,2026-08-27T13:13:33Z
Tasker AI,Tasker AI,passthrough,77.8,2026-08-27T13:13:33Z
Menten AI,Menten AI,passthrough,66.7,2026-08-27T13:13:33Z
Legionfarm,Legionfarm,passthrough,52.2,2026-08-27T13:13:33Z
Algen Biotechnologies,Algen Biotechnologies,passthrough,82.1,2026-08-27T13:13:33Z
Jemi,Jemi,passthrough,53.3,2026-08-27T13:13:33Z
Luminai,Luminai,passthrough,72.7,2026-08-27T13:13:33Z
Command AI,Command AI,passthrough,66.7,2026-08-27T13:13:33Z
Roboflow,Roboflow,passthrough,37.5,2026-08-27T13:13:33Z
Bandit ML,Bandit ML,passthrough,52.6,2026-08-27T13:13:33Z
inFeedo AI,inFeedo AI,passthrough,69.6,2026-08-27T13:13:33Z
Datafold,Datafold,passthrough,46.2,2026-08-27T13:13:33Z
Blue Onion,Blue Onion,passthrough,50.0,2026-08-27T13:13:33Z
AtoB,AtoB,passthrough,46.2,2026-08-27T13:13:33Z
Shuttle,Shuttle,passthrough,50.0,2026-08-27T13:13:33Z
Hypermile,Hypermile,passthrough,55.6,2026-08-27T13:13:33Z
Strive School,Strive School,passthrough,46.7,2026-08-27T13:13:33Z
Known Medicine,Known Medicine,passthrough,45.5,2026-08-27T13:13:33Z
Hypotenuse AI,Hypotenuse AI,passthrough,66.7,2026-08-27T13:13:33Z
Kernal Biologics,Kernal Biologics,passthrough,47.1,2026-08-27T13:13:33Z
CoreCare,CoreCare,passthrough,71.4,2026-08-27T13:13:33Z
Swif.ai,Swif.ai,passthrough,66.7,2026-08-27T13:13:33Z
Humanloop,Humanloop,passthrough,47.1,2026-08-27T13:13:33Z
Cradle,Cradle,passthrough,72.7,2026-08-27T13:13:33Z
Omni,Omni,passthrough,60.0,2026-08-27T13:13:33Z
Blissway,Blissway,passthrough,47.1,2026-08-27T13:13:33Z
Atomic,Atomic,passthrough,66.7,2026-08-27T13:13:33Z
MarketForce,MarketForce,passthrough,40.0,2026-08-27T13:13:33Z
Tappity,Tappity,passthrough,62.5,2026-08-27T13:13:33Z
Hellometer,Hellometer,passthrough,55.6,2026-08-27T13:13:33Z
Justo,Justo,passthrough,54.5,2026-08-27T13:13:33Z
Nextera Robotics | DIDGE.ai,Nextera Robotics | DIDGE.ai,passthrough,46.5,2026-08-27T13:13:33Z
Nabla Bio,Nabla Bio,passthrough,50.0,2026-08-27T13:13:33Z
Hyper Online,Hyper Online,passthrough,50.0,2026-08-27T13:13:33Z
WareIQ,WareIQ,passthrough,57.1,2026-08-27T13:13:33Z
In Stock,In Stock,passthrough,53.3,2026-08-27T13:13:33Z
BIK,BIK,passthrough,50.0,2026-08-27T13:13:33Z
Decentro,Decentro,passthrough,50.0,2026-08-27T13:13:33Z
Aquarium Learning,Aquarium Learning,passthrough,55.2,2026-08-27T13:13:33Z
Mailwarm,Mailwarm,passthrough,53.3,2026-08-27T13:13:33Z
Imbue,Imbue,exact,100.0,2026-08-27T13:13:33Z
TyltGO,TyltGO,passthrough,40.0,2026-08-27T13:13:33Z
Farel,Farel,passthrough,54.5,2026-08-27T13:13:33Z
Drapr,Drapr,passthrough,54.5,2026-08-27T13:13:33Z
Cohere,Cohere,exact,100.0,2026-08-27T13:13:33Z
Dataland,Dataland,passthrough,47.6,2026-08-27T13:13:33Z
Akiflow,Akiflow,passthrough,50.0,2026-08-27T13:13:33Z
Awtomic,Awtomic,passthrough,62.5,2026-08-27T13:13:33Z
HENRY,HENRY,passthrough,54.5,2026-08-27T13:13:33Z
Together AI,Together AI,exact,100.0,2026-08-27T13:13:33Z
Taktile,Taktile,passthrough,57.1,2026-08-27T13:13:33Z
Mito,Mito,passthrough,54.5,2026-08-27T13:13:33Z
Draftwise,Draftwise,passthrough,53.3,2026-08-27T13:13:33Z
AI.Fashion,AI.Fashion,passthrough,55.6,2026-08-27T13:13:33Z
MilkRun,MilkRun,passthrough,62.5,2026-08-27T13:13:33Z
Mobius Materials,Mobius Materials,passthrough,48.0,2026-08-27T13:13:33Z
Glimpse,Glimpse,passthrough,50.0,2026-08-27T13:13:33Z
Nestybox,Nestybox,passthrough,44.4,2026-08-27T13:13:33Z
"Warmly,","Warmly,",passthrough,57.1,2026-08-27T13:13:33Z
Clover,Clover,passthrough,66.7,2026-08-27T13:13:33Z
Parrot Software 🦜,Parrot Software 🦜,passthrough,43.5,2026-08-27T13:13:33Z
Hellosaurus,Hellosaurus,passthrough,47.6,2026-08-27T13:13:33Z
Fieldguide,Fieldguide,passthrough,62.5,2026-08-27T13:13:33Z
Heron Data,Heron Data,passthrough,52.6,2026-08-27T13:13:33Z
Clau,Clau,passthrough,54.5,2026-08-27T13:13:33Z
Quell,Quell,passthrough,40.0,2026-08-27T13:13:33Z
Rarebird,Rarebird,passthrough,50.0,2026-08-27T13:13:33Z
Payflow,Payflow,passthrough,42.1,2026-08-27T13:13:33Z
Brevy,Brevy,passthrough,54.5,2026-08-27T13:13:33Z
Degrees of Freedom,Degrees of Freedom,passthrough,41.2,2026-08-27T13:13:33Z
Gonddo,Gonddo,passthrough,50.0,2026-08-27T13:13:33Z
Abacum,Abacum,passthrough,53.3,2026-08-27T13:13:33Z
cloud humans,cloud humans,passthrough,52.6,2026-08-27T13:13:33Z
Trestle Biotherapeutics,Trestle Biotherapeutics,passthrough,45.0,2026-08-27T13:13:33Z
The Third Place,The Third Place,passthrough,53.8,2026-08-27T13:13:33Z
Atomic Industries,Atomic Industries,passthrough,53.8,2026-08-27T13:13:33Z
authzed,authzed,passthrough,44.4,2026-08-27T13:13:33Z
Humaans,Humaans,passthrough,55.6,2026-08-27T13:13:33Z
DreamWorld,DreamWorld,passthrough,44.4,2026-08-27T13:13:33Z
RocketSDR,RocketSDR,passthrough,47.1,2026-08-27T13:13:33Z
Quadrant Eye,Quadrant Eye,passthrough,66.7,2026-08-27T13:13:33Z
SBX Robotics,SBX Robotics,passthrough,38.1,2026-08-27T13:13:33Z
Waypoint,Waypoint,passthrough,50.0,2026-08-27T13:13:33Z
Spokn,Spokn,passthrough,46.2,2026-08-27T13:13:33Z
Finley,Finley,passthrough,50.0,2026-08-27T13:13:33Z
Stacksi,Stacksi,passthrough,58.8,2026-08-27T13:13:33Z
Gigs Live,Gigs Live,passthrough,47.1,2026-08-27T13:13:33Z
arnata,arnata,passthrough,58.8,2026-08-27T13:13:33Z
Pibit.ai,Pibit.ai,passthrough,62.5,2026-08-27T13:13:33Z
Lion Pose,Lion Pose,passthrough,50.0,2026-08-27T13:13:33Z
Vogent,Vogent,passthrough,57.1,2026-08-27T13:13:33Z
SlashAuth,SlashAuth,passthrough,44.4,2026-08-27T13:13:33Z
Moichor,Moichor,passthrough,50.0,2026-08-27T13:13:33Z
Queenly,Queenly,passthrough,47.1,2026-08-27T13:13:33Z
Flux Auto,Flux Auto,passthrough,50.0,2026-08-27T13:13:33Z
Fountain9,Fountain9,passthrough,53.3,2026-08-27T13:13:33Z
Avocado,Avocado,passthrough,46.2,2026-08-27T13:13:33Z
Weekday,Weekday,passthrough,54.5,2026-08-27T13:13:33Z
Pragmatic Leaders (Ankai Inc),Pragmatic Leaders (Ankai Inc),passthrough,45.0,2026-08-27T13:13:33Z
Segments.ai,Segments.ai,passthrough,54.5,2026-08-27T13:13:33Z
Encord,Encord,passthrough,53.3,2026-08-27T13:13:33Z
ClipDrop,ClipDrop,passthrough,42.9,2026-08-27T13:13:33Z
Valink Therapeutics,Valink Therapeutics,passthrough,45.2,2026-08-27T13:13:33Z
Sivo,Sivo,passthrough,50.0,2026-08-27T13:13:33Z
HyperGlue,HyperGlue,passthrough,55.6,2026-08-27T13:13:33Z
Noya,Noya,passthrough,60.0,2026-08-27T13:13:33Z
Cyble,Cyble,passthrough,60.0,2026-08-27T13:13:33Z
Supadock,Supadock,passthrough,50.0,2026-08-27T13:13:33Z
Expent Inc,Expent Inc,passthrough,54.5,2026-08-27T13:13:33Z
Version Story Compare,Version Story Compare,passthrough,52.6,2026-08-27T13:13:33Z
Per Diem,Per Diem,passthrough,58.8,2026-08-27T13:13:33Z
Promoted.ai,Promoted.ai,passthrough,55.6,2026-08-27T13:13:33Z
Emerge Tools,Emerge Tools,passthrough,52.2,2026-08-27T13:13:33Z
Parsagon,Parsagon,passthrough,47.1,2026-08-27T13:13:33Z
Alinea,Alinea,passthrough,61.5,2026-08-27T13:13:33Z
Vapi,Vapi,passthrough,57.1,2026-08-27T13:13:33Z
Quadrant Health,Quadrant Health,passthrough,57.1,2026-08-27T13:13:33Z
Mindee,Mindee,passthrough,62.5,2026-08-27T13:13:33Z
Pangea.app,Pangea.app,passthrough,47.1,2026-08-27T13:13:33Z
Anima,Anima,passthrough,66.7,2026-08-27T13:13:33Z
Popl,Popl,passthrough,44.4,2026-08-27T13:13:33Z
Fathom,Fathom,passthrough,53.3,2026-08-27T13:13:33Z
True3D,True3D,passthrough,40.0,2026-08-27T13:13:33Z
FirstSupport.ai,FirstSupport.ai,passthrough,58.3,2026-08-27T13:13:33Z
Rinsed,Rinsed,passthrough,47.1,2026-08-27T13:13:33Z
Greywing,Greywing,passthrough,47.1,2026-08-27T13:13:33Z
LiveFlow,LiveFlow,passthrough,47.6,2026-08-27T13:13:33Z
Aurabeat,Aurabeat,passthrough,53.3,2026-08-27T13:13:33Z
Invoid,Invoid,passthrough,47.1,2026-08-27T13:13:33Z
Datrics,Datrics,passthrough,82.4,2026-08-27T13:13:33Z
Sendbox,Sendbox,passthrough,54.5,2026-08-27T13:13:33Z
LightTwist,LightTwist,passthrough,42.1,2026-08-27T13:13:33Z
LogisticsOS,LogisticsOS,passthrough,41.7,2026-08-27T13:13:33Z
OpenCode,OpenCode,passthrough,66.7,2026-08-27T13:13:33Z
Flextock,Flextock,passthrough,55.6,2026-08-27T13:13:33Z
Topline Pro,Topline Pro,passthrough,50.0,2026-08-27T13:13:33Z
Quicknode,Quicknode,passthrough,50.0,2026-08-27T13:13:33Z
Codingal,Codingal,passthrough,61.5,2026-08-27T13:13:33Z
Nimbus,Nimbus,passthrough,72.7,2026-08-27T13:13:33Z
Tractian,Tractian,passthrough,53.3,2026-08-27T13:13:33Z
Enable Us,Enable Us,passthrough,52.6,2026-08-27T13:13:33Z
Platypus,Platypus,passthrough,47.1,2026-08-27T13:13:33Z
clicOH,clicOH,passthrough,53.3,2026-08-27T13:13:33Z
Milk Video,Milk Video,passthrough,43.5,2026-08-27T13:13:33Z
Simplify,Simplify,passthrough,58.8,2026-08-27T13:13:33Z
InpharmD,InpharmD,passthrough,50.0,2026-08-27T13:13:33Z
Tint,Tint,passthrough,54.5,2026-08-27T13:13:33Z
Finantier,Finantier,passthrough,50.0,2026-08-27T13:13:33Z
unSurvey,unSurvey,passthrough,57.1,2026-08-27T13:13:33Z
ZOKO,ZOKO,passthrough,40.0,2026-08-27T13:13:33Z
TaoFi,TaoFi,passthrough,50.0,2026-08-27T13:13:33Z
Launcher Labs,Launcher Labs,passthrough,63.6,2026-08-27T13:13:33Z
Reclaim Protocol,Reclaim Protocol,passthrough,46.2,2026-08-27T13:13:33Z
Slash,Slash,passthrough,50.0,2026-08-27T13:13:33Z
Seer,Seer,passthrough,60.0,2026-08-27T13:13:33Z
Feroot Security,Feroot Security,passthrough,48.0,2026-08-27T13:13:33Z
Biodock,Biodock,passthrough,47.1,2026-08-27T13:13:33Z
Venu AI,Venu AI,passthrough,71.4,2026-08-27T13:13:33Z
Compose.ai,Compose.ai,passthrough,70.6,2026-08-27T13:13:33Z
Lamar Health,Lamar Health,passthrough,52.6,2026-08-27T13:13:33Z
Soraban,Soraban,passthrough,62.5,2026-08-27T13:13:33Z
Z1,Z1,passthrough,33.3,2026-08-27T13:13:33Z
Mono,Mono,passthrough,50.0,2026-08-27T13:13:33Z
Codeball,Codeball,passthrough,61.5,2026-08-27T13:13:33Z
Pagaloop,Pagaloop,passthrough,44.4,2026-08-27T13:13:33Z
Chatwoot,Chatwoot,passthrough,57.1,2026-08-27T13:13:33Z
Dataherald,Dataherald,passthrough,50.0,2026-08-27T13:13:33Z
Alpas,Alpas,passthrough,57.1,2026-08-27T13:13:33Z
Rejoy Health,Rejoy Health,passthrough,55.6,2026-08-27T13:13:33Z
Treinta,Treinta,passthrough,54.5,2026-08-27T13:13:33Z
Spline,Spline,passthrough,57.1,2026-08-27T13:13:33Z
BusinessOnBot,BusinessOnBot,passthrough,50.0,2026-08-27T13:13:33Z
Gigs,Gigs,passthrough,40.0,2026-08-27T13:13:33Z
Friz,Friz,passthrough,46.2,2026-08-27T13:13:33Z
Mystic,Mystic,passthrough,53.3,2026-08-27T13:13:33Z
Navattic,Navattic,passthrough,50.0,2026-08-27T13:13:33Z
Estoca,Estoca,passthrough,54.5,2026-08-27T13:13:33Z
Jiga,Jiga,passthrough,46.2,2026-08-27T13:13:33Z
Vendease,Vendease,passthrough,55.6,2026-08-27T13:13:33Z
MarqVision,MarqVision,passthrough,47.1,2026-08-27T13:13:33Z
Turing College,Turing College,passthrough,53.8,2026-08-27T13:13:33Z
Routine,Routine,passthrough,57.1,2026-08-27T13:13:33Z
boitas.com,boitas.com,passthrough,63.2,2026-08-27T13:13:33Z
Moonvalley,Moonvalley,passthrough,53.3,2026-08-27T13:13:33Z
MindPortal,MindPortal,passthrough,58.8,2026-08-27T13:13:33Z
Waydev,Waydev,passthrough,72.7,2026-08-27T13:13:33Z
Triomics,Triomics,passthrough,58.8,2026-08-27T13:13:33Z
Clear,Clear,passthrough,66.7,2026-08-27T13:13:33Z
H3X Technologies,H3X Technologies,passthrough,85.7,2026-08-27T13:13:33Z
SwiftSku,SwiftSku,passthrough,50.0,2026-08-27T13:13:33Z
PipeBio,PipeBio,passthrough,55.6,2026-08-27T13:13:33Z
Terra API,Terra API,passthrough,63.2,2026-08-27T13:13:33Z
AXAR AI,AXAR AI,passthrough,72.7,2026-08-27T13:13:33Z
Ollama,Ollama,passthrough,62.5,2026-08-27T13:13:33Z
Humance,Humance,passthrough,55.6,2026-08-27T13:13:33Z
Midjourney,Midjourney,exact,100.0,2026-08-27T13:13:33Z
Meru.com,Meru.com,passthrough,70.6,2026-08-27T13:13:33Z
Nano Technologies,Nano Technologies,passthrough,85.7,2026-08-27T13:13:33Z
Openlayer,Openlayer,passthrough,66.7,2026-08-27T13:13:33Z
Slope,Slope,passthrough,60.0,2026-08-27T13:13:33Z
Epsilon3,Epsilon3,passthrough,50.0,2026-08-27T13:13:33Z
Blixo,Blixo,passthrough,44.4,2026-08-27T13:13:33Z
Artillery,Artillery,passthrough,53.3,2026-08-27T13:13:33Z
Legion Health,Legion Health,passthrough,53.8,2026-08-27T13:13:33Z
Odys Aviation,Odys Aviation,passthrough,50.0,2026-08-27T13:13:33Z
Superwall,Superwall,passthrough,55.6,2026-08-27T13:13:33Z
Mindstate Design Labs,Mindstate Design Labs,passthrough,61.5,2026-08-27T13:13:33Z
Serif Health,Serif Health,passthrough,52.2,2026-08-27T13:13:33Z
Deskimo,Deskimo,passthrough,57.1,2026-08-27T13:13:33Z
Abstra,Abstra,passthrough,62.5,2026-08-27T13:13:33Z
Carbonfact,Carbonfact,passthrough,57.1,2026-08-27T13:13:33Z
Varos,Varos,passthrough,44.4,2026-08-27T13:13:33Z
Concord Materials,Concord Materials,passthrough,50.0,2026-08-27T13:13:33Z
Jestor,Jestor,passthrough,50.0,2026-08-27T13:13:33Z
Potion,Potion,passthrough,57.1,2026-08-27T13:13:33Z
Rootly,Rootly,passthrough,50.0,2026-08-27T13:13:33Z
Replo,Replo,passthrough,57.1,2026-08-27T13:13:33Z
FirstQuadrant,FirstQuadrant,passthrough,63.2,2026-08-27T13:13:33Z
Buzzle,Buzzle,passthrough,54.5,2026-08-27T13:13:33Z
Kalam Labs,Kalam Labs,passthrough,73.7,2026-08-27T13:13:33Z
Affogato AI,Affogato AI,passthrough,66.7,2026-08-27T13:13:33Z
Mailmodo,Mailmodo,passthrough,53.3,2026-08-27T13:13:33Z
Coulomb AI,Coulomb AI,passthrough,66.7,2026-08-27T13:13:33Z
ODWEN,ODWEN,passthrough,54.5,2026-08-27T13:13:33Z
Confido,Confido,passthrough,61.5,2026-08-27T13:13:33Z
Instalab,Instalab,passthrough,70.6,2026-08-27T13:13:33Z
Instacrops,Instacrops,passthrough,52.6,2026-08-27T13:13:33Z
Zaz OS,Zaz OS,passthrough,40.0,2026-08-27T13:13:33Z
Parallel Bio,Parallel Bio,passthrough,50.0,2026-08-27T13:13:33Z
BLUUMBIO,BLUUMBIO,passthrough,52.6,2026-08-27T13:13:33Z
Swipe,Swipe,passthrough,54.5,2026-08-27T13:13:33Z
Neodocs,Neodocs,passthrough,46.2,2026-08-27T13:13:33Z
MobileBoost,MobileBoost,passthrough,44.4,2026-08-27T13:13:33Z
RGI Labs,RGI Labs,passthrough,70.6,2026-08-27T13:13:33Z
Sleek,Sleek,passthrough,60.0,2026-08-27T13:13:33Z
Soco,Soco,passthrough,66.7,2026-08-27T13:13:33Z
Bite Ninja,Bite Ninja,passthrough,47.1,2026-08-27T13:13:33Z
Anakin,Anakin,passthrough,66.7,2026-08-27T13:13:33Z
SnapCalorie,SnapCalorie,passthrough,62.5,2026-08-27T13:13:33Z
Lago,Lago,passthrough,50.0,2026-08-27T13:13:33Z
Dailybot,Dailybot,passthrough,47.6,2026-08-27T13:13:33Z
Tablevibe,Tablevibe,passthrough,62.5,2026-08-27T13:13:33Z
Lariat Data,Lariat Data,passthrough,60.9,2026-08-27T13:13:33Z
Patterns,Patterns,passthrough,52.6,2026-08-27T13:13:33Z
Tavus,Tavus,passthrough,42.9,2026-08-27T13:13:33Z
Konta.com,Konta.com,passthrough,73.7,2026-08-27T13:13:33Z
SafeBeat,SafeBeat,passthrough,53.3,2026-08-27T13:13:33Z
trii,trii,passthrough,46.2,2026-08-27T13:13:33Z
Verihubs,Verihubs,passthrough,50.0,2026-08-27T13:13:33Z
Secoda,Secoda,passthrough,66.7,2026-08-27T13:13:33Z
Kaya,Kaya,passthrough,54.5,2026-08-27T13:13:33Z
Aqua,Aqua,passthrough,54.5,2026-08-27T13:13:33Z
SalaryBox,SalaryBox,passthrough,50.0,2026-08-27T13:13:33Z
Redbean,Redbean,passthrough,54.5,2026-08-27T13:13:33Z
Sentiyen,Sentiyen,passthrough,47.1,2026-08-27T13:13:33Z
Jovian,Jovian,passthrough,66.7,2026-08-27T13:13:33Z
Hyperbrowser,Hyperbrowser,passthrough,50.0,2026-08-27T13:13:33Z
SenpAI.GG,SenpAI.GG,passthrough,53.3,2026-08-27T13:13:33Z
Pluggy,Pluggy,passthrough,40.0,2026-08-27T13:13:33Z
Perfekto,Perfekto,passthrough,55.6,2026-08-27T13:13:33Z
AI Tech Packs,AI Tech Packs,passthrough,66.7,2026-08-27T13:13:33Z
Warpfy,Warpfy,passthrough,54.5,2026-08-27T13:13:33Z
Tiriel AI,Tiriel AI,passthrough,66.7,2026-08-27T13:13:33Z
Cloudanix,Cloudanix,passthrough,53.3,2026-08-27T13:13:33Z
DigiBuild,DigiBuild,passthrough,44.4,2026-08-27T13:13:33Z
OneStopKitchen,OneStopKitchen,passthrough,52.2,2026-08-27T13:13:33Z
Cero,Cero,passthrough,60.0,2026-08-27T13:13:33Z
WarpBuild,WarpBuild,passthrough,57.1,2026-08-27T13:13:33Z
MindFi,MindFi,passthrough,57.1,2026-08-27T13:13:33Z
Scispot,Scispot,passthrough,46.2,2026-08-27T13:13:33Z
Mable,Mable,passthrough,60.0,2026-08-27T13:13:33Z
LemFi,LemFi,passthrough,50.0,2026-08-27T13:13:33Z
Coinrule,Coinrule,passthrough,57.1,2026-08-27T13:13:33Z
Sequin,Sequin,passthrough,60.0,2026-08-27T13:13:33Z
Malloc Inc,Malloc Inc,passthrough,54.5,2026-08-27T13:13:33Z
Milky Way AI,Milky Way AI,passthrough,66.7,2026-08-27T13:13:33Z
Whalesync,Whalesync,passthrough,53.3,2026-08-27T13:13:33Z
ShipBlu,ShipBlu,passthrough,50.0,2026-08-27T13:13:33Z
GetDot,GetDot,passthrough,50.0,2026-08-27T13:13:33Z
CoLoop,CoLoop,passthrough,50.0,2026-08-27T13:13:33Z
Miniloop,Miniloop,passthrough,44.4,2026-08-27T13:13:33Z
OneSchema,OneSchema,passthrough,53.3,2026-08-27T13:13:33Z
Stardex,Stardex,passthrough,50.0,2026-08-27T13:13:33Z
Forage Mail,Forage Mail,passthrough,54.5,2026-08-27T13:13:33Z
Aleph Solutions (Alephee),Aleph Solutions (Alephee),passthrough,72.0,2026-08-27T13:13:33Z
Vinco,Vinco,passthrough,61.5,2026-08-27T13:13:33Z
Protex AI,Protex AI,passthrough,66.7,2026-08-27T13:13:33Z
Freterium,Freterium,passthrough,50.0,2026-08-27T13:13:33Z
Mine,Mine,passthrough,57.1,2026-08-27T13:13:33Z
Harmonic Discovery,Harmonic Discovery,passthrough,46.7,2026-08-27T13:13:33Z
Flowly,Flowly,passthrough,40.0,2026-08-27T13:13:33Z
Zensors,Zensors,passthrough,46.2,2026-08-27T13:13:33Z
Evidently AI,Evidently AI,passthrough,66.7,2026-08-27T13:13:33Z
Heimdal,Heimdal,passthrough,66.7,2026-08-27T13:13:33Z
aSim,aSim,passthrough,57.1,2026-08-27T13:13:33Z
Adaptyv,Adaptyv,passthrough,66.7,2026-08-27T13:13:33Z
Spark Studio,Spark Studio,passthrough,52.6,2026-08-27T13:13:33Z
Meticulous,Meticulous,passthrough,44.4,2026-08-27T13:13:33Z
Mentum,Mentum,passthrough,46.2,2026-08-27T13:13:33Z
outloud.ai,outloud.ai,passthrough,50.0,2026-08-27T13:13:33Z
Writesonic,Writesonic,passthrough,47.6,2026-08-27T13:13:33Z
Matrubials,Matrubials,passthrough,58.8,2026-08-27T13:13:33Z
Float,Float,passthrough,44.4,2026-08-27T13:13:33Z
Mach9,Mach9,passthrough,44.4,2026-08-27T13:13:33Z
Revery AI,Revery AI,passthrough,77.8,2026-08-27T13:13:33Z
Tenyks,Tenyks,passthrough,42.9,2026-08-27T13:13:33Z
Adni,Adni,passthrough,57.1,2026-08-27T13:13:33Z
Telmai,Telmai,passthrough,60.0,2026-08-27T13:13:33Z
Hudson Labs (formerly Bedrock AI),Hudson Labs (formerly Bedrock AI),passthrough,82.4,2026-08-27T13:13:33Z
Waterplan,Waterplan,passthrough,52.6,2026-08-27T13:13:33Z
Ferveret,Ferveret,passthrough,50.0,2026-08-27T13:13:33Z
Zuma,Zuma,passthrough,75.0,2026-08-27T13:13:33Z
Vibe Kanban,Vibe Kanban,passthrough,55.6,2026-08-27T13:13:33Z
Caire Health,Caire Health,passthrough,54.5,2026-08-27T13:13:33Z
Baubap,Baubap,passthrough,46.2,2026-08-27T13:13:33Z
Shape,Shape,passthrough,60.0,2026-08-27T13:13:33Z
idemeum,idemeum,passthrough,57.1,2026-08-27T13:13:33Z
Byte Kitchen,Byte Kitchen,passthrough,50.0,2026-08-27T13:13:33Z
StrideQ,StrideQ,passthrough,50.0,2026-08-27T13:13:33Z
ContraForce,ContraForce,passthrough,50.0,2026-08-27T13:13:33Z
Output Biosciences,Output Biosciences,passthrough,41.2,2026-08-27T13:13:33Z
CellChorus,CellChorus,passthrough,44.4,2026-08-27T13:13:33Z
Hirebolt,Hirebolt,passthrough,47.1,2026-08-27T13:13:33Z
Opkit,Opkit,passthrough,54.5,2026-08-27T13:13:33Z
Squire.ai,Squire.ai,passthrough,66.7,2026-08-27T13:13:33Z
SFA Therapeutics,SFA Therapeutics,passthrough,56.0,2026-08-27T13:13:33Z
Spoken,Spoken,passthrough,50.0,2026-08-27T13:13:33Z
Bytebot,Bytebot,passthrough,42.1,2026-08-27T13:13:33Z
BlackOakTV,BlackOakTV,passthrough,45.5,2026-08-27T13:13:33Z
Adravision,Adravision,passthrough,53.8,2026-08-27T13:13:33Z
Medium Biosciences,Medium Biosciences,passthrough,47.1,2026-08-27T13:13:33Z
FirstIgnite,FirstIgnite,passthrough,52.2,2026-08-27T13:13:33Z
Verano Health,Verano Health,passthrough,50.0,2026-08-27T13:13:33Z
Stepful,Stepful,passthrough,42.9,2026-08-27T13:13:33Z
Satsuma,Satsuma,passthrough,62.5,2026-08-27T13:13:33Z
Nash,Nash,passthrough,46.2,2026-08-27T13:13:33Z
Lightly,Lightly,passthrough,50.0,2026-08-27T13:13:33Z
Pide Directo,Pide Directo,passthrough,50.0,2026-08-27T13:13:33Z
Safer Management,Safer Management,passthrough,44.4,2026-08-27T13:13:33Z
Exa,Exa,passthrough,66.7,2026-08-27T13:13:33Z
Sully.ai,Sully.ai,passthrough,60.0,2026-08-27T13:13:33Z
Mecho Autotech,Mecho Autotech,passthrough,48.0,2026-08-27T13:13:33Z
Andi,Andi,passthrough,66.7,2026-08-27T13:13:33Z
Emerge Career,Emerge Career,passthrough,48.3,2026-08-27T13:13:33Z
Attack Capital,Attack Capital,passthrough,50.0,2026-08-27T13:13:33Z
Uberduck,Uberduck,passthrough,44.4,2026-08-27T13:13:33Z
Keylika,Keylika,passthrough,54.5,2026-08-27T13:13:33Z
Compra Rápida,Compra Rápida,passthrough,54.5,2026-08-27T13:13:33Z
SilkChart,SilkChart,passthrough,57.1,2026-08-27T13:13:33Z
TigerEye,TigerEye,passthrough,57.1,2026-08-27T13:13:33Z
Redbird,Redbird,passthrough,53.3,2026-08-27T13:13:33Z
Agave,Agave,passthrough,60.0,2026-08-27T13:13:33Z
Strac,Strac,passthrough,66.7,2026-08-27T13:13:33Z
Pelm,Pelm,passthrough,50.0,2026-08-27T13:13:33Z
Moots,Moots,passthrough,54.5,2026-08-27T13:13:33Z
Capuchin,Capuchin,passthrough,58.8,2026-08-27T13:13:33Z
Sieve,Sieve,passthrough,46.2,2026-08-27T13:13:33Z
PolicyFly,PolicyFly,passthrough,44.4,2026-08-27T13:13:33Z
Lumina,Lumina,passthrough,80.0,2026-08-27T13:13:33Z
Trellus,Trellus,passthrough,47.1,2026-08-27T13:13:33Z
WeReno,WeReno,passthrough,50.0,2026-08-27T13:13:33Z
Rosebud Biosciences,Rosebud Biosciences,passthrough,40.0,2026-08-27T13:13:33Z
VantedgeAI,VantedgeAI,passthrough,55.6,2026-08-27T13:13:33Z
Starling,Starling,passthrough,58.8,2026-08-27T13:13:33Z
Momento,Momento,passthrough,47.1,2026-08-27T13:13:33Z
PromptLoop,PromptLoop,passthrough,40.0,2026-08-27T13:13:33Z
Actipulse Neuroscience,Actipulse Neuroscience,passthrough,45.7,2026-08-27T13:13:33Z
Craniometrix,Craniometrix,passthrough,52.2,2026-08-27T13:13:33Z
Cherry Recommends,Cherry Recommends,passthrough,59.3,2026-08-27T13:13:33Z
Cozmo AI,Cozmo AI,passthrough,66.7,2026-08-27T13:13:33Z
Gencraft,Gencraft,passthrough,47.1,2026-08-27T13:13:33Z
Looq AI,Looq AI,passthrough,66.7,2026-08-27T13:13:33Z
Vexub,Vexub,passthrough,40.0,2026-08-27T13:13:33Z
Hostinger Reach,Hostinger Reach,passthrough,46.2,2026-08-27T13:13:33Z
Teal Resume Builder,Teal Resume Builder,passthrough,41.4,2026-08-27T13:13:33Z
Trade Ideas,Trade Ideas,passthrough,55.6,2026-08-27T13:13:33Z
Drafthorse AI,Drafthorse AI,passthrough,66.7,2026-08-27T13:13:33Z
Wistia Remix,Wistia Remix,passthrough,54.5,2026-08-27T13:13:33Z
AI Text Humanizer,AI Text Humanizer,passthrough,66.7,2026-08-27T13:13:33Z
AI Prompt Library,AI Prompt Library,passthrough,66.7,2026-08-27T13:13:33Z
Angry Email Translator,Angry Email Translator,passthrough,50.0,2026-08-27T13:13:33Z
Eightfold,Eightfold,passthrough,41.7,2026-08-27T13:13:33Z
EbSynth,EbSynth,passthrough,62.5,2026-08-27T13:13:33Z
Shopify,Shopify,passthrough,50.0,2026-08-27T13:13:33Z
Arya.ai,Arya.ai,passthrough,75.0,2026-08-27T13:13:33Z
Xano,Xano,passthrough,57.1,2026-08-27T13:13:33Z
Lumana,Lumana,passthrough,80.0,2026-08-27T13:13:33Z
MimicPC,MimicPC,passthrough,42.9,2026-08-27T13:13:33Z
Sapien,Sapien,passthrough,61.5,2026-08-27T13:13:33Z
Ella by Novella,Ella by Novella,passthrough,50.0,2026-08-27T13:13:33Z
DaVinci Resolve,DaVinci Resolve,passthrough,52.2,2026-08-27T13:13:33Z
Scalenut,Scalenut,passthrough,76.9,2026-08-27T13:13:33Z
Twistly,Twistly,passthrough,57.1,2026-08-27T13:13:33Z
Intellemo,Intellemo,passthrough,60.0,2026-08-27T13:13:33Z
Storycraft,Storycraft,passthrough,63.2,2026-08-27T13:13:33Z
RowSpeak,RowSpeak,passthrough,57.1,2026-08-27T13:13:33Z
Flowstep,Flowstep,passthrough,37.5,2026-08-27T13:13:33Z
GPT Engineer,GPT Engineer,passthrough,66.7,2026-08-27T13:13:33Z
HubSpot AEO,HubSpot AEO,passthrough,50.0,2026-08-27T13:13:33Z
Code Genius,Code Genius,passthrough,66.7,2026-08-27T13:13:33Z
Kustomer,Kustomer,passthrough,57.1,2026-08-27T13:13:33Z
Quizlet,Quizlet,passthrough,47.1,2026-08-27T13:13:33Z
Instories,Instories,passthrough,55.6,2026-08-27T13:13:33Z
Final Touch,Final Touch,passthrough,47.6,2026-08-27T13:13:33Z
Artigen Pro AI,Artigen Pro AI,passthrough,66.7,2026-08-27T13:13:33Z
Book AI Writer,Book AI Writer,passthrough,66.7,2026-08-27T13:13:33Z
VEED.IO,VEED.IO,passthrough,55.6,2026-08-27T13:13:33Z
Smartsheet,Smartsheet,passthrough,52.6,2026-08-27T13:13:33Z
MeetGeek,MeetGeek,passthrough,50.0,2026-08-27T13:13:33Z
Box,Box,passthrough,33.3,2026-08-27T13:13:33Z
PhotoTag.ai,PhotoTag.ai,passthrough,54.5,2026-08-27T13:13:33Z
Lucidpic,Lucidpic,passthrough,42.9,2026-08-27T13:13:33Z
BeeDone,BeeDone,passthrough,53.3,2026-08-27T13:13:33Z
Redactable,Redactable,passthrough,55.6,2026-08-27T13:13:33Z
Huntr,Huntr,passthrough,44.4,2026-08-27T13:13:33Z
GAJIX,GAJIX,passthrough,66.7,2026-08-27T13:13:33Z
Bagoodex,Bagoodex,passthrough,47.1,2026-08-27T13:13:33Z
Trint,Trint,passthrough,57.1,2026-08-27T13:13:33Z
Tripplanner,Tripplanner,passthrough,55.6,2026-08-27T13:13:33Z
Freshchat,Freshchat,passthrough,55.6,2026-08-27T13:13:33Z
Dubs,Dubs,passthrough,44.4,2026-08-27T13:13:33Z
MarsX,MarsX,passthrough,44.4,2026-08-27T13:13:33Z
Thumbly,Thumbly,passthrough,50.0,2026-08-27T13:13:33Z
Hirevue,Hirevue,passthrough,61.5,2026-08-27T13:13:33Z
FusionAds.ai,FusionAds.ai,passthrough,56.0,2026-08-27T13:13:33Z
Haiper,Haiper,passthrough,66.7,2026-08-27T13:13:33Z
Quizgecko,Quizgecko,passthrough,52.2,2026-08-27T13:13:33Z
Magic Studio,Magic Studio,passthrough,63.2,2026-08-27T13:13:33Z
Paradox,Paradox,passthrough,47.1,2026-08-27T13:13:33Z
AI Flashcard Maker by Coursebox,AI Flashcard Maker by Coursebox,passthrough,66.7,2026-08-27T13:13:33Z
X-Design,X-Design,passthrough,50.0,2026-08-27T13:13:33Z
Runware,Runware,passthrough,76.9,2026-08-27T13:13:33Z
Mumble Note,Mumble Note,passthrough,50.0,2026-08-27T13:13:33Z
Vance Video AI,Vance Video AI,passthrough,66.7,2026-08-27T13:13:33Z
ActiveCampaign AI,ActiveCampaign AI,passthrough,66.7,2026-08-27T13:13:33Z
SmartStudi Sidebar,SmartStudi Sidebar,passthrough,41.4,2026-08-27T13:13:33Z
Dreamina,Dreamina,passthrough,62.5,2026-08-27T13:13:33Z
Animoto,Animoto,passthrough,50.0,2026-08-27T13:13:33Z
Pth.AI,Pth.AI,passthrough,61.5,2026-08-27T13:13:33Z
Slazzer,Slazzer,passthrough,50.0,2026-08-27T13:13:33Z
Mindy,Mindy,passthrough,61.5,2026-08-27T13:13:33Z
Marketing Strategy Generator,Marketing Strategy Generator,passthrough,49.0,2026-08-27T13:13:33Z
Salesforce AI,Salesforce AI,passthrough,66.7,2026-08-27T13:13:33Z
Audiosocket,Audiosocket,passthrough,52.6,2026-08-27T13:13:33Z
YouTube Summarizer,YouTube Summarizer,passthrough,41.4,2026-08-27T13:13:33Z
ChatPlayground AI,ChatPlayground AI,passthrough,66.7,2026-08-27T13:13:33Z
mnml AI,mnml AI,passthrough,66.7,2026-08-27T13:13:33Z
Tektonic AI,Tektonic AI,passthrough,66.7,2026-08-27T13:13:33Z
Conch Video,Conch Video,passthrough,47.6,2026-08-27T13:13:33Z
CustomGPT.ai,CustomGPT.ai,passthrough,63.2,2026-08-27T13:13:33Z
Stable Audio,Stable Audio,passthrough,70.0,2026-08-27T13:13:33Z
Pantera Deals,Pantera Deals,passthrough,54.5,2026-08-27T13:13:33Z
HouseCanary,HouseCanary,passthrough,47.1,2026-08-27T13:13:33Z
Recruit CRM,Recruit CRM,passthrough,45.5,2026-08-27T13:13:33Z
CARPL.ai,CARPL.ai,passthrough,66.7,2026-08-27T13:13:33Z
Blog2Video,Blog2Video,passthrough,42.1,2026-08-27T13:13:33Z
KAI,KAI,passthrough,66.7,2026-08-27T13:13:33Z
Speaktor,Speaktor,passthrough,57.1,2026-08-27T13:13:33Z
Resume Worded,Resume Worded,passthrough,42.1,2026-08-27T13:13:33Z
PixelMotion,PixelMotion,passthrough,57.1,2026-08-27T13:13:33Z
Safebet,Safebet,passthrough,50.0,2026-08-27T13:13:33Z
Option Alpha,Option Alpha,passthrough,62.5,2026-08-27T13:13:33Z
Personal AI,Personal AI,passthrough,66.7,2026-08-27T13:13:33Z
Freed,Freed,passthrough,54.5,2026-08-27T13:13:33Z
Castmagic,Castmagic,passthrough,52.6,2026-08-27T13:13:33Z
Meshcapade,Meshcapade,passthrough,53.3,2026-08-27T13:13:33Z
NXN Labs,NXN Labs,passthrough,66.7,2026-08-27T13:13:33Z
Loom,Loom,passthrough,50.0,2026-08-27T13:13:33Z
PaperBrain,PaperBrain,passthrough,63.2,2026-08-27T13:13:33Z
Atoms,Atoms,passthrough,44.4,2026-08-27T13:13:33Z
GitaGPT,GitaGPT,passthrough,50.0,2026-08-27T13:13:33Z
TaxGPT,TaxGPT,passthrough,54.5,2026-08-27T13:13:33Z
Civils.ai,Civils.ai,passthrough,61.5,2026-08-27T13:13:33Z
Talefy,Talefy,passthrough,54.5,2026-08-27T13:13:33Z
Numeric,Numeric,passthrough,50.0,2026-08-27T13:13:33Z
Hypotenuse,Hypotenuse,passthrough,44.4,2026-08-27T13:13:33Z
Hey Internet,Hey Internet,passthrough,54.5,2026-08-27T13:13:33Z
Tortus,Tortus,passthrough,42.9,2026-08-27T13:13:33Z
Textero AI Essay Writer,Textero AI Essay Writer,passthrough,66.7,2026-08-27T13:13:33Z
JanitorAI,JanitorAI,passthrough,55.6,2026-08-27T13:13:33Z
Notta,Notta,passthrough,54.5,2026-08-27T13:13:33Z
Uizard,Uizard,passthrough,40.0,2026-08-27T13:13:33Z
MIRI,MIRI,passthrough,61.5,2026-08-27T13:13:33Z
Solvely,Solvely,passthrough,50.0,2026-08-27T13:13:33Z
Luma AI,Luma AI,exact,100.0,2026-08-27T13:13:33Z
Stable Horde,Stable Horde,passthrough,50.0,2026-08-27T13:13:33Z
AI First,AI First,passthrough,70.6,2026-08-27T13:13:33Z
Aidoc,Aidoc,passthrough,50.0,2026-08-27T13:13:33Z
VideoIdeas.ai,VideoIdeas.ai,passthrough,58.3,2026-08-27T13:13:33Z
HubSpot,HubSpot,passthrough,46.2,2026-08-27T13:13:33Z
PromptPerfect,PromptPerfect,passthrough,53.3,2026-08-27T13:13:33Z
SightsAI,SightsAI,passthrough,52.6,2026-08-27T13:13:33Z
Eleos Health,Eleos Health,passthrough,54.5,2026-08-27T13:13:33Z
BeeBee,BeeBee,passthrough,42.9,2026-08-27T13:13:33Z
Stripo,Stripo,passthrough,53.3,2026-08-27T13:13:33Z
Remote People,Remote People,passthrough,52.2,2026-08-27T13:13:33Z
Hostinger,Hostinger,passthrough,50.0,2026-08-27T13:13:33Z
Netus AI,Netus AI,passthrough,66.7,2026-08-27T13:13:33Z
Lido,Lido,passthrough,42.9,2026-08-27T13:13:33Z
Emergent,Emergent,passthrough,48.3,2026-08-27T13:13:33Z
Loora,Loora,passthrough,54.5,2026-08-27T13:13:33Z
MyMemo AI,MyMemo AI,passthrough,66.7,2026-08-27T13:13:33Z
Camb.ai,Camb.ai,passthrough,72.7,2026-08-27T13:13:33Z
Dr. Fone,Dr. Fone,passthrough,44.4,2026-08-27T13:13:33Z
Manus,Manus,passthrough,46.2,2026-08-27T13:13:33Z
VectorShift,VectorShift,passthrough,50.0,2026-08-27T13:13:33Z
Otio AI,Otio AI,passthrough,66.7,2026-08-27T13:13:33Z
AgentX,AgentX,passthrough,54.5,2026-08-27T13:13:33Z
Ipic.ai,Ipic.ai,passthrough,72.7,2026-08-27T13:13:33Z
Outread,Outread,passthrough,55.6,2026-08-27T13:13:33Z
Looka,Looka,passthrough,54.5,2026-08-27T13:13:33Z
Powder,Powder,passthrough,50.0,2026-08-27T13:13:33Z
eSkilled AI Course Creator,eSkilled AI Course Creator,passthrough,66.7,2026-08-27T13:13:33Z
ProPhotos,ProPhotos,passthrough,42.1,2026-08-27T13:13:33Z
Post-Boost,Post-Boost,passthrough,40.0,2026-08-27T13:13:33Z
Browser Cloud by TestMu AI,Browser Cloud by TestMu AI,passthrough,66.7,2026-08-27T13:13:33Z
Blizzy AI,Blizzy AI,passthrough,66.7,2026-08-27T13:13:33Z
Motiff,Motiff,passthrough,40.0,2026-08-27T13:13:33Z
Chatbase,Chatbase,passthrough,52.6,2026-08-27T13:13:33Z
Gobii,Gobii,passthrough,46.2,2026-08-27T13:13:33Z
Hailo,Hailo,passthrough,53.3,2026-08-27T13:13:33Z
Noteithub,Noteithub,passthrough,50.0,2026-08-27T13:13:33Z
Kane CLI,Kane CLI,passthrough,55.6,2026-08-27T13:13:33Z
Kea,Kea,passthrough,57.1,2026-08-27T13:13:33Z
WolframAlpha,WolframAlpha,passthrough,54.5,2026-08-27T13:13:33Z
Ideogram,Ideogram,passthrough,52.6,2026-08-27T13:13:33Z
LogoAI,LogoAI,passthrough,53.3,2026-08-27T13:13:33Z
Layer AI,Layer AI,passthrough,70.6,2026-08-27T13:13:33Z
Wisedocs,Wisedocs,passthrough,50.0,2026-08-27T13:13:33Z
MarketAlerts.ai,MarketAlerts.ai,passthrough,59.3,2026-08-27T13:13:33Z
Leya AI,Leya AI,passthrough,71.4,2026-08-27T13:13:33Z
Nabla,Nabla,passthrough,57.1,2026-08-27T13:13:33Z
1forAll,1forAll,passthrough,50.0,2026-08-27T13:13:33Z
Profile Picture Maker,Profile Picture Maker,passthrough,43.8,2026-08-27T13:13:33Z
Pykaso AI,Pykaso AI,passthrough,66.7,2026-08-27T13:13:33Z
PortfolioGPT,PortfolioGPT,passthrough,45.5,2026-08-27T13:13:33Z
Semrush AI Visibility Toolkit,Semrush AI Visibility Toolkit,passthrough,66.7,2026-08-27T13:13:33Z
NightCafe Studio,NightCafe Studio,passthrough,46.2,2026-08-27T13:13:34Z
Thunderbit,Thunderbit,passthrough,47.6,2026-08-27T13:13:34Z
Brandblast.ai,Brandblast.ai,passthrough,58.3,2026-08-27T13:13:34Z
QOVES,QOVES,passthrough,40.0,2026-08-27T13:13:34Z
Endel,Endel,passthrough,50.0,2026-08-27T13:13:34Z
UniAI,UniAI,passthrough,54.5,2026-08-27T13:13:34Z
Pika,Pika,passthrough,54.5,2026-08-27T13:13:34Z
Coinfeeds,Coinfeeds,passthrough,53.3,2026-08-27T13:13:34Z
AI MSL,AI MSL,passthrough,75.0,2026-08-27T13:13:34Z
mymind,mymind,passthrough,57.1,2026-08-27T13:13:34Z
Call Annie,Call Annie,passthrough,66.7,2026-08-27T13:13:34Z
MachGen,MachGen,passthrough,52.6,2026-08-27T13:13:34Z
Ambient,Ambient,passthrough,57.1,2026-08-27T13:13:34Z
Knotr AI,Knotr AI,passthrough,66.7,2026-08-27T13:13:34Z
xeditai,xeditai,passthrough,60.0,2026-08-27T13:13:34Z
Guardrail Technologies,Guardrail Technologies,passthrough,82.8,2026-08-27T13:13:34Z
Dream Interpreter,Dream Interpreter,passthrough,50.0,2026-08-27T13:13:34Z
Thinkdiffusion,Thinkdiffusion,passthrough,50.0,2026-08-27T13:13:34Z
Speechify Studio - AI Voice Generator,Speechify Studio - AI Voice Generator,passthrough,66.7,2026-08-27T13:13:34Z
Dexa AI,Dexa AI,passthrough,72.7,2026-08-27T13:13:34Z
RunSybil,RunSybil,passthrough,62.5,2026-08-27T13:13:34Z
Dcipher Insight Booster,Dcipher Insight Booster,passthrough,46.2,2026-08-27T13:13:34Z
Dedoctive,Dedoctive,passthrough,47.1,2026-08-27T13:13:34Z
PDFFly,PDFFly,passthrough,37.5,2026-08-27T13:13:34Z
PlotStudio AI,PlotStudio AI,passthrough,66.7,2026-08-27T13:13:34Z
Aidelly,Aidelly,passthrough,55.6,2026-08-27T13:13:34Z
Akkio,Akkio,passthrough,50.0,2026-08-27T13:13:34Z
Wix Logo Maker,Wix Logo Maker,passthrough,41.7,2026-08-27T13:13:34Z
GPT for Sheets and Docs,GPT for Sheets and Docs,passthrough,50.0,2026-08-27T13:13:34Z
Azara,Azara,passthrough,50.0,2026-08-27T13:13:34Z
Mindsera,Mindsera,passthrough,66.7,2026-08-27T13:13:34Z
Quilter,Quilter,passthrough,44.4,2026-08-27T13:13:34Z
Abridge,Abridge,passthrough,57.1,2026-08-27T13:13:34Z
Casablanca,Casablanca,passthrough,63.2,2026-08-27T13:13:34Z
NVIDIA,NVIDIA,passthrough,42.9,2026-08-27T13:13:34Z
STORYD,STORYD,passthrough,50.0,2026-08-27T13:13:34Z
Lutra AI,Lutra AI,passthrough,80.0,2026-08-27T13:13:34Z
Assert AI,Assert AI,passthrough,77.8,2026-08-27T13:13:34Z
Merlin,Merlin,passthrough,53.3,2026-08-27T13:13:34Z
CapCut Commerce,CapCut Commerce,passthrough,58.3,2026-08-27T13:13:34Z
MaxAI.me,MaxAI.me,passthrough,54.5,2026-08-27T13:13:34Z
Maxfusion,Maxfusion,passthrough,50.0,2026-08-27T13:13:34Z
ElevenLabs,ElevenLabs,exact,100.0,2026-08-27T13:13:34Z
Artbreeder,Artbreeder,passthrough,47.6,2026-08-27T13:13:34Z
Noisee AI,Noisee AI,passthrough,66.7,2026-08-27T13:13:34Z
Caffeine,Caffeine,passthrough,53.3,2026-08-27T13:13:34Z
Ceartas DMCA,Ceartas DMCA,passthrough,52.2,2026-08-27T13:13:34Z
Whoop,Whoop,passthrough,42.9,2026-08-27T13:13:34Z
Wegic,Wegic,passthrough,46.2,2026-08-27T13:13:34Z
Hostinger Horizons,Hostinger Horizons,passthrough,42.9,2026-08-27T13:13:34Z
Ordinary People Prompts,Ordinary People Prompts,passthrough,44.4,2026-08-27T13:13:34Z
xAI,xAI,exact,100.0,2026-08-27T13:13:34Z
Shipixen,Shipixen,passthrough,53.3,2026-08-27T13:13:34Z
Chat Prompt Genius,Chat Prompt Genius,passthrough,45.2,2026-08-27T13:13:34Z
WellSaid,WellSaid,passthrough,55.6,2026-08-27T13:13:34Z
Design.com,Design.com,passthrough,66.7,2026-08-27T13:13:34Z
AI Consulting Tools,AI Consulting Tools,passthrough,66.7,2026-08-27T13:13:34Z
TutorAI,TutorAI,passthrough,55.6,2026-08-27T13:13:34Z
SayWhatt,SayWhatt,passthrough,47.1,2026-08-27T13:13:34Z
Minion AI,Minion AI,passthrough,72.7,2026-08-27T13:13:34Z
Luminance,Luminance,passthrough,61.5,2026-08-27T13:13:34Z
Unriddle,Unriddle,passthrough,42.9,2026-08-27T13:13:34Z
PublicAI,PublicAI,passthrough,58.8,2026-08-27T13:13:34Z
Falcon LLM,Falcon LLM,passthrough,52.6,2026-08-27T13:13:34Z
Gigasheet,Gigasheet,passthrough,55.6,2026-08-27T13:13:34Z
Adobe Photoshop,Adobe Photoshop,passthrough,50.0,2026-08-27T13:13:34Z
DataSnipper,DataSnipper,passthrough,60.0,2026-08-27T13:13:34Z
MagicPhotos,MagicPhotos,passthrough,50.0,2026-08-27T13:13:34Z
SYSTRAN,SYSTRAN,passthrough,57.1,2026-08-27T13:13:34Z
Monica,Monica,passthrough,54.5,2026-08-27T13:13:34Z
StudyX,StudyX,passthrough,40.0,2026-08-27T13:13:34Z
Ask Layla,Ask Layla,passthrough,55.6,2026-08-27T13:13:34Z
AI Home Design,AI Home Design,passthrough,66.7,2026-08-27T13:13:34Z
Coris,Coris,passthrough,57.1,2026-08-27T13:13:34Z
Adobe Podcast,Adobe Podcast,passthrough,55.6,2026-08-27T13:13:34Z
Microsoft Designer,Microsoft Designer,passthrough,44.4,2026-08-27T13:13:34Z
Jace,Jace,passthrough,60.0,2026-08-27T13:13:34Z
Writecream,Writecream,passthrough,52.2,2026-08-27T13:13:34Z
Durable AI,Durable AI,passthrough,66.7,2026-08-27T13:13:34Z
Magnific AI Voice Generator,Magnific AI Voice Generator,passthrough,66.7,2026-08-27T13:13:34Z
MurmurCast,MurmurCast,passthrough,44.4,2026-08-27T13:13:34Z
Giftpack,Giftpack,passthrough,52.6,2026-08-27T13:13:34Z
SEOWriteX,SEOWriteX,passthrough,47.1,2026-08-27T13:13:34Z
Parspec,Parspec,passthrough,61.5,2026-08-27T13:13:34Z
Stable Diffusion,Stable Diffusion,passthrough,50.0,2026-08-27T13:13:34Z
Text2SQL,Text2SQL,passthrough,37.5,2026-08-27T13:13:34Z
PostSam,PostSam,passthrough,50.0,2026-08-27T13:13:34Z
Tennr,Tennr,passthrough,50.0,2026-08-27T13:13:34Z
Liberate,Liberate,passthrough,58.8,2026-08-27T13:13:34Z
Deci,Deci,passthrough,54.5,2026-08-27T13:13:34Z
Hear,Hear,passthrough,60.0,2026-08-27T13:13:34Z
Powabase,Powabase,passthrough,50.0,2026-08-27T13:13:34Z
Flowjin,Flowjin,passthrough,47.1,2026-08-27T13:13:34Z
Rodin,Rodin,passthrough,50.0,2026-08-27T13:13:34Z
Immersity AI,Immersity AI,passthrough,66.7,2026-08-27T13:13:34Z
Spiritt,Spiritt,passthrough,50.0,2026-08-27T13:13:34Z
Bardeen AI,Bardeen AI,passthrough,66.7,2026-08-27T13:13:34Z
Ambience,Ambience,passthrough,66.7,2026-08-27T13:13:34Z
Ari by Ariso,Ari by Ariso,passthrough,57.1,2026-08-27T13:13:34Z
Evalyze,Evalyze,passthrough,53.3,2026-08-27T13:13:34Z
Originality.AI,Originality.AI,passthrough,61.5,2026-08-27T13:13:34Z
VidMage,VidMage,passthrough,53.3,2026-08-27T13:13:34Z
BrandWell,BrandWell,passthrough,50.0,2026-08-27T13:13:34Z
CoupleWork,CoupleWork,passthrough,50.0,2026-08-27T13:13:34Z
StageHQ AI,StageHQ AI,passthrough,66.7,2026-08-27T13:13:34Z
ThumbnailAI,ThumbnailAI,passthrough,54.5,2026-08-27T13:13:34Z
Swapp,Swapp,passthrough,40.0,2026-08-27T13:13:34Z
Creatify,Creatify,passthrough,53.3,2026-08-27T13:13:34Z
Claude,Claude,passthrough,54.5,2026-08-27T13:13:34Z
Eve Legal,Eve Legal,passthrough,60.0,2026-08-27T13:13:34Z
PaioClaw,PaioClaw,passthrough,53.3,2026-08-27T13:13:34Z
Mexty,Mexty,passthrough,53.3,2026-08-27T13:13:34Z
Leni,Leni,passthrough,66.7,2026-08-27T13:13:34Z
Powtoon,Powtoon,passthrough,40.0,2026-08-27T13:13:34Z
Applaime,Applaime,passthrough,53.3,2026-08-27T13:13:34Z
Offrs,Offrs,passthrough,36.4,2026-08-27T13:13:34Z
Vmake,Vmake,passthrough,46.2,2026-08-27T13:13:34Z
Fliz,Fliz,passthrough,42.9,2026-08-27T13:13:34Z
Makiverse,Makiverse,passthrough,55.6,2026-08-27T13:13:34Z
ZAPT,ZAPT,passthrough,66.7,2026-08-27T13:13:34Z
InsightBase,InsightBase,passthrough,51.9,2026-08-27T13:13:34Z
Casper AI,Casper AI,passthrough,88.9,2026-08-27T13:13:34Z
VideoGen,VideoGen,passthrough,53.3,2026-08-27T13:13:34Z
Photomyne,Photomyne,passthrough,47.1,2026-08-27T13:13:34Z
MindOS,MindOS,passthrough,57.1,2026-08-27T13:13:34Z
iPlan.ai,iPlan.ai,passthrough,60.0,2026-08-27T13:13:34Z
Finch 3D,Finch 3D,passthrough,42.1,2026-08-27T13:13:34Z
Bluedot,Bluedot,passthrough,50.0,2026-08-27T13:13:34Z
Beatwave,Beatwave,passthrough,61.5,2026-08-27T13:13:34Z
BridgeWise,BridgeWise,passthrough,46.2,2026-08-27T13:13:34Z
KindredMind,KindredMind,passthrough,63.2,2026-08-27T13:13:34Z
Cody,Cody,passthrough,60.0,2026-08-27T13:13:34Z
Converse Now,Converse Now,passthrough,55.6,2026-08-27T13:13:34Z
Semrush Advertising Toolkit,Semrush Advertising Toolkit,passthrough,41.7,2026-08-27T13:13:34Z
Copilot for Microsoft 365,Copilot for Microsoft 365,passthrough,38.1,2026-08-27T13:13:34Z
Eskritor,Eskritor,passthrough,44.4,2026-08-27T13:13:34Z
iZotope RX,iZotope RX,passthrough,47.6,2026-08-27T13:13:34Z
Chorus,Chorus,passthrough,50.0,2026-08-27T13:13:34Z
SuperAGI,SuperAGI,passthrough,70.6,2026-08-27T13:13:34Z
Fliki,Fliki,passthrough,44.4,2026-08-27T13:13:34Z
Vyro AI,Vyro AI,passthrough,66.7,2026-08-27T13:13:34Z
Riffusion,Riffusion,passthrough,52.6,2026-08-27T13:13:34Z
KrispCall,KrispCall,passthrough,58.8,2026-08-27T13:13:34Z
VMEG,VMEG,passthrough,44.4,2026-08-27T13:13:34Z
AI HUB by Picsart,AI HUB by Picsart,passthrough,66.7,2026-08-27T13:13:34Z
Cutout Pro,Cutout Pro,passthrough,50.0,2026-08-27T13:13:34Z
Docus,Docus,passthrough,54.5,2026-08-27T13:13:34Z
Google Cloud Vision AI,Google Cloud Vision AI,passthrough,66.7,2026-08-27T13:13:34Z
Teachable Machine,Teachable Machine,passthrough,56.0,2026-08-27T13:13:34Z
Sonix,Sonix,passthrough,54.5,2026-08-27T13:13:34Z
Playground AI,Playground AI,passthrough,66.7,2026-08-27T13:13:34Z
Writingmate,Writingmate,passthrough,52.6,2026-08-27T13:13:34Z
Amazon Translate,Amazon Translate,passthrough,48.5,2026-08-27T13:13:34Z
Glean,Glean,exact,100.0,2026-08-27T13:13:34Z
Humanize AI Pro,Humanize AI Pro,passthrough,66.7,2026-08-27T13:13:34Z
Anakin.ai,Anakin.ai,passthrough,70.6,2026-08-27T13:13:34Z
Pi,Pi,passthrough,50.0,2026-08-27T13:13:34Z
Sendmux,Sendmux,passthrough,40.0,2026-08-27T13:13:34Z
RightJoin,RightJoin,passthrough,47.6,2026-08-27T13:13:34Z
insMind,insMind,passthrough,53.3,2026-08-27T13:13:34Z
Scholarcy,Scholarcy,passthrough,53.3,2026-08-27T13:13:34Z
Juno Research,Juno Research,passthrough,42.1,2026-08-27T13:13:34Z
Microsoft Bing,Microsoft Bing,passthrough,52.2,2026-08-27T13:13:34Z
Comment Generator,Comment Generator,passthrough,52.9,2026-08-27T13:13:34Z
Limestone Digital,Limestone Digital,passthrough,46.7,2026-08-27T13:13:34Z
Gling,Gling,passthrough,60.0,2026-08-27T13:13:34Z
Pictory,Pictory,passthrough,57.1,2026-08-27T13:13:34Z
Twee,Twee,passthrough,50.0,2026-08-27T13:13:34Z
Facefame,Facefame,passthrough,50.0,2026-08-27T13:13:34Z
Flick,Flick,passthrough,42.9,2026-08-27T13:13:34Z
Bloome,Bloome,passthrough,42.9,2026-08-27T13:13:34Z
Listnr,Listnr,passthrough,61.5,2026-08-27T13:13:34Z
Google Translate,Google Translate,passthrough,57.1,2026-08-27T13:13:34Z
DealSize.ai,DealSize.ai,passthrough,60.0,2026-08-27T13:13:34Z
Ludo,Ludo,passthrough,50.0,2026-08-27T13:13:34Z
Canva,Canva,passthrough,57.1,2026-08-27T13:13:34Z
PicMa Studio,PicMa Studio,passthrough,52.6,2026-08-27T13:13:34Z
Aithor,Aithor,passthrough,58.8,2026-08-27T13:13:34Z
Voibe,Voibe,passthrough,60.0,2026-08-27T13:13:34Z
Vsub,Vsub,passthrough,50.0,2026-08-27T13:13:34Z
Socratic by Google,Socratic by Google,passthrough,57.1,2026-08-27T13:13:34Z
Lumiere 3D,Lumiere 3D,passthrough,47.1,2026-08-27T13:13:34Z
NanaImage,NanaImage,passthrough,50.0,2026-08-27T13:13:34Z
Chromox,Chromox,passthrough,76.9,2026-08-27T13:13:34Z
MyEssayWriter.ai,MyEssayWriter.ai,passthrough,57.1,2026-08-27T13:13:34Z
BrandScreen,BrandScreen,passthrough,52.6,2026-08-27T13:13:34Z
Munch Studio,Munch Studio,passthrough,45.5,2026-08-27T13:13:34Z
Create,Create,passthrough,66.7,2026-08-27T13:13:34Z
CreativAI,CreativAI,passthrough,62.5,2026-08-27T13:13:34Z
Charisma,Charisma,passthrough,71.4,2026-08-27T13:13:34Z
Collov AI,Collov AI,passthrough,66.7,2026-08-27T13:13:34Z
ThumbnailCreator.com,ThumbnailCreator.com,passthrough,52.9,2026-08-27T13:13:34Z
Topaz Labs,Topaz Labs,passthrough,70.0,2026-08-27T13:13:34Z
Pollinations,Pollinations,passthrough,54.5,2026-08-27T13:13:34Z
Spellbook,Spellbook,passthrough,45.5,2026-08-27T13:13:34Z
Elephant,Elephant,passthrough,61.5,2026-08-27T13:13:34Z
Vmaker AI,Vmaker AI,passthrough,66.7,2026-08-27T13:13:34Z
Videoleap,Videoleap,passthrough,50.0,2026-08-27T13:13:34Z
Axion Ray,Axion Ray,passthrough,66.7,2026-08-27T13:13:34Z
UGO,UGO,passthrough,57.1,2026-08-27T13:13:34Z
Penelope AI,Penelope AI,passthrough,66.7,2026-08-27T13:13:34Z
Suno,Suno,exact,100.0,2026-08-27T13:13:34Z
Komo Search,Komo Search,passthrough,40.0,2026-08-27T13:13:34Z
Niomake,Niomake,passthrough,50.0,2026-08-27T13:13:34Z
Meta AI,Meta AI,passthrough,71.4,2026-08-27T13:13:34Z
Sudowrite,Sudowrite,passthrough,47.1,2026-08-27T13:13:34Z
CharacterX,CharacterX,passthrough,85.7,2026-08-27T13:13:34Z
InteriorAI,InteriorAI,passthrough,60.9,2026-08-27T13:13:34Z
Mindflow,Mindflow,passthrough,55.6,2026-08-27T13:13:34Z
HAPPYROBOT,HAPPYROBOT,passthrough,44.4,2026-08-27T13:13:34Z
Kaiber,Kaiber,passthrough,54.5,2026-08-27T13:13:34Z
Grammarly,Grammarly,passthrough,47.1,2026-08-27T13:13:34Z
Proposal Genie,Proposal Genie,passthrough,45.5,2026-08-27T13:13:34Z
Cleanup.pictures,Cleanup.pictures,passthrough,48.0,2026-08-27T13:13:34Z
Vidnoz,Vidnoz,passthrough,46.2,2026-08-27T13:13:34Z
Trickle AI,Trickle AI,passthrough,66.7,2026-08-27T13:13:34Z
SearchCans,SearchCans,passthrough,52.6,2026-08-27T13:13:34Z
Google Earth Studio,Google Earth Studio,passthrough,57.1,2026-08-27T13:13:34Z
Moxo,Moxo,passthrough,46.2,2026-08-27T13:13:34Z
Capafy,Capafy,passthrough,50.0,2026-08-27T13:13:34Z
Microsoft Translator,Microsoft Translator,passthrough,55.2,2026-08-27T13:13:34Z
Voctiv,Voctiv,passthrough,40.0,2026-08-27T13:13:34Z
EducatorLab,EducatorLab,passthrough,47.6,2026-08-27T13:13:34Z
Arini,Arini,passthrough,58.8,2026-08-27T13:13:34Z
TattoosAI,TattoosAI,passthrough,50.0,2026-08-27T13:13:34Z
SalesCloser AI,SalesCloser AI,passthrough,66.7,2026-08-27T13:13:34Z
GiftHuntr,GiftHuntr,passthrough,47.1,2026-08-27T13:13:34Z
Cabina AI,Cabina AI,passthrough,66.7,2026-08-27T13:13:34Z
Tenorshare AI,Tenorshare AI,passthrough,66.7,2026-08-27T13:13:34Z
YouWare,YouWare,passthrough,50.0,2026-08-27T13:13:34Z
MolyPix.AI,MolyPix.AI,passthrough,58.8,2026-08-27T13:13:34Z
Quick Creator,Quick Creator,passthrough,52.2,2026-08-27T13:13:34Z
Questie AI,Questie AI,passthrough,66.7,2026-08-27T13:13:34Z
Descript,Descript,passthrough,61.5,2026-08-27T13:13:34Z
Alphastream,Alphastream,passthrough,57.1,2026-08-27T13:13:34Z
Ninjachat AI,Ninjachat AI,passthrough,66.7,2026-08-27T13:13:34Z
aiOS,aiOS,passthrough,57.1,2026-08-27T13:13:34Z
Autodraft,Autodraft,passthrough,53.3,2026-08-27T13:13:34Z
Align AI,Align AI,passthrough,66.7,2026-08-27T13:13:34Z
Renamer.ai,Renamer.ai,passthrough,70.6,2026-08-27T13:13:34Z
Booke AI,Booke AI,passthrough,66.7,2026-08-27T13:13:34Z
Blaze,Blaze,passthrough,44.4,2026-08-27T13:13:34Z
Jeffrey Celavie,Jeffrey Celavie,passthrough,50.0,2026-08-27T13:13:34Z
Deep Realms,Deep Realms,passthrough,58.3,2026-08-27T13:13:34Z
Chatling,Chatling,passthrough,66.7,2026-08-27T13:13:34Z
Inner AI,Inner AI,passthrough,66.7,2026-08-27T13:13:34Z
Sully AI,Sully AI,passthrough,66.7,2026-08-27T13:13:34Z
Cron AI,Cron AI,passthrough,75.0,2026-08-27T13:13:34Z
WriteHuman,WriteHuman,passthrough,47.1,2026-08-27T13:13:34Z
ON1 Photo RAW,ON1 Photo RAW,passthrough,42.1,2026-08-27T13:13:34Z
Moonshot AI,Moonshot AI,passthrough,66.7,2026-08-27T13:13:34Z
GoEnhance AI,GoEnhance AI,passthrough,66.7,2026-08-27T13:13:34Z
Respan,Respan,passthrough,60.0,2026-08-27T13:13:34Z
Dezgo,Dezgo,passthrough,44.4,2026-08-27T13:13:34Z
Finster AI,Finster AI,passthrough,70.0,2026-08-27T13:13:34Z
Freebeat,Freebeat,passthrough,50.0,2026-08-27T13:13:34Z
10Web,10Web,passthrough,50.0,2026-08-27T13:13:34Z
Gumloop,Gumloop,passthrough,40.0,2026-08-27T13:13:34Z
PDF Flex,PDF Flex,passthrough,42.1,2026-08-27T13:13:34Z
DeepL Translator,DeepL Translator,passthrough,50.0,2026-08-27T13:13:34Z
Retell AI,Retell AI,passthrough,66.7,2026-08-27T13:13:34Z
Sibyl AI,Sibyl AI,passthrough,66.7,2026-08-27T13:13:34Z
Dispute Panda,Dispute Panda,passthrough,47.6,2026-08-27T13:13:34Z
ViSenze,ViSenze,passthrough,53.3,2026-08-27T13:13:34Z
MokSa.AI,MokSa.AI,passthrough,66.7,2026-08-27T13:13:34Z
AI Email Writer,AI Email Writer,passthrough,66.7,2026-08-27T13:13:34Z
LLMStack,LLMStack,passthrough,53.3,2026-08-27T13:13:34Z
Deduction,Deduction,passthrough,63.2,2026-08-27T13:13:34Z
Kits AI,Kits AI,passthrough,66.7,2026-08-27T13:13:34Z
GPTBots,GPTBots,passthrough,40.0,2026-08-27T13:13:34Z
Transcript.LOL,Transcript.LOL,passthrough,46.2,2026-08-27T13:13:34Z
AI Photo Filter,AI Photo Filter,passthrough,66.7,2026-08-27T13:13:34Z
Vertech Academy,Vertech Academy,passthrough,46.2,2026-08-27T13:13:34Z
Dataspot,Dataspot,passthrough,55.6,2026-08-27T13:13:34Z
Turnitin,Turnitin,passthrough,53.3,2026-08-27T13:13:34Z
BigIdeasDB,BigIdeasDB,passthrough,42.1,2026-08-27T13:13:34Z
Fluid Topics,Fluid Topics,passthrough,47.6,2026-08-27T13:13:34Z
Recall,Recall,passthrough,60.0,2026-08-27T13:13:34Z
Bytemine,Bytemine,passthrough,53.3,2026-08-27T13:13:34Z
Dzine AI,Dzine AI,passthrough,66.7,2026-08-27T13:13:34Z
Vimerse Studio,Vimerse Studio,passthrough,43.5,2026-08-27T13:13:34Z
Genspark.ai,Genspark.ai,passthrough,60.0,2026-08-27T13:13:34Z
RoomGPT,RoomGPT,passthrough,53.3,2026-08-27T13:13:34Z
DetectGPT,DetectGPT,passthrough,57.1,2026-08-27T13:13:34Z
Rendernet,Rendernet,passthrough,53.3,2026-08-27T13:13:34Z
eesel AI,eesel AI,passthrough,66.7,2026-08-27T13:13:34Z
GPTExcel,GPTExcel,passthrough,58.8,2026-08-27T13:13:34Z
Excel Formula Bot,Excel Formula Bot,passthrough,38.5,2026-08-27T13:13:34Z
Magic School AI,Magic School AI,passthrough,66.7,2026-08-27T13:13:34Z
WPTurbo,WPTurbo,passthrough,46.2,2026-08-27T13:13:34Z
E2B,E2B,passthrough,36.4,2026-08-27T13:13:34Z
echowin,echowin,passthrough,53.3,2026-08-27T13:13:34Z
vivago.ai,vivago.ai,passthrough,57.1,2026-08-27T13:13:34Z
DashVox,DashVox,passthrough,42.9,2026-08-27T13:13:34Z
Magic Type AI,Magic Type AI,passthrough,66.7,2026-08-27T13:13:34Z
Easy Peasy AI,Easy Peasy AI,passthrough,66.7,2026-08-27T13:13:34Z
Relevance AI,Relevance AI,passthrough,66.7,2026-08-27T13:13:34Z
Thoughtful AI,Thoughtful AI,passthrough,66.7,2026-08-27T13:13:34Z
Lore,Lore,passthrough,60.0,2026-08-27T13:13:34Z
Rad AI,Rad AI,passthrough,76.9,2026-08-27T13:13:34Z
Resoomer,Resoomer,passthrough,57.1,2026-08-27T13:13:34Z
aicut,aicut,passthrough,57.1,2026-08-27T13:13:34Z
CaseGuard Studio,CaseGuard Studio,passthrough,45.5,2026-08-27T13:13:34Z
Synthesys Studio,Synthesys Studio,passthrough,56.0,2026-08-27T13:13:34Z
Spiritme,Spiritme,passthrough,47.1,2026-08-27T13:13:34Z
Tarotap,Tarotap,passthrough,50.0,2026-08-27T13:13:34Z
REimagine Home,REimagine Home,passthrough,45.5,2026-08-27T13:13:34Z
Simplified,Simplified,passthrough,47.6,2026-08-27T13:13:34Z
Promptomania,Promptomania,passthrough,48.0,2026-08-27T13:13:34Z
AI Quiz Generator by Coursebox,AI Quiz Generator by Coursebox,passthrough,66.7,2026-08-27T13:13:34Z
Langotalk,Langotalk,passthrough,55.6,2026-08-27T13:13:34Z
AI PDF Summarizer by PDF Guru,AI PDF Summarizer by PDF Guru,passthrough,66.7,2026-08-27T13:13:34Z
micro1,micro1,passthrough,53.3,2026-08-27T13:13:34Z
MyMap AI,MyMap AI,passthrough,66.7,2026-08-27T13:13:34Z
Flair AI,Flair AI,passthrough,70.6,2026-08-27T13:13:34Z
Wordsmith,Wordsmith,passthrough,44.4,2026-08-27T13:13:34Z
Mental Models AI,Mental Models AI,passthrough,66.7,2026-08-27T13:13:34Z
Zapier,Zapier,passthrough,66.7,2026-08-27T13:13:34Z
Lorka AI,Lorka AI,passthrough,80.0,2026-08-27T13:13:34Z
Synthesia,Synthesia,exact,100.0,2026-08-27T13:13:34Z
ZenAI,ZenAI,passthrough,72.7,2026-08-27T13:13:34Z
Flot AI,Flot AI,passthrough,66.7,2026-08-27T13:13:34Z
Virtual House Flip,Virtual House Flip,passthrough,42.9,2026-08-27T13:13:34Z
Immersive Translate,Immersive Translate,passthrough,50.0,2026-08-27T13:13:34Z
Dola,Dola,passthrough,60.0,2026-08-27T13:13:34Z
Runway,Runway,exact,100.0,2026-08-27T13:13:34Z
Pizi,Pizi,passthrough,40.0,2026-08-27T13:13:34Z
Uptrends.ai,Uptrends.ai,passthrough,60.0,2026-08-27T13:13:34Z
Riverside,Riverside,passthrough,50.0,2026-08-27T13:13:34Z
vidflux.ai,vidflux.ai,passthrough,57.1,2026-08-27T13:13:34Z
Google Gemini,Google Gemini,passthrough,78.6,2026-08-27T13:13:34Z
Parabola,Parabola,passthrough,50.0,2026-08-27T13:13:34Z
AI Credit Repair,AI Credit Repair,passthrough,66.7,2026-08-27T13:13:34Z
dsgnr AI,dsgnr AI,passthrough,66.7,2026-08-27T13:13:34Z
Doctrina,Doctrina,passthrough,57.1,2026-08-27T13:13:34Z
CureSkin,CureSkin,passthrough,57.1,2026-08-27T13:13:34Z
Thoughtly,Thoughtly,passthrough,47.1,2026-08-27T13:13:34Z
Video Candy,Video Candy,passthrough,50.0,2026-08-27T13:13:34Z
sync.,sync.,passthrough,47.1,2026-08-27T13:13:34Z
Studyable,Studyable,passthrough,57.1,2026-08-27T13:13:34Z
Seeker,Seeker,passthrough,50.0,2026-08-27T13:13:34Z
Gamma,Gamma,passthrough,50.0,2026-08-27T13:13:34Z
Rogo,Rogo,passthrough,50.0,2026-08-27T13:13:34Z
Jimdo,Jimdo,passthrough,42.9,2026-08-27T13:13:34Z
Coool AI,Coool AI,passthrough,66.7,2026-08-27T13:13:34Z
Unreal Speech,Unreal Speech,passthrough,47.6,2026-08-27T13:13:34Z
Comet,Comet,passthrough,54.5,2026-08-27T13:13:34Z
Clay,Clay,passthrough,54.5,2026-08-27T13:13:34Z
Chronicle,Chronicle,passthrough,55.6,2026-08-27T13:13:34Z
Respeecher,Respeecher,passthrough,52.6,2026-08-27T13:13:34Z
NeuBird,NeuBird,passthrough,44.4,2026-08-27T13:13:34Z
JoggAI,JoggAI,passthrough,50.0,2026-08-27T13:13:34Z
Trading Literacy,Trading Literacy,passthrough,51.9,2026-08-27T13:13:34Z
SiteExplainer,SiteExplainer,passthrough,50.0,2026-08-27T13:13:34Z
HiClip,HiClip,passthrough,46.2,2026-08-27T13:13:34Z
Voilà,Voilà,passthrough,40.0,2026-08-27T13:13:34Z
AIEASE,AIEASE,passthrough,66.7,2026-08-27T13:13:34Z
Robopost AI,Robopost AI,passthrough,66.7,2026-08-27T13:13:34Z
Tickclip,Tickclip,passthrough,47.1,2026-08-27T13:13:34Z
OpenClaw,OpenClaw,passthrough,71.4,2026-08-27T13:13:34Z
AudioShake,AudioShake,passthrough,55.6,2026-08-27T13:13:34Z
timeOS,timeOS,passthrough,54.5,2026-08-27T13:13:34Z
Adaptive Insights,Adaptive Insights,passthrough,57.1,2026-08-27T13:13:34Z
Toqan,Toqan,passthrough,54.5,2026-08-27T13:13:34Z
Google AI Studio,Google AI Studio,passthrough,66.7,2026-08-27T13:13:34Z
Gong,Gong,passthrough,50.0,2026-08-27T13:13:34Z
Navos,Navos,passthrough,44.4,2026-08-27T13:13:34Z
Vocal Remover,Vocal Remover,passthrough,44.4,2026-08-27T13:13:34Z
Pixelicious,Pixelicious,passthrough,54.5,2026-08-27T13:13:34Z
Nametastic,Nametastic,passthrough,55.6,2026-08-27T13:13:34Z
goHeather,goHeather,passthrough,70.6,2026-08-27T13:13:34Z
PracTalk,PracTalk,passthrough,52.6,2026-08-27T13:13:34Z
Mixo,Mixo,passthrough,50.0,2026-08-27T13:13:34Z
Vidiofy,Vidiofy,passthrough,47.1,2026-08-27T13:13:34Z
Rose AI,Rose AI,passthrough,71.4,2026-08-27T13:13:34Z
Hippocratic AI,Hippocratic AI,passthrough,66.7,2026-08-27T13:13:34Z
TurboScribe,TurboScribe,passthrough,47.1,2026-08-27T13:13:34Z
LogoFast,LogoFast,passthrough,42.9,2026-08-27T13:13:34Z
Genmo AI,Genmo AI,passthrough,66.7,2026-08-27T13:13:34Z
Wrangle,Wrangle,passthrough,53.3,2026-08-27T13:13:34Z
Stability AI,Stability AI,exact,100.0,2026-08-27T13:13:34Z
Udio,Udio,passthrough,50.0,2026-08-27T13:13:34Z
Insight7,Insight7,passthrough,50.0,2026-08-27T13:13:34Z
Video Magic,Video Magic,passthrough,50.0,2026-08-27T13:13:34Z
Sema4.ai,Sema4.ai,passthrough,66.7,2026-08-27T13:13:34Z
Tangia,Tangia,passthrough,61.5,2026-08-27T13:13:34Z
RecCloud,RecCloud,passthrough,47.6,2026-08-27T13:13:34Z
EverMemOS,EverMemOS,passthrough,48.0,2026-08-27T13:13:34Z
Anysphere,Anysphere,exact,100.0,2026-08-27T13:13:34Z
Moosend,Moosend,passthrough,50.0,2026-08-27T13:13:34Z
Sourcetable,Sourcetable,passthrough,63.6,2026-08-27T13:13:34Z
Guidde,Guidde,passthrough,53.3,2026-08-27T13:13:34Z
Navina,Navina,passthrough,57.1,2026-08-27T13:13:34Z
Vimeo AI,Vimeo AI,passthrough,66.7,2026-08-27T13:13:34Z
HeyGen,HeyGen,passthrough,54.5,2026-08-27T13:13:34Z
SEO GPT,SEO GPT,passthrough,62.5,2026-08-27T13:13:34Z
AI App Generator,AI App Generator,passthrough,66.7,2026-08-27T13:13:34Z
Cades,Cades,passthrough,60.0,2026-08-27T13:13:34Z
Soroco,Soroco,passthrough,57.1,2026-08-27T13:13:34Z
iMean AI,iMean AI,passthrough,66.7,2026-08-27T13:13:34Z
Adobe Premiere Pro,Adobe Premiere Pro,passthrough,42.4,2026-08-27T13:13:34Z
Musicfy,Musicfy,passthrough,42.9,2026-08-27T13:13:34Z
Overjet,Overjet,passthrough,61.5,2026-08-27T13:13:34Z
AI Image Enlarger,AI Image Enlarger,passthrough,66.7,2026-08-27T13:13:34Z
Lily AI,Lily AI,passthrough,66.7,2026-08-27T13:13:34Z
Vidu AI,Vidu AI,passthrough,66.7,2026-08-27T13:13:34Z
Julius AI,Julius AI,passthrough,66.7,2026-08-27T13:13:34Z
Friends & Fables,Friends & Fables,passthrough,50.0,2026-08-27T13:13:34Z
Otter.ai,Otter.ai,passthrough,73.7,2026-08-27T13:13:34Z
FLUX.1,FLUX.1,passthrough,40.0,2026-08-27T13:13:34Z
Rapport,Rapport,passthrough,50.0,2026-08-27T13:13:34Z
Hostinger AI Website Builder,Hostinger AI Website Builder,passthrough,66.7,2026-08-27T13:13:34Z
ES.AI,ES.AI,passthrough,66.7,2026-08-27T13:13:34Z
Transkriptor,Transkriptor,passthrough,47.6,2026-08-27T13:13:34Z
JustCopy.ai,JustCopy.ai,passthrough,77.8,2026-08-27T13:13:34Z
invideo AI,invideo AI,passthrough,66.7,2026-08-27T13:13:34Z
Zarla,Zarla,passthrough,50.0,2026-08-27T13:13:34Z
Noah,Noah,passthrough,50.0,2026-08-27T13:13:34Z
Singify,Singify,passthrough,50.0,2026-08-27T13:13:34Z
Humaniser,Humaniser,passthrough,55.6,2026-08-27T13:13:34Z
Canva Text to Image,Canva Text to Image,passthrough,48.6,2026-08-27T13:13:34Z
RebeccAI,RebeccAI,passthrough,53.3,2026-08-27T13:13:34Z
TradingLab,TradingLab,passthrough,52.6,2026-08-27T13:13:34Z
Dreamlux,Dreamlux,passthrough,50.0,2026-08-27T13:13:34Z
Trello,Trello,passthrough,46.2,2026-08-27T13:13:34Z
Crypto Co-Pilot,Crypto Co-Pilot,passthrough,43.8,2026-08-27T13:13:34Z
Giglish,Giglish,passthrough,37.5,2026-08-27T13:13:34Z
Nova AI App,Nova AI App,passthrough,66.7,2026-08-27T13:13:34Z
ProtectAI,ProtectAI,passthrough,54.5,2026-08-27T13:13:34Z
UpSynth,UpSynth,passthrough,62.5,2026-08-27T13:13:34Z
Kira Systems,Kira Systems,passthrough,73.7,2026-08-27T13:13:34Z
Optimly,Optimly,passthrough,50.0,2026-08-27T13:13:34Z
Numra,Numra,passthrough,66.7,2026-08-27T13:13:34Z
Microsoft Copilot,Microsoft Copilot,passthrough,46.2,2026-08-27T13:13:34Z
Seo Juice,Seo Juice,passthrough,50.0,2026-08-27T13:13:34Z
IamVERA,IamVERA,passthrough,53.3,2026-08-27T13:13:34Z
QashBoard,QashBoard,passthrough,47.1,2026-08-27T13:13:34Z
RehearseNow,RehearseNow,passthrough,47.6,2026-08-27T13:13:34Z
GitMind AI,GitMind AI,passthrough,66.7,2026-08-27T13:13:34Z
Krisp,Krisp,passthrough,42.9,2026-08-27T13:13:34Z
GetFloorPlan,GetFloorPlan,passthrough,47.1,2026-08-27T13:13:34Z
Ren,Ren,passthrough,57.1,2026-08-27T13:13:34Z
Sketch2App,Sketch2App,passthrough,42.1,2026-08-27T13:13:34Z
Danelfin,Danelfin,passthrough,53.3,2026-08-27T13:13:34Z
Assemblio,Assemblio,passthrough,47.6,2026-08-27T13:13:34Z
DreamGift,DreamGift,passthrough,53.3,2026-08-27T13:13:34Z
Profile Picture AI,Profile Picture AI,passthrough,66.7,2026-08-27T13:13:34Z
HiddenLayer,HiddenLayer,passthrough,47.6,2026-08-27T13:13:34Z
Magnific AI,Magnific AI,passthrough,66.7,2026-08-27T13:13:34Z
Audioread,Audioread,passthrough,62.5,2026-08-27T13:13:34Z
Nanonets,Nanonets,passthrough,53.3,2026-08-27T13:13:34Z
Coralflavor,Coralflavor,passthrough,47.1,2026-08-27T13:13:34Z
Bluesheets,Bluesheets,passthrough,46.2,2026-08-27T13:13:34Z
Amelia,Amelia,passthrough,53.3,2026-08-27T13:13:34Z
Zing Coach,Zing Coach,passthrough,54.5,2026-08-27T13:13:34Z
Photo AI,Photo AI,passthrough,66.7,2026-08-27T13:13:34Z
AI2sql,AI2sql,passthrough,60.0,2026-08-27T13:13:34Z
EtsyGenerator,EtsyGenerator,passthrough,50.0,2026-08-27T13:13:34Z
Referent,Referent,passthrough,44.4,2026-08-27T13:13:34Z
Stimuler,Stimuler,passthrough,61.5,2026-08-27T13:13:34Z
Tekmatix,Tekmatix,passthrough,53.3,2026-08-27T13:13:34Z
Vidnix.AI,Vidnix.AI,passthrough,61.5,2026-08-27T13:13:34Z
Elai.io,Elai.io,passthrough,60.0,2026-08-27T13:13:34Z
GravityWrite,GravityWrite,passthrough,50.0,2026-08-27T13:13:34Z
Ovom Care,Ovom Care,passthrough,55.6,2026-08-27T13:13:34Z
Storyboard Hero,Storyboard Hero,passthrough,43.5,2026-08-27T13:13:34Z
Carly AI,Carly AI,passthrough,75.0,2026-08-27T13:13:34Z
GeoEvident,GeoEvident,passthrough,52.6,2026-08-27T13:13:34Z
AI Trip Planner,AI Trip Planner,passthrough,66.7,2026-08-27T13:13:34Z
TasteGPT,TasteGPT,passthrough,61.5,2026-08-27T13:13:34Z
Mobirise AI Website Builder,Mobirise AI Website Builder,passthrough,66.7,2026-08-27T13:13:34Z
Vic.ai,Vic.ai,passthrough,80.0,2026-08-27T13:13:34Z
Asseti,Asseti,passthrough,57.1,2026-08-27T13:13:34Z
Snackz AI,Snackz AI,passthrough,66.7,2026-08-27T13:13:34Z
Sprout Social,Sprout Social,passthrough,45.5,2026-08-27T13:13:34Z
SketchBubble AI,SketchBubble AI,passthrough,66.7,2026-08-27T13:13:34Z
PlayHT,PlayHT,passthrough,53.3,2026-08-27T13:13:34Z
PrometAI,PrometAI,passthrough,57.1,2026-08-27T13:13:34Z
WriteHybrid,WriteHybrid,passthrough,45.5,2026-08-27T13:13:34Z
JobJump,JobJump,passthrough,44.4,2026-08-27T13:13:34Z
Whacka,Whacka,passthrough,54.5,2026-08-27T13:13:34Z
Factory,Factory,passthrough,57.1,2026-08-27T13:13:34Z
OSS Insight,OSS Insight,passthrough,51.9,2026-08-27T13:13:34Z
Taplio,Taplio,passthrough,53.3,2026-08-27T13:13:34Z
Lovable,Lovable,passthrough,50.0,2026-08-27T13:13:34Z
Mimica,Mimica,passthrough,50.0,2026-08-27T13:13:34Z
SnapHeadshots,SnapHeadshots,passthrough,48.0,2026-08-27T13:13:34Z
Wondershare Repairit,Wondershare Repairit,passthrough,48.3,2026-08-27T13:13:34Z
vidIQ,vidIQ,passthrough,35.3,2026-08-27T13:13:34Z
Social Catfish Reverse Image Search,Social Catfish Reverse Image Search,passthrough,39.2,2026-08-27T13:13:34Z
Grok,Grok,passthrough,75.0,2026-08-27T13:13:34Z
Zonka Feedback,Zonka Feedback,passthrough,44.4,2026-08-27T13:13:34Z
Stylar,Stylar,passthrough,53.3,2026-08-27T13:13:34Z
WOXO - Idea to Videos,WOXO - Idea to Videos,passthrough,43.2,2026-08-27T13:13:34Z
Coursera,Coursera,passthrough,71.4,2026-08-27T13:13:34Z
crawler.sh,crawler.sh,passthrough,55.6,2026-08-27T13:13:34Z
Wispr Flow,Wispr Flow,passthrough,44.4,2026-08-27T13:13:34Z
Pixelcut,Pixelcut,passthrough,50.0,2026-08-27T13:13:34Z
TheB.AI,TheB.AI,passthrough,66.7,2026-08-27T13:13:34Z
Wisdomise,Wisdomise,passthrough,47.1,2026-08-27T13:13:34Z
crewAI,crewAI,passthrough,61.5,2026-08-27T13:13:34Z
ColdConvert,ColdConvert,passthrough,58.8,2026-08-27T13:13:34Z
Jigso,Jigso,passthrough,50.0,2026-08-27T13:13:34Z
FaceCheck ID,FaceCheck ID,passthrough,50.0,2026-08-27T13:13:34Z
Neurons AI,Neurons AI,passthrough,66.7,2026-08-27T13:13:34Z
Anaplan,Anaplan,passthrough,58.8,2026-08-27T13:13:34Z
LookBook AI,LookBook AI,passthrough,66.7,2026-08-27T13:13:34Z
RNDRS,RNDRS,passthrough,46.2,2026-08-27T13:13:34Z
Shakespeare,Shakespeare,passthrough,60.0,2026-08-27T13:13:34Z
SeaArt AI,SeaArt AI,passthrough,66.7,2026-08-27T13:13:34Z
EchoFox,EchoFox,passthrough,46.2,2026-08-27T13:13:34Z
Pixlr: AI-Powered Editor,Pixlr: AI-Powered Editor,passthrough,66.7,2026-08-27T13:13:34Z
NovelAI,NovelAI,passthrough,61.5,2026-08-27T13:13:34Z
Hydra,Hydra,passthrough,54.5,2026-08-27T13:13:34Z
Autodraw,Autodraw,passthrough,47.1,2026-08-27T13:13:34Z
Lazyeyefix AI Photo Editor,Lazyeyefix AI Photo Editor,passthrough,66.7,2026-08-27T13:13:34Z
Mubert,Mubert,passthrough,54.5,2026-08-27T13:13:34Z
Solvea,Solvea,passthrough,61.5,2026-08-27T13:13:34Z
PlayArti,PlayArti,passthrough,57.1,2026-08-27T13:13:34Z
MyReport,MyReport,passthrough,47.1,2026-08-27T13:13:34Z
Stable Diffusion Web,Stable Diffusion Web,passthrough,43.8,2026-08-27T13:13:34Z
Estimatic AI,Estimatic AI,passthrough,66.7,2026-08-27T13:13:34Z
HitPaw FotorPea,HitPaw FotorPea,passthrough,47.6,2026-08-27T13:13:34Z
CoreLogic,CoreLogic,passthrough,55.6,2026-08-27T13:13:34Z
Lebesgue,Lebesgue,passthrough,47.1,2026-08-27T13:13:34Z
Shownotes,Shownotes,passthrough,55.6,2026-08-27T13:13:34Z
Flint,Flint,passthrough,53.3,2026-08-27T13:13:34Z
Akool,Akool,passthrough,40.0,2026-08-27T13:13:34Z
MagicSlides,MagicSlides,passthrough,52.6,2026-08-27T13:13:34Z
Videomaker by Invideo AI,Videomaker by Invideo AI,passthrough,66.7,2026-08-27T13:13:34Z
KaneAI,KaneAI,passthrough,61.5,2026-08-27T13:13:34Z
BrandJet,BrandJet,passthrough,61.5,2026-08-27T13:13:34Z
GovDash,GovDash,passthrough,50.0,2026-08-27T13:13:34Z
Aleph Alpha,Aleph Alpha,exact,100.0,2026-08-27T13:13:34Z
AI Meal Planner,AI Meal Planner,passthrough,66.7,2026-08-27T13:13:34Z
Bella,Bella,passthrough,53.3,2026-08-27T13:13:34Z
DevRev,DevRev,passthrough,50.0,2026-08-27T13:13:34Z
Craiyon,Craiyon,passthrough,57.1,2026-08-27T13:13:34Z
AutoGPT,AutoGPT,passthrough,55.6,2026-08-27T13:13:34Z
Workleap,Workleap,passthrough,52.6,2026-08-27T13:13:34Z
Intercom,Intercom,passthrough,62.5,2026-08-27T13:13:34Z
Wondershare Filmora,Wondershare Filmora,passthrough,42.9,2026-08-27T13:13:34Z
BrandCrowd,BrandCrowd,passthrough,44.4,2026-08-27T13:13:34Z
GPTGO,GPTGO,passthrough,44.4,2026-08-27T13:13:34Z
Paintit,Paintit,passthrough,52.6,2026-08-27T13:13:34Z
Jetwriter AI,Jetwriter AI,passthrough,66.7,2026-08-27T13:13:34Z
Sider,Sider,passthrough,54.5,2026-08-27T13:13:34Z
Anyword,Anyword,passthrough,50.0,2026-08-27T13:13:34Z
Proxima,Proxima,passthrough,61.5,2026-08-27T13:13:34Z
Trendspider,Trendspider,passthrough,50.0,2026-08-27T13:13:34Z
MarketMuse,MarketMuse,passthrough,42.1,2026-08-27T13:13:34Z
Colossyan,Colossyan,passthrough,53.3,2026-08-27T13:13:34Z
Obsess AI,Obsess AI,passthrough,66.7,2026-08-27T13:13:34Z
HitPaw Edimakor,HitPaw Edimakor,passthrough,40.0,2026-08-27T13:13:34Z
Wan,Wan,passthrough,75.0,2026-08-27T13:13:34Z
Runcell,Runcell,passthrough,53.3,2026-08-27T13:13:34Z
Dema.ai,Dema.ai,passthrough,71.4,2026-08-27T13:13:34Z
Wallpapers.fyi,Wallpapers.fyi,passthrough,52.2,2026-08-27T13:13:34Z
Lucid Engine,Lucid Engine,passthrough,45.5,2026-08-27T13:13:34Z
Image Candy,Image Candy,passthrough,57.1,2026-08-27T13:13:34Z
Scite,Scite,passthrough,60.0,2026-08-27T13:13:34Z
Magic Hour AI,Magic Hour AI,passthrough,66.7,2026-08-27T13:13:34Z
QuickMagic,QuickMagic,passthrough,42.9,2026-08-27T13:13:34Z
Scottie,Scottie,passthrough,50.0,2026-08-27T13:13:34Z
PromptBase,PromptBase,passthrough,50.0,2026-08-27T13:13:34Z
ROK Solution,ROK Solution,passthrough,71.4,2026-08-27T13:13:34Z
AI Thesis Writer,AI Thesis Writer,passthrough,66.7,2026-08-27T13:13:34Z
Recapext,Recapext,passthrough,58.8,2026-08-27T13:13:34Z
Voxify,Voxify,passthrough,44.4,2026-08-27T13:13:34Z
Vacay,Vacay,passthrough,50.0,2026-08-27T13:13:34Z
Stammer,Stammer,passthrough,50.0,2026-08-27T13:13:34Z
Template.net,Template.net,passthrough,57.1,2026-08-27T13:13:34Z
Nominal,Nominal,passthrough,57.1,2026-08-27T13:13:34Z
Color Palette Flow,Color Palette Flow,passthrough,45.7,2026-08-27T13:13:34Z
Instant Answers,Instant Answers,passthrough,50.0,2026-08-27T13:13:34Z
PitchBob.io,PitchBob.io,passthrough,63.6,2026-08-27T13:13:34Z
Kittl,Kittl,passthrough,50.0,2026-08-27T13:13:34Z
MoClaw,MoClaw,passthrough,54.5,2026-08-27T13:13:34Z
Liner.ai,Liner.ai,passthrough,58.8,2026-08-27T13:13:34Z
Plot Factory,Plot Factory,passthrough,44.4,2026-08-27T13:13:34Z
Chatronix,Chatronix,passthrough,60.0,2026-08-27T13:13:34Z
ResumeCoach,ResumeCoach,passthrough,45.5,2026-08-27T13:13:34Z
Hiver,Hiver,passthrough,54.5,2026-08-27T13:13:34Z
Make,Make,passthrough,50.0,2026-08-27T13:13:34Z
RepoClip,RepoClip,passthrough,58.8,2026-08-27T13:13:34Z
Napier,Napier,passthrough,66.7,2026-08-27T13:13:34Z
Parthean,Parthean,passthrough,53.3,2026-08-27T13:13:34Z
BastionGPT,BastionGPT,passthrough,47.6,2026-08-27T13:13:34Z
Astrocade,Astrocade,passthrough,58.8,2026-08-27T13:13:34Z
remio,remio,passthrough,50.0,2026-08-27T13:13:34Z
SlidesAI,SlidesAI,passthrough,66.7,2026-08-27T13:13:34Z
Roamaround,Roamaround,passthrough,55.6,2026-08-27T13:13:34Z
ASI:One,ASI:One,passthrough,71.4,2026-08-27T13:13:34Z
MenuForma,MenuForma,passthrough,46.2,2026-08-27T13:13:34Z
Smart Clerk,Smart Clerk,passthrough,47.1,2026-08-27T13:13:34Z
Similar video,Similar video,passthrough,45.5,2026-08-27T13:13:34Z
Wondershare VirtuLook,Wondershare VirtuLook,passthrough,40.0,2026-08-27T13:13:34Z
Ankon AI,Ankon AI,passthrough,66.7,2026-08-27T13:13:34Z
Zocks,Zocks,passthrough,40.0,2026-08-27T13:13:34Z
Where To,Where To,passthrough,71.4,2026-08-27T13:13:34Z
KLING AI,KLING AI,passthrough,66.7,2026-08-27T13:13:34Z
One AI,One AI,passthrough,76.9,2026-08-27T13:13:34Z
Adobe Firefly,Adobe Firefly,passthrough,54.5,2026-08-27T13:13:34Z
Blaze SQL,Blaze SQL,passthrough,47.1,2026-08-27T13:13:34Z
BLACKBOX.AI,BLACKBOX.AI,passthrough,55.6,2026-08-27T13:13:34Z
Quillbot,Quillbot,passthrough,38.1,2026-08-27T13:13:34Z
GitFluence,GitFluence,passthrough,53.3,2026-08-27T13:13:34Z
Listing Pro AI,Listing Pro AI,passthrough,66.7,2026-08-27T13:13:34Z
Fluig AI,Fluig AI,passthrough,70.6,2026-08-27T13:13:34Z
Kira,Kira,passthrough,54.5,2026-08-27T13:13:34Z
Smart Targeting,Smart Targeting,passthrough,46.2,2026-08-27T13:13:34Z
WalletFinder.ai,WalletFinder.ai,passthrough,57.1,2026-08-27T13:13:34Z
Sonara,Sonara,passthrough,53.3,2026-08-27T13:13:34Z
Neolemon,Neolemon,passthrough,55.6,2026-08-27T13:13:34Z
MetaGPT,MetaGPT,passthrough,50.0,2026-08-27T13:13:34Z
Stratup.ai,Stratup.ai,passthrough,70.0,2026-08-27T13:13:34Z
WordAI,WordAI,passthrough,54.5,2026-08-27T13:13:34Z
Atlas,Atlas,passthrough,57.1,2026-08-27T13:13:34Z
Superflows,Superflows,passthrough,50.0,2026-08-27T13:13:34Z
Miro,Miro,passthrough,54.5,2026-08-27T13:13:34Z
Couplelens,Couplelens,passthrough,50.0,2026-08-27T13:13:34Z
Hatz AI,Hatz AI,passthrough,66.7,2026-08-27T13:13:34Z
AI Video Course Generator by Coursebox,AI Video Course Generator by Coursebox,passthrough,66.7,2026-08-27T13:13:34Z
Luminar Neo,Luminar Neo,passthrough,53.3,2026-08-27T13:13:34Z
StealthMole,StealthMole,passthrough,52.6,2026-08-27T13:13:34Z
enso,enso,passthrough,50.0,2026-08-27T13:13:34Z
Semrush One,Semrush One,passthrough,59.3,2026-08-27T13:13:34Z
Just build things,Just build things,passthrough,42.4,2026-08-27T13:13:34Z
Simple Phones,Simple Phones,passthrough,48.3,2026-08-27T13:13:34Z
Inkfluence AI,Inkfluence AI,passthrough,69.2,2026-08-27T13:13:34Z
AI Video Cut,AI Video Cut,passthrough,66.7,2026-08-27T13:13:34Z
Skygen,Skygen,passthrough,54.5,2026-08-27T13:13:34Z
PitchMonster,PitchMonster,passthrough,60.0,2026-08-27T13:13:34Z
Backlink Management,Backlink Management,passthrough,48.3,2026-08-27T13:13:34Z
Sonia,Sonia,passthrough,57.1,2026-08-27T13:13:34Z
Findle Inventory,Findle Inventory,passthrough,48.3,2026-08-27T13:13:34Z
Duolingo,Duolingo,passthrough,50.0,2026-08-27T13:13:34Z
Character AI,Character AI,exact,100.0,2026-08-27T13:13:34Z
Taja AI,Taja AI,passthrough,66.7,2026-08-27T13:13:34Z
Dream Decoder,Dream Decoder,passthrough,52.6,2026-08-27T13:13:34Z
Alai,Alai,passthrough,72.7,2026-08-27T13:13:34Z
WTF Does This Company Do?,WTF Does This Company Do?,passthrough,43.9,2026-08-27T13:13:34Z
RewarxStudio,RewarxStudio,passthrough,43.5,2026-08-27T13:13:34Z
11x,11x,passthrough,33.3,2026-08-27T13:13:34Z
Freeletics,Freeletics,passthrough,52.6,2026-08-27T13:13:34Z
Zepic,Zepic,passthrough,57.1,2026-08-27T13:13:34Z
SofaBrain,SofaBrain,passthrough,55.6,2026-08-27T13:13:34Z
PerfectEssayWriter,PerfectEssayWriter,passthrough,47.1,2026-08-27T13:13:34Z
Thema,Thema,passthrough,57.1,2026-08-27T13:13:34Z
Audyo,Audyo,passthrough,50.0,2026-08-27T13:13:34Z
Ascn,Ascn,passthrough,54.5,2026-08-27T13:13:34Z
AI Storyboard Generator,AI Storyboard Generator,passthrough,66.7,2026-08-27T13:13:34Z
ProductBot,ProductBot,passthrough,50.0,2026-08-27T13:13:34Z
Build AI,Build AI,passthrough,66.7,2026-08-27T13:13:34Z
Cassidy,Cassidy,passthrough,54.5,2026-08-27T13:13:34Z
AI Song Maker,AI Song Maker,passthrough,66.7,2026-08-27T13:13:34Z
PromptHero,PromptHero,passthrough,55.6,2026-08-27T13:13:34Z
Magicflow,Magicflow,passthrough,50.0,2026-08-27T13:13:34Z
Prisma,Prisma,passthrough,50.0,2026-08-27T13:13:34Z
Dhisana AI,Dhisana AI,passthrough,66.7,2026-08-27T13:13:34Z
All Voice Lab,All Voice Lab,passthrough,45.5,2026-08-27T13:13:34Z
TubeMagic,TubeMagic,passthrough,46.2,2026-08-27T13:13:34Z
Prompt Security,Prompt Security,passthrough,56.0,2026-08-27T13:13:34Z
Sahara AI,Sahara AI,passthrough,66.7,2026-08-27T13:13:34Z
Healthee,Healthee,passthrough,50.0,2026-08-27T13:13:34Z
AfterSession,AfterSession,passthrough,48.0,2026-08-27T13:13:34Z
Zoho Social,Zoho Social,passthrough,50.0,2026-08-27T13:13:34Z
Accountabilabuddy,Accountabilabuddy,passthrough,48.3,2026-08-27T13:13:34Z
Copilot2trip,Copilot2trip,passthrough,44.4,2026-08-27T13:13:34Z
Perso Dubbing,Perso Dubbing,passthrough,45.5,2026-08-27T13:13:34Z
Ponzu,Ponzu,passthrough,46.2,2026-08-27T13:13:34Z
MagicPost,MagicPost,passthrough,50.0,2026-08-27T13:13:34Z
GanttPRO,GanttPRO,passthrough,58.8,2026-08-27T13:13:34Z
Sierra,Sierra,passthrough,57.1,2026-08-27T13:13:34Z
Hour One,Hour One,passthrough,55.6,2026-08-27T13:13:34Z
SalesCred PRO,SalesCred PRO,passthrough,47.6,2026-08-27T13:13:34Z
Document Crunch,Document Crunch,passthrough,43.5,2026-08-27T13:13:34Z
Alethea,Alethea,passthrough,58.8,2026-08-27T13:13:34Z
GeminiGen AI,GeminiGen AI,passthrough,66.7,2026-08-27T13:13:34Z
MemeGen AI,MemeGen AI,passthrough,66.7,2026-08-27T13:13:34Z
Notch,Notch,passthrough,50.0,2026-08-27T13:13:34Z
Granola,Granola,passthrough,54.5,2026-08-27T13:13:34Z
Rytr,Rytr,passthrough,46.2,2026-08-27T13:13:34Z
PixMaker AI,PixMaker AI,passthrough,66.7,2026-08-27T13:13:34Z
ChatOn,ChatOn,passthrough,53.3,2026-08-27T13:13:34Z
Adept,Adept,exact,100.0,2026-08-27T13:13:34Z
OverallGPT,OverallGPT,passthrough,52.6,2026-08-27T13:13:34Z
Rev,Rev,passthrough,57.1,2026-08-27T13:13:34Z
BrightEdge,BrightEdge,passthrough,42.1,2026-08-27T13:13:34Z
Feedeo,Feedeo,passthrough,42.9,2026-08-27T13:13:34Z
Arcwise,Arcwise,passthrough,53.3,2026-08-27T13:13:34Z
Cimphony,Cimphony,passthrough,44.4,2026-08-27T13:13:34Z
CheatGPT,CheatGPT,passthrough,46.2,2026-08-27T13:13:34Z
MixAudio,MixAudio,passthrough,54.5,2026-08-27T13:13:34Z
magify.design,magify.design,passthrough,46.2,2026-08-27T13:13:34Z
Klap,Klap,passthrough,50.0,2026-08-27T13:13:34Z
Univerbal,Univerbal,passthrough,50.0,2026-08-27T13:13:34Z
SuperDial,SuperDial,passthrough,55.6,2026-08-27T13:13:34Z
ArchitectGPT,ArchitectGPT,passthrough,47.1,2026-08-27T13:13:34Z
Ninja AI,Ninja AI,passthrough,66.7,2026-08-27T13:13:34Z
Vid.AI,Vid.AI,passthrough,60.0,2026-08-27T13:13:34Z
PerfectGift,PerfectGift,passthrough,57.1,2026-08-27T13:13:34Z
LivePerson,LivePerson,passthrough,47.1,2026-08-27T13:13:34Z
OpenArt,OpenArt,passthrough,76.9,2026-08-27T13:13:34Z
DaVinci AI,DaVinci AI,passthrough,66.7,2026-08-27T13:13:34Z
Natix Network,Natix Network,passthrough,53.8,2026-08-27T13:13:34Z
GIFTS AI,GIFTS AI,passthrough,66.7,2026-08-27T13:13:34Z
CrafterQ AI,CrafterQ AI,passthrough,78.3,2026-08-27T13:13:34Z
Angel AI Company,Angel AI Company,passthrough,66.7,2026-08-27T13:13:34Z
Stockimg AI,Stockimg AI,passthrough,66.7,2026-08-27T13:13:34Z
EditApp AI,EditApp AI,passthrough,66.7,2026-08-27T13:13:34Z
Hostcomm AI Agent,Hostcomm AI Agent,passthrough,66.7,2026-08-27T13:13:34Z
Yoodli AI,Yoodli AI,passthrough,66.7,2026-08-27T13:13:34Z
AI/ML API,AI/ML API,passthrough,66.7,2026-08-27T13:13:34Z
Spira AI,Spira AI,passthrough,70.6,2026-08-27T13:13:34Z
SmartlyQ,SmartlyQ,passthrough,47.1,2026-08-27T13:13:34Z
Woebot Health,Woebot Health,passthrough,41.7,2026-08-27T13:13:34Z
Blend AI,Blend AI,passthrough,66.7,2026-08-27T13:13:34Z
TinyFish,TinyFish,passthrough,47.1,2026-08-27T13:13:34Z
BigShort,BigShort,passthrough,47.1,2026-08-27T13:13:34Z
GitHub Copilot,GitHub Copilot,passthrough,51.6,2026-08-27T13:13:34Z
Praktika,Praktika,passthrough,53.3,2026-08-27T13:13:34Z
Summify,Summify,passthrough,40.0,2026-08-27T13:13:34Z
BlackOre,BlackOre,passthrough,58.8,2026-08-27T13:13:34Z
chatbeat,chatbeat,passthrough,63.2,2026-08-27T13:13:34Z
Top VS Best,Top VS Best,passthrough,44.4,2026-08-27T13:13:34Z
Wokelo,Wokelo,passthrough,40.0,2026-08-27T13:13:34Z
Zylon,Zylon,passthrough,40.0,2026-08-27T13:13:34Z
Photomath,Photomath,passthrough,53.3,2026-08-27T13:13:34Z
VisionStory,VisionStory,passthrough,47.6,2026-08-27T13:13:34Z
AI Invitation Generator,AI Invitation Generator,passthrough,66.7,2026-08-27T13:13:34Z
BacklinkGPT,BacklinkGPT,passthrough,43.5,2026-08-27T13:13:34Z
n8n,n8n,passthrough,40.0,2026-08-27T13:13:34Z
Nimbalyst,Nimbalyst,passthrough,46.2,2026-08-27T13:13:34Z
Harvey,Harvey,exact,100.0,2026-08-27T13:13:34Z
AI2image,AI2image,passthrough,58.8,2026-08-27T13:13:34Z
PowerDirector,PowerDirector,passthrough,52.2,2026-08-27T13:13:34Z
Social Catfish,Social Catfish,passthrough,63.6,2026-08-27T13:13:34Z
Generor,Generor,passthrough,54.5,2026-08-27T13:13:34Z
Caspa AI,Caspa AI,passthrough,70.6,2026-08-27T13:13:34Z
Clipchamp,Clipchamp,passthrough,52.6,2026-08-27T13:13:34Z
Captions,Captions,passthrough,55.6,2026-08-27T13:13:34Z
Paraphraser.io,Paraphraser.io,passthrough,53.8,2026-08-27T13:13:34Z
GPTZero,GPTZero,passthrough,54.5,2026-08-27T13:13:34Z
PostWizard AI,PostWizard AI,passthrough,66.7,2026-08-27T13:13:34Z
Asana,Asana,passthrough,57.1,2026-08-27T13:13:34Z
Pexo,Pexo,passthrough,50.0,2026-08-27T13:13:34Z
Consensus,Consensus,passthrough,50.0,2026-08-27T13:13:34Z
KaraVideo,KaraVideo,passthrough,53.3,2026-08-27T13:13:34Z
Suggest Gift,Suggest Gift,passthrough,43.5,2026-08-27T13:13:34Z
SlideTeam AI Presentation Generator,SlideTeam AI Presentation Generator,passthrough,66.7,2026-08-27T13:13:34Z
BeFreed,BeFreed,passthrough,46.2,2026-08-27T13:13:34Z
ClickUp,ClickUp,passthrough,42.9,2026-08-27T13:13:34Z
Solda AI,Solda AI,passthrough,66.7,2026-08-27T13:13:34Z
Sferal,Sferal,passthrough,61.5,2026-08-27T13:13:34Z
Magnific AI Video Generator,Magnific AI Video Generator,passthrough,66.7,2026-08-27T13:13:34Z
Fiddl.art,Fiddl.art,passthrough,44.4,2026-08-27T13:13:34Z
Parliant.AI,Parliant.AI,passthrough,78.3,2026-08-27T13:13:34Z
DeskSense,DeskSense,passthrough,47.1,2026-08-27T13:13:34Z
Real-Time Design By Collov,Real-Time Design By Collov,passthrough,41.0,2026-08-27T13:13:34Z
GPTforWork,GPTforWork,passthrough,42.9,2026-08-27T13:13:34Z
Atomic Bot,Atomic Bot,passthrough,52.6,2026-08-27T13:13:34Z
Replit,Replit,passthrough,80.0,2026-08-27T13:13:34Z
Soundraw,Soundraw,passthrough,52.6,2026-08-27T13:13:34Z
Tely AI,Tely AI,passthrough,66.7,2026-08-27T13:13:34Z
SocialBee,SocialBee,passthrough,71.4,2026-08-27T13:13:34Z
Magnific AI Image Generator,Magnific AI Image Generator,passthrough,66.7,2026-08-27T13:13:34Z
VibeScan,VibeScan,passthrough,50.0,2026-08-27T13:13:34Z
AI Image to Caption Generator,AI Image to Caption Generator,passthrough,66.7,2026-08-27T13:13:34Z
Hypergro,Hypergro,passthrough,50.0,2026-08-27T13:13:34Z
Imagecolorizer,Imagecolorizer,passthrough,51.6,2026-08-27T13:13:34Z
Zendesk,Zendesk,passthrough,40.0,2026-08-27T13:13:34Z
Synthesys,Synthesys,passthrough,77.8,2026-08-27T13:13:34Z
GymBuddy AI,GymBuddy AI,passthrough,66.7,2026-08-27T13:13:34Z
Moonhub,Moonhub,passthrough,37.5,2026-08-27T13:13:34Z
Humata AI,Humata AI,passthrough,75.0,2026-08-27T13:13:34Z
PaintShop Pro,PaintShop Pro,passthrough,54.5,2026-08-27T13:13:34Z
Video to Blog,Video to Blog,passthrough,54.5,2026-08-27T13:13:34Z
Mirai,Mirai,passthrough,71.4,2026-08-27T13:13:34Z
Webbotify,Webbotify,passthrough,42.9,2026-08-27T13:13:34Z
Terrakotta,Terrakotta,passthrough,52.6,2026-08-27T13:13:34Z
AgentVerse,AgentVerse,passthrough,57.1,2026-08-27T13:13:34Z
DALL·E 3,DALL·E 3,passthrough,50.0,2026-08-27T13:13:34Z
UniFab Video Enhancer,UniFab Video Enhancer,passthrough,43.8,2026-08-27T13:13:34Z
Abby,Abby,passthrough,46.2,2026-08-27T13:13:34Z
Virtual Staging AI,Virtual Staging AI,passthrough,66.7,2026-08-27T13:13:34Z
DiffusionBee,DiffusionBee,passthrough,45.5,2026-08-27T13:13:34Z
ViralMoment,ViralMoment,passthrough,50.0,2026-08-27T13:13:34Z
Werd,Werd,passthrough,44.4,2026-08-27T13:13:34Z
Semrush Content Toolkit,Semrush Content Toolkit,passthrough,46.2,2026-08-27T13:13:34Z
EasyGen,EasyGen,passthrough,50.0,2026-08-27T13:13:34Z
GetFreed,GetFreed,passthrough,50.0,2026-08-27T13:13:34Z
Browse AI,Browse AI,passthrough,66.7,2026-08-27T13:13:34Z
Perplexity AI,Perplexity AI,exact,100.0,2026-08-27T13:13:34Z
SITE123,SITE123,passthrough,40.0,2026-08-27T13:13:34Z
Lindy AI,Lindy AI,passthrough,66.7,2026-08-27T13:13:34Z
HubSpot AEO Sensor,HubSpot AEO Sensor,passthrough,44.4,2026-08-27T13:13:34Z
Osum,Osum,passthrough,54.5,2026-08-27T13:13:34Z
Meshy,Meshy,passthrough,40.0,2026-08-27T13:13:34Z
Moonbeam,Moonbeam,passthrough,47.1,2026-08-27T13:13:34Z
Amazon Q Developer,Amazon Q Developer,passthrough,42.9,2026-08-27T13:13:34Z
Tailor Brands,Tailor Brands,passthrough,50.0,2026-08-27T13:13:34Z
Momentic,Momentic,passthrough,57.1,2026-08-27T13:13:34Z
ZenCall.ai,ZenCall.ai,passthrough,58.8,2026-08-27T13:13:34Z
Quadratic,Quadratic,passthrough,66.7,2026-08-27T13:13:34Z
Vondy AI,Vondy AI,passthrough,66.7,2026-08-27T13:13:34Z
AirBrush AI Headshots,AirBrush AI Headshots,passthrough,66.7,2026-08-27T13:13:34Z
Ada,Ada,passthrough,54.5,2026-08-27T13:13:34Z
UpWin,UpWin,passthrough,46.2,2026-08-27T13:13:34Z
Summarize Tech,Summarize Tech,passthrough,51.6,2026-08-27T13:13:34Z
KiloClaw,KiloClaw,passthrough,42.1,2026-08-27T13:13:34Z
Accio,Accio,passthrough,50.0,2026-08-27T13:13:34Z
Daloopa,Daloopa,passthrough,50.0,2026-08-27T13:13:34Z
Softr,Softr,passthrough,54.5,2026-08-27T13:13:34Z
FaceSwap AI,FaceSwap AI,passthrough,66.7,2026-08-27T13:13:34Z
Gift Ideas AI,Gift Ideas AI,passthrough,66.7,2026-08-27T13:13:34Z
Buffer,Buffer,passthrough,54.5,2026-08-27T13:13:34Z
Pabbly Connect,Pabbly Connect,passthrough,43.5,2026-08-27T13:13:34Z
Codeium,Codeium,exact,100.0,2026-08-27T13:13:34Z
Uncensored.com,Uncensored.com,passthrough,66.7,2026-08-27T13:13:34Z
Anon,Anon,passthrough,54.5,2026-08-27T13:13:34Z
Travel Plan AI,Travel Plan AI,passthrough,66.7,2026-08-27T13:13:34Z
The New Black,The New Black,passthrough,50.0,2026-08-27T13:13:34Z
Copy.ai,Copy.ai,exact,100.0,2026-08-27T13:13:34Z
Bible AI,Bible AI,passthrough,66.7,2026-08-27T13:13:34Z
Appypie,Appypie,passthrough,50.0,2026-08-27T13:13:34Z
Algolia,Algolia,passthrough,50.0,2026-08-27T13:13:34Z
adobaRo,adobaRo,passthrough,50.0,2026-08-27T13:13:34Z
Smodin,Smodin,passthrough,54.5,2026-08-27T13:13:34Z
Helium 10,Helium 10,passthrough,50.0,2026-08-27T13:13:34Z
Spoke.ai,Spoke.ai,passthrough,70.6,2026-08-27T13:13:34Z
Wix ADI,Wix ADI,passthrough,72.7,2026-08-27T13:13:34Z
Pixite,Pixite,passthrough,53.3,2026-08-27T13:13:34Z
Cheat Layer,Cheat Layer,passthrough,57.1,2026-08-27T13:13:34Z
Blueshift,Blueshift,passthrough,44.4,2026-08-27T13:13:34Z
Lex Machina,Lex Machina,passthrough,60.0,2026-08-27T13:13:34Z
Langdock,Langdock,passthrough,58.8,2026-08-27T13:13:34Z
Cogna,Cogna,passthrough,54.5,2026-08-27T13:13:34Z
Viggle AI,Viggle AI,passthrough,66.7,2026-08-27T13:13:34Z
Civitai,Civitai,passthrough,63.2,2026-08-27T13:13:34Z
AROS,AROS,passthrough,50.0,2026-08-27T13:13:34Z
Receiptor AI,Receiptor AI,passthrough,66.7,2026-08-27T13:13:34Z
Cactus Interior,Cactus Interior,passthrough,53.8,2026-08-27T13:13:34Z
CGDream,CGDream,passthrough,57.1,2026-08-27T13:13:34Z
Spikes Studio,Spikes Studio,passthrough,50.0,2026-08-27T13:13:34Z
Stunning,Stunning,passthrough,53.3,2026-08-27T13:13:34Z
AppDeploy,AppDeploy,passthrough,57.1,2026-08-27T13:13:34Z
Squirrly SEO,Squirrly SEO,passthrough,43.5,2026-08-27T13:13:34Z
Jammable,Jammable,passthrough,50.0,2026-08-27T13:13:34Z
VidAU,VidAU,passthrough,46.2,2026-08-27T13:13:34Z
Photosonic AI,Photosonic AI,passthrough,66.7,2026-08-27T13:13:34Z
TollBit,TollBit,passthrough,50.0,2026-08-27T13:13:34Z
Hyperbound,Hyperbound,passthrough,44.4,2026-08-27T13:13:34Z
Baby AGI,Baby AGI,passthrough,60.0,2026-08-27T13:13:34Z
Dora AI,Dora AI,passthrough,71.4,2026-08-27T13:13:34Z
PDNob Image Translator,PDNob Image Translator,passthrough,43.2,2026-08-27T13:13:34Z
OneReach.ai,OneReach.ai,passthrough,66.7,2026-08-27T13:13:34Z
Insta Headshots,Insta Headshots,passthrough,48.0,2026-08-27T13:13:34Z
Intenseye,Intenseye,passthrough,58.8,2026-08-27T13:13:34Z
CodeGeeX,CodeGeeX,passthrough,57.1,2026-08-27T13:13:34Z
Fitbod,Fitbod,passthrough,40.0,2026-08-27T13:13:34Z
Boomy,Boomy,passthrough,46.2,2026-08-27T13:13:34Z
Magic Travel,Magic Travel,passthrough,63.6,2026-08-27T13:13:34Z
Reclaim,Reclaim,passthrough,57.1,2026-08-27T13:13:34Z
Namelix,Namelix,passthrough,54.5,2026-08-27T13:13:34Z
SellerPic,SellerPic,passthrough,50.0,2026-08-27T13:13:34Z
OnlyDoc,OnlyDoc,passthrough,46.2,2026-08-27T13:13:34Z
We Made A Story,We Made A Story,passthrough,48.5,2026-08-27T13:13:34Z
Avatar AI,Avatar AI,passthrough,66.7,2026-08-27T13:13:34Z
Cala,Cala,passthrough,72.7,2026-08-27T13:13:34Z
Preswald,Preswald,passthrough,50.0,2026-08-27T13:13:34Z
B12,B12,passthrough,33.3,2026-08-27T13:13:34Z
ShortMake,ShortMake,passthrough,53.3,2026-08-27T13:13:34Z
SEOWriting AI,SEOWriting AI,passthrough,66.7,2026-08-27T13:13:34Z
Osam AI,Osam AI,passthrough,66.7,2026-08-27T13:13:34Z
Sigma AI Browser,Sigma AI Browser,passthrough,66.7,2026-08-27T13:13:34Z
Gnomi App,Gnomi App,passthrough,50.0,2026-08-27T13:13:34Z
Photo Editor AI,Photo Editor AI,passthrough,66.7,2026-08-27T13:13:34Z
Patterned AI,Patterned AI,passthrough,66.7,2026-08-27T13:13:34Z
ChatGPT,ChatGPT,passthrough,50.0,2026-08-27T13:13:34Z
DeepChecks,DeepChecks,passthrough,51.6,2026-08-27T13:13:34Z
AutoCut,AutoCut,passthrough,50.0,2026-08-27T13:13:34Z
Paraflow,Paraflow,passthrough,44.4,2026-08-27T13:13:34Z
Shortwave,Shortwave,passthrough,57.1,2026-08-27T13:13:34Z
MagicTrips,MagicTrips,passthrough,52.6,2026-08-27T13:13:34Z
Conker,Conker,passthrough,66.7,2026-08-27T13:13:34Z
Artlist,Artlist,passthrough,52.6,2026-08-27T13:13:34Z
Kubiya,Kubiya,passthrough,47.1,2026-08-27T13:13:34Z
Soniox Speech-to-Text,Soniox Speech-to-Text,passthrough,41.2,2026-08-27T13:13:34Z
Anthropic,Anthropic,exact,100.0,2026-08-27T13:13:34Z
OpenAI,OpenAI,exact,100.0,2026-08-27T13:13:34Z
Databricks,Databricks,exact,100.0,2026-08-27T13:13:34Z
Figure AI,Figure AI,exact,100.0,2026-08-27T13:13:34Z
