schemaVersion,recordType,source.name,source.url,collectedAt,content.entityName,content.data.employeeCount,content.data.website,content.data.batch,content.data.status,content.data.oneLiner,content.data.tags,content.data.location,content.entityNameRaw
1.0,STARTUP,Y Combinator Directory,https://www.ycombinator.com/companies/icracked,2026-08-27T12:14:29Z,iCracked,51,http://icracked.com,Winter 2012,Acquired,On-demand smartphone repair in 3 countries and launching smart home…,,"San Francisco, CA, USA; Redwood City, CA, USA",
1.0,STARTUP,Y Combinator Directory,https://www.ycombinator.com/companies/booksolid,2026-08-27T12:14:29Z,BookSolid,,http://booksolid.com,Winter 2012,Inactive,BookSolid is the opentable for tour operators.,Marketplace; Travel,,
1.0,STARTUP,Y Combinator Directory,https://www.ycombinator.com/companies/marft,2026-08-27T12:14:29Z,Marft,3,http://marft.com,Winter 2012,Inactive,Marft creates embeddable machine learning models for application…,Developer Tools; Machine Learning,,
1.0,STARTUP,Y Combinator Directory,https://www.ycombinator.com/companies/matterport,2026-08-27T12:14:29Z,Matterport,201,http://matterport.com,Winter 2012,Public,Turn physical objects and environments into 3D models in seconds.,Computer Vision,"San Francisco, CA, USA; Sunnyvale, CA, USA",
1.0,STARTUP,Y Combinator Directory,https://www.ycombinator.com/companies/shoptiques,2026-08-27T12:14:29Z,Shoptiques,51,http://shoptiques.com,Winter 2012,Active,Shoptiques.com lets you shop the world's best local boutiques online.,E-Commerce; Retail; Fashion,"New York City, NY, USA; New York, NY, USA",
1.0,STARTUP,Y Combinator Directory,https://www.ycombinator.com/companies/tilt,2026-08-27T12:14:29Z,Tilt,51,http://tilt.com,Winter 2012,Acquired,"Mobile crowdfunding: The easiest way to collect, fundraise, and sell…",Crowdfunding,"San Francisco, CA, USA",
1.0,STARTUP,Y Combinator Directory,https://www.ycombinator.com/companies/flutter,2026-08-27T12:14:29Z,Flutter,2,http://flutterapp.com,Winter 2012,Acquired,Flutter combined computer vision technology with the built-in webcams…,Computer Vision,"Los Angeles, CA, USA; Santa Monica, CA, USA",
1.0,STARTUP,Y Combinator Directory,https://www.ycombinator.com/companies/yourmechanic,2026-08-27T12:14:29Z,YourMechanic,115,http://yourmechanic.com,Winter 2012,Acquired,"Car Repairs, Reinvented:a. Mechanic comes to your home or work to fix…",Automotive,"San Francisco, CA, USA; Mountain View, CA, USA",
1.0,STARTUP,Y Combinator Directory,https://www.ycombinator.com/companies/glider,2026-08-27T12:14:29Z,Glider,2,http://glider.io,Winter 2012,Inactive,We filter distracting emails away from your inbox.,Productivity; Email,"Portland, OR, USA",
1.0,STARTUP,Y Combinator Directory,https://www.ycombinator.com/companies/givespark,2026-08-27T12:14:29Z,GiveSpark,1,http://givespark.com/,Winter 2012,Inactive,Givespark was a celebrity charity fundraising platform,Nonprofit; Fundraising,"San Francisco, CA, USA; Palo Alto, CA, USA",
1.0,STARTUP,Y Combinator Directory,https://www.ycombinator.com/companies/shopular,2026-08-27T12:14:29Z,Shopular,11,http://shopular.com,Winter 2012,Acquired,"Deals, Coupons & Cash Back for your favorite stores.",E-Commerce; Retail,"San Francisco, CA, USA; Redwood City, CA, USA",
1.0,STARTUP,Y Combinator Directory,https://www.ycombinator.com/companies/streak,2026-08-27T12:14:29Z,Streak,35,http://streak.com,Summer 2011,Active,Streak transforms Gmail into a powerful CRM,SaaS,"San Francisco, CA, USA; Remote",
1.0,STARTUP,Y Combinator Directory,https://www.ycombinator.com/companies/agilemd,2026-08-27T12:14:29Z,AgileMD,19,https://agilemd.com,Summer 2011,Active,Predictive analytics and clinical pathways for hospitals ,Machine Learning; Healthcare,"San Francisco, CA, USA; Remote",
1.0,STARTUP,Y Combinator Directory,https://www.ycombinator.com/companies/zenbox,2026-08-27T12:14:29Z,Zenbox,2,http://zenboxapp.com,Summer 2011,Inactive,"Brings dozens of SaaS's (Mailchimp, Stripe, Shopify, Salesforce,…",SaaS; Productivity; Email,"San Francisco, CA, USA",
1.0,STARTUP,Y Combinator Directory,https://www.ycombinator.com/companies/sift,2026-08-27T12:14:29Z,Sift,,https://sift.com/,Summer 2011,Active,The Leader in Digital Trust & Safety,Fintech; Machine Learning; SaaS; B2B,"San Francisco, CA, USA",
1.0,STARTUP,Y Combinator Directory,https://www.ycombinator.com/companies/leadgenius,2026-08-27T12:14:29Z,LeadGenius,50,http://leadgenius.com,Summer 2011,Active,LeadGenius is an account-based marketing and lead generation…,B2B; Sales; Marketing; AI,"San Francisco, CA, USA; Berkeley, CA, USA",
1.0,STARTUP,Y Combinator Directory,https://www.ycombinator.com/companies/perfect-audience,2026-08-27T12:14:29Z,Perfect Audience,11,http://perfectaudience.com,Summer 2011,Acquired,Self-service display advertising for SaaS and online retail.,SaaS; Advertising,"San Francisco, CA, USA",
1.0,STARTUP,Y Combinator Directory,https://www.ycombinator.com/companies/userfox,2026-08-27T12:14:29Z,Userfox,2,http://userfox.com,Winter 2011,Inactive,User retention as a service.  Drip email,SaaS; Marketing,"San Francisco, CA, USA",
1.0,STARTUP,Y Combinator Directory,https://www.ycombinator.com/companies/inporia,2026-08-27T12:14:29Z,Inporia,11,http://inporia.com,Winter 2011,Inactive,Fashion shopping email list.,E-Commerce; Retail; Fashion,"San Francisco, CA, USA",
1.0,STARTUP,Y Combinator Directory,https://www.ycombinator.com/companies/beetailer,2026-08-27T12:14:29Z,Beetailer,2,http://beetailer.com,Winter 2011,Inactive,Facebook stores.,E-Commerce; Retail,"San Francisco, CA, USA; Mountain View, CA, USA",
1.0,STARTUP,Y Combinator Directory,https://www.ycombinator.com/companies/talkable,2026-08-27T12:14:29Z,Talkable,76,http://talkable.com,Winter 2011,Active,Online store referrals.,E-Commerce; Referrals,"San Francisco, CA, USA",
1.0,STARTUP,Y Combinator Directory,https://www.ycombinator.com/companies/custora,2026-08-27T12:14:29Z,Custora,11,http://custora.com,Winter 2011,Acquired,Custora is a predictive analytics platform for e-commerce marketing…,E-Commerce; Analytics; Retail Tech,"New York City, NY, USA; New York, NY, USA",
1.0,STARTUP,Y Combinator Directory,https://www.ycombinator.com/companies/humble-bundle,2026-08-27T12:14:29Z,Humble Bundle,100,https://humble.com,Winter 2011,Acquired,Pay what you want for awesome games and other content while giving to…,Entertainment; Gaming,"San Francisco, CA, USA",
1.0,STARTUP,Y Combinator Directory,https://www.ycombinator.com/companies/flotype,2026-08-27T12:14:29Z,Flotype,2,flotype.com,Winter 2011,Inactive,Third generation of web apps.,SaaS; API,"San Francisco, CA, USA; San Jose, CA, USA",
1.0,STARTUP,Y Combinator Directory,https://www.ycombinator.com/companies/fivestars,2026-08-27T12:14:29Z,Fivestars,201,http://fivestars.com,Winter 2011,Acquired,Customer loyalty and payments platform for small businesses.,Fintech; Marketplace,"San Francisco, CA, USA",
1.0,STARTUP,Y Combinator Directory,https://www.ycombinator.com/companies/mailgun,2026-08-27T12:14:29Z,Mailgun,51,http://mailgun.net,Winter 2011,Acquired,Email API service.,API; Email,"San Francisco, CA, USA",
1.0,STARTUP,Y Combinator Directory,https://www.ycombinator.com/companies/talkbin,2026-08-27T12:14:29Z,TalkBin,,http://talkbin.com,Winter 2011,Acquired,Consumer to business messaging. ,Messaging; Customer Service,"San Francisco, CA, USA; Mountain View, CA, USA",
1.0,STARTUP,Y Combinator Directory,https://www.ycombinator.com/companies/simplylisted,2026-08-27T12:14:29Z,SimplyListed,2,http://simplylisted.com,Winter 2011,Inactive,Sell your stuff.,Marketplace; Computer Vision,"New York City, NY, USA; San Francisco, CA, USA",
1.0,STARTUP,Y Combinator Directory,https://www.ycombinator.com/companies/presto,2026-08-27T12:14:29Z,Presto,200,http://presto.com,Summer 2010,Public,Digital meets physical for big chain restaurants,Food Service Robots & Machines; Restaurant Tech,"San Francisco, CA, USA; San Carlos, CA, USA",
1.0,STARTUP,Y Combinator Directory,https://www.ycombinator.com/companies/teevox,2026-08-27T12:14:29Z,Teevox,11,https://teevox.com,Summer 2010,Inactive,Teevox,AI-powered Drug Discovery,"San Francisco, CA, USA; Cupertino, CA, USA",
1.0,STARTUP,Y Combinator Directory,https://www.ycombinator.com/companies/rapportive,2026-08-27T12:14:29Z,Rapportive,2,http://rapportive.com,Summer 2010,Acquired,Add profiles to email.,Productivity; Email,"San Francisco, CA, USA",
1.0,STARTUP,Y Combinator Directory,https://www.ycombinator.com/companies/gazehawk,2026-08-27T12:14:29Z,GazeHawk,2,http://gazehawk.com,Summer 2010,Acquired,Eyetracking using webcams.,Computer Vision,"San Francisco, CA, USA; Mountain View, CA, USA",
1.0,STARTUP,Y Combinator Directory,https://www.ycombinator.com/companies/post-fm,2026-08-27T12:14:29Z,Post.fm,,http://post.fm,Summer 2010,Inactive,New email inbox.,Email,"London, England, United Kingdom; Remote",
1.0,STARTUP,Y Combinator Directory,https://www.ycombinator.com/companies/mertado,2026-08-27T12:14:29Z,Mertado,1,http://mertado.com,Winter 2010,Acquired,,,"San Francisco, CA, USA; Redwood City, CA, USA",
1.0,STARTUP,Y Combinator Directory,https://www.ycombinator.com/companies/500friends,2026-08-27T12:14:29Z,500Friends,51,http://500friends.com,Winter 2010,Acquired,the best loyalty and retention marketing partner for CMOs. ,Marketing,"San Francisco, CA, USA",
1.0,STARTUP,Y Combinator Directory,https://www.ycombinator.com/companies/fabricly,2026-08-27T12:14:29Z,Fabricly,2,http://fabricly.com,Winter 2010,Inactive,,,"New York City, NY, USA; New York, NY, USA",
1.0,STARTUP,Y Combinator Directory,https://www.ycombinator.com/companies/fithub,2026-08-27T12:14:29Z,Fithub,,http://fithub.com,Winter 2010,Inactive,,,,
1.0,STARTUP,Y Combinator Directory,https://www.ycombinator.com/companies/directed-edge,2026-08-27T12:14:29Z,Directed Edge,2,http://directededge.com,Summer 2009,Active,Product recommendations.,Artificial Intelligence; Machine Learning; Recommendation System,"San Francisco, CA, USA",
1.0,STARTUP,Y Combinator Directory,https://www.ycombinator.com/companies/olark,2026-08-27T12:14:29Z,Olark,28,http://olark.com,Summer 2009,Active,The best live chat software on the planet.  We help you build…,Sales; Customer Service; Chat,"San Francisco, CA, USA; Ann Arbor, MI, USA",
1.0,STARTUP,Y Combinator Directory,https://www.ycombinator.com/companies/instantq,2026-08-27T12:14:29Z,Instantq,2,http://instantq.com,Summer 2009,Inactive,,,"San Francisco, CA, USA",
1.0,STARTUP,Y Combinator Directory,https://www.ycombinator.com/companies/wattvision,2026-08-27T12:14:29Z,Wattvision,,http://www.wattvision.com,Winter 2009,Inactive,Sensors and software for energy tracking. Like 'fitbit' for your…,Sustainability,"Princeton, NJ, USA; Remote",
1.0,STARTUP,Y Combinator Directory,https://www.ycombinator.com/companies/volantio,2026-08-27T12:14:29Z,Volantio,19,http://www.volantio.com,Winter 2009,Active,Post-booking revenue and capacity optimization for airlines…,Airlines,"Atlanta, GA, USA",
1.0,STARTUP,Y Combinator Directory,https://www.ycombinator.com/companies/remail,2026-08-27T12:14:29Z,reMail,1,http://remail.com,Winter 2009,Acquired,Email search for iPhone. Acquired by Google in Feb 2010.,Email,"CA, USA",
1.0,STARTUP,Y Combinator Directory,https://www.ycombinator.com/companies/posterous,2026-08-27T12:14:29Z,Posterous,11,http://posterous.com,Summer 2008,Acquired,Dead simple blogs by email,Email,"San Francisco, CA, USA",
1.0,STARTUP,Y Combinator Directory,https://www.ycombinator.com/companies/frogmetrics,2026-08-27T12:14:29Z,Frogmetrics,2,http://frogmetrics.com,Summer 2008,Inactive,,,"New York City, NY, USA; Brooklyn, NY, USA",
1.0,STARTUP,Y Combinator Directory,https://www.ycombinator.com/companies/justspotted,2026-08-27T12:14:29Z,JustSpotted,2,http://justspotted.com,Summer 2008,Acquired,Acquired by Google in 2011,Artificial Intelligence; ML,"San Francisco, CA, USA; Copenhagen, Denmark",
1.0,STARTUP,Y Combinator Directory,https://www.ycombinator.com/companies/claimspotting,2026-08-27T12:14:29Z,Claimspotting,,http://urbantakeover.at,Summer 2008,Inactive,Claim and conquer your city,Proptech,Remote,
1.0,STARTUP,Y Combinator Directory,https://www.ycombinator.com/companies/zenter,2026-08-27T12:14:29Z,Zenter,2,https://googleblog.blogspot.com/2007/06/more-sharing.html,Winter 2007,Acquired,Zenter is the gmail of slides,Documents; SaaS; B2B; Productivity,"San Francisco, CA, USA; Mountain View, CA, USA",
1.0,STARTUP,Y Combinator Directory,https://www.ycombinator.com/companies/scribd,2026-08-27T12:14:29Z,Scribd,300,http://scribd.com,Summer 2006,Active,World's largest online library.,AI-Enhanced Learning; Remote Work; Edtech,"San Francisco, CA, USA",
1.0,STARTUP,Y Combinator Directory,https://www.ycombinator.com/companies/twitch,2026-08-27T12:14:29Z,Twitch,2000,http://twitch.com,Winter 2007,Acquired,A global community creating the future of live entertainment.,Community; Gaming; Social Media; Video; Social Network,"San Francisco, CA, USA",
1.0,STARTUP,Y Combinator Directory,https://www.ycombinator.com/companies/zeromailer,2026-08-27T12:14:29Z,ZeroMailer,2,http://zeromailer.com,Summer 2012,Acquired,Easy mailing lists,Email,,
1.0,STARTUP,Y Combinator Directory,https://www.ycombinator.com/companies/canopy-labs,2026-08-27T12:14:29Z,Canopy Labs,11,http://canopylabs.com,Summer 2012,Inactive,Canopy Labs automates customer analytics for small and medium-sized…,Artificial Intelligence; Analytics; Marketing; CRM,"New York City, NY, USA; New York, NY, USA",
1.0,STARTUP,Y Combinator Directory,https://www.ycombinator.com/companies/zentail,2026-08-27T12:14:29Z,Zentail,30,https://zentail.com,Summer 2012,Active,We're making ecommerce simple connecting brands with sales channels,SaaS; E-commerce,"Columbia, MD, USA",
1.0,STARTUP,Y Combinator Directory,https://www.ycombinator.com/companies/soylent,2026-08-27T12:14:29Z,Soylent,51,http://soylent.com,Summer 2012,Acquired,"Soylent is a simple, nutritious, and affordable food that possesses…",Sustainability; Food Tech,"Los Angeles, CA, USA",
1.0,STARTUP,Y Combinator Directory,https://www.ycombinator.com/companies/vayable,2026-08-27T12:14:29Z,Vayable,2,http://vayable.com,Summer 2012,Acquired,We're building a marketplace for unique travel experiences (it's…,Education; Marketplace; Sustainable Tourism,"San Francisco, CA, USA",
1.0,STARTUP,Y Combinator Directory,https://www.ycombinator.com/companies/hipset,2026-08-27T12:14:29Z,Hipset,,http://tracksby.com,Summer 2012,Inactive,The best way for artists to release new music and videos.,Entertainment; Video; Music,,
1.0,STARTUP,Y Combinator Directory,https://www.ycombinator.com/companies/keychain-logistics,2026-08-27T12:14:29Z,Keychain Logistics,2,http://keychainlogistics.com,Summer 2012,Inactive,Software that connects the supply side of companies that ship product…,Logistics; Supply Chain,"San Francisco, CA, USA",
1.0,STARTUP,Y Combinator Directory,https://www.ycombinator.com/companies/tastemaker,2026-08-27T12:14:29Z,Tastemaker,11,http://tastemaker.com,Summer 2012,Inactive,Interior design marketplace and online retailer,Design Tools,"San Francisco, CA, USA; Remote",
1.0,STARTUP,Y Combinator Directory,https://www.ycombinator.com/companies/celery,2026-08-27T12:14:29Z,Celery,11,https://trycelery.com,Summer 2012,Inactive,Celery is a platform for pre-orders (www.trycelery.com). Accept…,E-Commerce; Crowdfunding,"San Francisco, CA, USA",
1.0,STARTUP,Y Combinator Directory,https://www.ycombinator.com/companies/getgoing,2026-08-27T12:14:29Z,GetGoing,11,http://getgoing.com,Summer 2012,Inactive,"We are building a ""transparent opaque"" airfare and hotel booking site…",Travel; Booking,"San Francisco, CA, USA; Redwood City, CA, USA",
1.0,STARTUP,Y Combinator Directory,https://www.ycombinator.com/companies/plivo,2026-08-27T12:14:29Z,Plivo,320,https://plivo.com,Summer 2012,Active,"Voice AI Agents for customer engagement, including WhatsApp, SMS &…",SMS; AI; AI Assistant,"Austin, TX, USA",
1.0,STARTUP,Y Combinator Directory,https://www.ycombinator.com/companies/thread,2026-08-27T12:14:29Z,Thread,92,http://thread.com,Summer 2012,Inactive,"Thread makes it incredibly easy to dress well, using stylists and AI",E-commerce; Retail; Fashion,"London, England, United Kingdom",
1.0,STARTUP,Y Combinator Directory,https://www.ycombinator.com/companies/styleup,2026-08-27T12:14:29Z,StyleUp,10,http://thestyleup.com,Winter 2013,Active,"StyleUp brings effortless joy to getting dressed with daily,…",Fashion,"San Francisco, CA, USA",
1.0,STARTUP,Y Combinator Directory,https://www.ycombinator.com/companies/swish,2026-08-27T12:14:29Z,Swish,2,http://swish.com,Winter 2013,Inactive,Kickstarter for physical products.  Shop exclusive product launches.,Hardware; E-Commerce,"San Francisco, CA, USA; Palo Alto, CA, USA",
1.0,STARTUP,Y Combinator Directory,https://www.ycombinator.com/companies/cheetah,2026-08-27T12:14:29Z,Cheetah,2,http://gocheetah.com,Winter 2013,Active,"Fastest, easiest, and most affordable way for small business owners…",Logistics; Supply Chain,"San Francisco, CA, USA",
1.0,STARTUP,Y Combinator Directory,https://www.ycombinator.com/companies/radar,2026-08-27T12:14:29Z,RADAR,120,https://goradar.com,Winter 2013,Active,RADAR is building technology to completely transform the in-store…,Retail Tech; AI,"New York City, NY, USA",
1.0,STARTUP,Y Combinator Directory,https://www.ycombinator.com/companies/beatdeck,2026-08-27T12:14:29Z,BeatDeck,2,http://beatdeck.com,Winter 2013,Inactive,"Music, Metrics... Meritocracy. 
(Upload Music, Connect your Social…",Social Media; Music,"Atlanta, GA, USA",
1.0,STARTUP,Y Combinator Directory,https://www.ycombinator.com/companies/flightcar,2026-08-27T12:14:29Z,FlightCar,51,http://flightcar.com,Winter 2013,Inactive,"FlightCar is the Airbnb of Car Rentals at Airports.
We allow people…",Marketplace,"San Francisco, CA, USA",
1.0,STARTUP,Y Combinator Directory,https://www.ycombinator.com/companies/semantics3,2026-08-27T12:14:29Z,Semantics3,25,http://www.semantics3.com,Winter 2013,Acquired,Data and AI platform for Ecommerce & Cross-Border Logistics,Artificial Intelligence; Logistics; E-commerce,"San Francisco, CA, USA",
1.0,STARTUP,Y Combinator Directory,https://www.ycombinator.com/companies/teespring,2026-08-27T12:14:29Z,Teespring,201,http://teespring.com,Winter 2013,Acquired,IMPORTANT: The original YC founders are no longer involved with this…,Marketplace; E-Commerce; Retail,"San Francisco, CA, USA",
1.0,STARTUP,Y Combinator Directory,https://www.ycombinator.com/companies/airware,2026-08-27T12:14:29Z,Airware,51,http://airware.com,Winter 2013,Inactive,Airware provides end-to-end solutions that enable enterprises to…,Drones; Enterprise,"San Francisco, CA, USA",
1.0,STARTUP,Y Combinator Directory,https://www.ycombinator.com/companies/posmetrics,2026-08-27T12:14:29Z,Posmetrics,2,http://posmetrics.com,Winter 2013,Inactive,Ultra-short feedback surveys on tablets mounted in businesses. Higher…,Analytics,"San Francisco, CA, USA; Cupertino, CA, USA",
1.0,STARTUP,Y Combinator Directory,https://www.ycombinator.com/companies/crowdery,2026-08-27T12:14:29Z,Crowdery,2,http://crowdery.com,Summer 2013,Inactive,"[Now Clara, YC S14- claralabs.com]",Education; eLearning,"San Francisco, CA, USA",
1.0,STARTUP,Y Combinator Directory,https://www.ycombinator.com/companies/easypost,2026-08-27T12:14:29Z,EasyPost,51,http://easypost.com,Summer 2013,Active,The shipping infrastructure of the internet.,Logistics; Supply Chain,"San Francisco, CA, USA; Remote",
1.0,STARTUP,Y Combinator Directory,https://www.ycombinator.com/companies/estimote-inc,2026-08-27T12:14:29Z,"Estimote, Inc.",40,http://estimote.com,Summer 2013,Active,Location intelligence platform,Developer Tools; Indoor Mapping; IoT,"Kraków, Lesser Poland Voivodeship, Poland",
1.0,STARTUP,Y Combinator Directory,https://www.ycombinator.com/companies/hum,2026-08-27T12:14:29Z,Hum,11,http://letshum.com,Summer 2013,Inactive,"A chat program that integrates with email, with presence.",Productivity; Messaging,"San Francisco, CA, USA",
1.0,STARTUP,Y Combinator Directory,https://www.ycombinator.com/companies/cratejoy,2026-08-27T12:14:29Z,Cratejoy,51,http://cratejoy.com,Summer 2013,Active,Cratejoy is the platform for subscriptions,Subscriptions,"Austin, TX, USA",
1.0,STARTUP,Y Combinator Directory,https://www.ycombinator.com/companies/casetext,2026-08-27T12:14:29Z,Casetext,50,http://casetext.com,Summer 2013,Acquired,We make the world's laws free and understandable. ,Artificial Intelligence; Legal,"San Francisco, CA, USA; Remote",
1.0,STARTUP,Y Combinator Directory,https://www.ycombinator.com/companies/localon,2026-08-27T12:14:29Z,LocalOn,2,http://localon.com,Summer 2013,Inactive,Web marketing for SMBs & merchants associations.,Marketing; SMB,"San Francisco, CA, USA",
1.0,STARTUP,Y Combinator Directory,https://www.ycombinator.com/companies/lob,2026-08-27T12:14:29Z,Lob,150,http://lob.com,Summer 2013,Active,Lob is the only automation platform that transforms direct mail into…,Automation,"New York City, NY, USA; San Francisco, CA, USA",
1.0,STARTUP,Y Combinator Directory,https://www.ycombinator.com/companies/butter-systems,2026-08-27T12:14:29Z,Butter Systems,2,http://buttersystems.com,Summer 2013,Inactive,Replacing the paper restaurant menu with an interactive experience at…,Digital Health; Restaurant Tech,"San Francisco, CA, USA",
1.0,STARTUP,Y Combinator Directory,https://www.ycombinator.com/companies/42,2026-08-27T12:14:29Z,42,,https://42technologies.com,Winter 2014,Active,Analytics stack for omnichannel retailers and brands,SaaS; Analytics; Retail,"San Francisco, CA, USA",
1.0,STARTUP,Y Combinator Directory,https://www.ycombinator.com/companies/airhelp,2026-08-27T12:14:29Z,AirHelp,350,http://www.airhelp.com,Winter 2014,Active,"AirHelp helps air passengers get compensation for delayed, cancelled…",,"Lisbon, Lisbon, Portugal; Remote",
1.0,STARTUP,Y Combinator Directory,https://www.ycombinator.com/companies/two-tap,2026-08-27T12:14:29Z,Two Tap,11,http://twotap.com,Winter 2014,Acquired,Two Tap connects retailers to companies that want to sell their…,E-commerce; Retail,"San Francisco, CA, USA",
1.0,STARTUP,Y Combinator Directory,https://www.ycombinator.com/companies/noora-health,2026-08-27T12:14:29Z,Noora Health,500,http://noorahealth.org,Winter 2014,Active,Training patients and their families with health skills,Consumer Health Services,"Traverse City, MI, USA",
1.0,STARTUP,Y Combinator Directory,https://www.ycombinator.com/companies/threadable,2026-08-27T12:14:29Z,Threadable,2,http://threadable.com,Winter 2014,Inactive,"Mailing lists 2.0. 
Threadable makes group email less noisy and more…",Messaging; Email,"San Francisco, CA, USA",
1.0,STARTUP,Y Combinator Directory,https://www.ycombinator.com/companies/cruise,2026-08-27T12:14:29Z,Cruise,3000,http://getcruise.com,Winter 2014,Acquired,Self-driving cars.,Autonomous Delivery; Machine Learning; Climate; AI; Self-Driving Vehicles,"San Francisco, CA, USA",
1.0,STARTUP,Y Combinator Directory,https://www.ycombinator.com/companies/eventjoy,2026-08-27T12:14:29Z,Eventjoy,2,http://eventjoy.com,Winter 2014,Acquired,"Fee-free ticketing, optimized for mobile.",Ticketing,"San Francisco, CA, USA",
1.0,STARTUP,Y Combinator Directory,https://www.ycombinator.com/companies/flexport,2026-08-27T12:14:29Z,Flexport,3000,https://www.flexport.com/careers/jobs/,Winter 2014,Active,Platform for global logistics.,SaaS; Logistics; Supply Chain,"San Francisco, CA, USA",
1.0,STARTUP,Y Combinator Directory,https://www.ycombinator.com/companies/emailio,2026-08-27T12:14:29Z,Emailio,5,http://emailio.com,Winter 2014,Active,Email built for wellness,Productivity; Health & Wellness,Remote,
1.0,STARTUP,Y Combinator Directory,https://www.ycombinator.com/companies/theorem,2026-08-27T12:14:29Z,Theorem,34,http://theoremlp.com,Winter 2014,Acquired,The mission of Theorem is to make credit safe and available. We use…,Fintech; Machine Learning,"San Francisco, CA, USA",
1.0,STARTUP,Y Combinator Directory,https://www.ycombinator.com/companies/liftigniter,2026-08-27T12:14:29Z,Liftigniter,11,http://liftigniter.com/,Winter 2014,Acquired,Machine Learning personalization for dynamic digital properties -…,Machine Learning; Personalization,"San Francisco, CA, USA",
1.0,STARTUP,Y Combinator Directory,https://www.ycombinator.com/companies/rickshaw,2026-08-27T12:14:29Z,Rickshaw,11,http://gorickshaw.com,Winter 2014,Acquired,"Same day local delivery, via API. Currently operating in SF.",Delivery; Logistics; API,"San Francisco, CA, USA",
1.0,STARTUP,Y Combinator Directory,https://www.ycombinator.com/companies/shoobs,2026-08-27T12:14:29Z,Shoobs,5,http://shoobs.com,Winter 2014,Active,We help you find and book tickets to great entertainment events that…,Marketplace,"London, England, United Kingdom",
1.0,STARTUP,Y Combinator Directory,https://www.ycombinator.com/companies/shopagram,2026-08-27T12:14:29Z,Shopagram,1,http://shopagram.co,Winter 2014,Inactive,Next Generation Home Shopping Network,E-Commerce; Retail,,
1.0,STARTUP,Y Combinator Directory,https://www.ycombinator.com/companies/unicornly,2026-08-27T12:14:29Z,Unicornly,2,https://unicorn.ly,Winter 2014,Inactive,Unicorn.ly makes fundraising more efficient for both angel investors…,Fintech; Investing,"San Francisco, CA, USA; Palo Alto, CA, USA",
1.0,STARTUP,Y Combinator Directory,https://www.ycombinator.com/companies/wit-ai,2026-08-27T12:14:29Z,Wit.ai,11,http://wit.ai,Winter 2014,Acquired,Natural Language for Developers --Wit is an API that makes it easy…,Developer Tools; NLP; APIs,"San Francisco, CA, USA; Palo Alto, CA, USA",
1.0,STARTUP,Y Combinator Directory,https://www.ycombinator.com/companies/zinc,2026-08-27T12:14:29Z,Zinc,10,http://zinc.com,Winter 2014,Active,The secret backbone of e-commerce. ,E-commerce,"San Francisco, CA, USA",
1.0,STARTUP,Y Combinator Directory,https://www.ycombinator.com/companies/gobble,2026-08-27T12:14:29Z,Gobble,73,http://gobble.com,Winter 2014,Acquired,"Daily meal delivery, personalized to your tastes.",Subscriptions,"San Francisco, CA, USA; Palo Alto, CA, USA",
1.0,STARTUP,Y Combinator Directory,https://www.ycombinator.com/companies/unbabel,2026-08-27T12:14:29Z,Unbabel,350,http://unbabel.com,Winter 2014,Acquired,AI-powered Language Operations platform,,"San Francisco, CA, USA; Lisbon, Lisbon, Portugal; London, England, United Kingdom; Pittsburgh, PA, USA; Timișoara, TM, Romania; Cebu City, Central Visayas, Philippines",
1.0,STARTUP,Y Combinator Directory,https://www.ycombinator.com/companies/mixerbox,2026-08-27T12:14:29Z,MixerBox,30,http://mixerbox.com,Winter 2014,Active,AI Super-Apps to Live Easier | The anything anytime superapps…,Generative AI; Consumer; Productivity; AI,"Los Angeles, CA, USA",
1.0,STARTUP,Y Combinator Directory,https://www.ycombinator.com/companies/opencurriculum,2026-08-27T12:14:29Z,OpenCurriculum,,https://opencurriculum.org,Winter 2014,Active,Helping K-12 teachers and school administrators build awesome…,Artificial Intelligence; Education,"Sacramento, CA, USA; Mountain View, CA, USA",
1.0,STARTUP,Y Combinator Directory,https://www.ycombinator.com/companies/dyspatch,2026-08-27T12:14:29Z,Dyspatch,20,https://www.dyspatch.io,Winter 2014,Active,"AI Email Production - Emails on brand, guaranteed to work, fast.",SaaS; B2B,"Victoria, BC, Canada; Remote",
1.0,STARTUP,Y Combinator Directory,https://www.ycombinator.com/companies/whirlscape,2026-08-27T12:14:29Z,Whirlscape,3,http://getdango.com,Winter 2014,Inactive,Mobile keyboards + emoji + deep learning. We make Dango. We also made…,Deep Learning,"Toronto, ON, Canada",
1.0,STARTUP,Y Combinator Directory,https://www.ycombinator.com/companies/springwit,2026-08-27T12:14:29Z,SpringWit,,http://springwit.com,Summer 2014,Inactive,Brain health and awareness,Neurotechnology; Health Tech,,
1.0,STARTUP,Y Combinator Directory,https://www.ycombinator.com/companies/checkr,2026-08-27T12:14:29Z,Checkr,800,http://www.checkr.com,Summer 2014,Active,People infrastructure for the future of work,Artificial Intelligence; Compliance; HR Tech; API; Enterprise Software,"San Francisco, CA, USA",
1.0,STARTUP,Y Combinator Directory,https://www.ycombinator.com/companies/persistiq,2026-08-27T12:14:29Z,PersistIQ,10,http://www.persistiq.com,Summer 2014,Acquired,PersistIQ is a free email automation platform to send a small batch…,SaaS; B2B,"San Francisco, CA, USA; San Mateo, CA, USA; Remote",
1.0,STARTUP,Y Combinator Directory,https://www.ycombinator.com/companies/flytenow,2026-08-27T12:14:29Z,Flytenow,3,http://flytenow.com,Summer 2014,Inactive,Ride sharing for small planes,Air Taxis,"San Francisco, CA, USA; Remote",
1.0,STARTUP,Y Combinator Directory,https://www.ycombinator.com/companies/govpredict,2026-08-27T12:14:29Z,GovPredict,60,http://govpredict.com,Summer 2014,Acquired,The system of record for government affairs.,SaaS; GovTech; B2B,"Washington, DC, USA; Remote",
1.0,STARTUP,Y Combinator Directory,https://www.ycombinator.com/companies/vizeralabs,2026-08-27T12:14:29Z,VizeraLabs,2,http://vizeralabs.com,Summer 2014,Inactive,Augmented reality through projectors,Augmented Reality; Computer Vision,"San Francisco, CA, USA",
1.0,STARTUP,Y Combinator Directory,https://www.ycombinator.com/companies/mtailor,2026-08-27T12:14:29Z,MTailor,11,http://mtailor.com,Summer 2014,Active,Get measured by your phone in under 30 seconds for perfect fitting…,Machine Learning; E-commerce; Apparel,"Salt Lake City, UT, USA; San Francisco, CA, USA",
1.0,STARTUP,Y Combinator Directory,https://www.ycombinator.com/companies/naytev,2026-08-27T12:14:29Z,Naytev,3,http://naytev.com,Summer 2014,Inactive,Naytev automates paid and organic social media management in one place,SaaS; Social Media; Marketing,"San Francisco, CA, USA; Remote",
1.0,STARTUP,Y Combinator Directory,https://www.ycombinator.com/companies/neptune-io,2026-08-27T12:14:29Z,Neptune.io,11,http://neptune.io,Summer 2014,Inactive,A self-healing platform to enrich and fix server alerts automatically,AIOps; DevOps; Monitoring,"San Francisco, CA, USA",
1.0,STARTUP,Y Combinator Directory,https://www.ycombinator.com/companies/picnicai,2026-08-27T12:14:29Z,PicnicAI,100,https://picnic.ai,Summer 2014,Active,Intelligence to accelerate human health.,Machine Learning; Health Tech; Digital Health; Healthcare; NLP,"San Francisco, CA, USA",
1.0,STARTUP,Y Combinator Directory,https://www.ycombinator.com/companies/usergems,2026-08-27T12:14:29Z,UserGems,100,https://www.usergems.com,Summer 2014,Active,The AI Command Center for outbound and ABM,B2B; Sales,Austria; Remote,
1.0,STARTUP,Y Combinator Directory,https://www.ycombinator.com/companies/shipbob,2026-08-27T12:14:29Z,ShipBob,1,http://shipbob.com,Summer 2014,Active,Providing Amazon level logistics to e-commerce businesses. ,Logistics; E-commerce,"Chicago, IL, USA",
1.0,STARTUP,Y Combinator Directory,https://www.ycombinator.com/companies/salessift,2026-08-27T12:14:29Z,SalesSift,2,https://salessift.com,Summer 2014,Inactive,Intelligent Lead Sourcing,Artificial Intelligence; Machine Learning; Sales; Marketing; CRM,"London, England, United Kingdom",
1.0,STARTUP,Y Combinator Directory,https://www.ycombinator.com/companies/hive,2026-08-27T12:14:29Z,Hive,65,http://www.hive.co,Summer 2014,Active,"Marketing automation for event promoters (email, sms, ads, CRM)",SaaS; CRM; SMS; Email,"Kitchener, ON, Canada; Remote",
1.0,STARTUP,Y Combinator Directory,https://www.ycombinator.com/companies/tule,2026-08-27T12:14:29Z,Tule,8,http://tuletechnologies.com,Summer 2014,Acquired,Help farmers make irrigation decisions with sensors / computer vision ,Cellular Agriculture; Machine Learning; IoT,"Davis, CA, USA",
1.0,STARTUP,Y Combinator Directory,https://www.ycombinator.com/companies/weave-2,2026-08-27T12:14:29Z,Weave,11,http://weave.in,Summer 2014,Inactive,AI-assisted professional networking.,Artificial Intelligence,"San Francisco, CA, USA",
1.0,STARTUP,Y Combinator Directory,https://www.ycombinator.com/companies/whirl,2026-08-27T12:14:29Z,Whirl,2,http://getwhirl.com,Summer 2014,Inactive,Pay instantly with your fingerprint.,Biometrics; Payments,"San Francisco, CA, USA; South San Francisco, CA, USA",
1.0,STARTUP,Y Combinator Directory,https://www.ycombinator.com/companies/qventus,2026-08-27T12:14:29Z,Qventus,230,http://qventus.com,Winter 2015,Active,We automate operations for hospitals and health systems,Artificial Intelligence; SaaS; Digital Health; Healthcare,"San Francisco, CA, USA; Remote",
1.0,STARTUP,Y Combinator Directory,https://www.ycombinator.com/companies/pomello,2026-08-27T12:14:29Z,Pomello,8,http://pomello.com,Winter 2015,Acquired,Analytics software that helps companies measure organizational…,Machine Learning; SaaS,"San Francisco, CA, USA",
1.0,STARTUP,Y Combinator Directory,https://www.ycombinator.com/companies/20n,2026-08-27T12:14:29Z,20n,2,http://20n.com,Winter 2015,Inactive,Using AI to predict biochemistry for manufacturing and therapeutics,Artificial Intelligence; Biotech,"San Francisco, CA, USA",
1.0,STARTUP,Y Combinator Directory,https://www.ycombinator.com/companies/akido-labs,2026-08-27T12:14:29Z,Akido Labs,1000,http://akidolabs.com,Winter 2015,Active,Rebuilding healthcare with AI at the core,Artificial Intelligence; Deep Learning; Healthcare; AI,"Los Angeles, CA, USA",
1.0,STARTUP,Y Combinator Directory,https://www.ycombinator.com/companies/magic,2026-08-27T12:14:29Z,Magic,350,https://getmagic.com/,Winter 2015,Active,Extremely talented assistants for busy people,B2B; AI Assistant,"Washington, DC, USA; San Francisco, CA, USA; Remote",
1.0,STARTUP,Y Combinator Directory,https://www.ycombinator.com/companies/bizzy,2026-08-27T12:14:29Z,Bizzy,2,http://bizzy.io,Winter 2015,Acquired,Bizzy is omni-channel marketing for ecommerce businesses.,E-Commerce; Marketing,"San Francisco, CA, USA",
1.0,STARTUP,Y Combinator Directory,https://www.ycombinator.com/companies/numerion-labs,2026-08-27T12:14:29Z,Numerion Labs,67,https://www.numerionlabs.ai,Winter 2015,Active,Artificial intelligence for drug discovery.,AI-powered Drug Discovery; Deep Learning; Biotech; Drug discovery; Oncology,"San Francisco, CA, USA",
1.0,STARTUP,Y Combinator Directory,https://www.ycombinator.com/companies/zeitview,2026-08-27T12:14:29Z,Zeitview,200,https://www.zeitview.com/,Winter 2015,Active,Inspection software for renewable energy & sustainable infrastructure,Artificial Intelligence; Drones; B2B; Climate; Renewable Energy,"Los Angeles, CA, USA; Santa Monica, CA, USA; Remote",
1.0,STARTUP,Y Combinator Directory,https://www.ycombinator.com/companies/givemetap,2026-08-27T12:14:29Z,GiveMeTap,1,http://givemetap.com,Winter 2015,Active,We produce & sell stainless steel water bottles that enables people…,Sustainability,"London, England, United Kingdom; Remote",
1.0,STARTUP,Y Combinator Directory,https://www.ycombinator.com/companies/grubmarket,2026-08-27T12:14:29Z,GrubMarket,4548,http://grubmarket.com,Winter 2015,Active,AI-powered technology enabler and digital transformer of American…,E-commerce; Supply Chain; Food Tech; Agriculture,"San Francisco, CA, USA",
1.0,STARTUP,Y Combinator Directory,https://www.ycombinator.com/companies/platzi,2026-08-27T12:14:29Z,Platzi,123,https://platzi.com,Winter 2015,Active,Turning company knowledge into expert teams,AI-Enhanced Learning; Education; eLearning; Sales Enablement; HR Tech,"San Francisco, CA, USA",
1.0,STARTUP,Y Combinator Directory,https://www.ycombinator.com/companies/pachyderm,2026-08-27T12:14:29Z,Pachyderm,60,http://pachyderm.com,Winter 2015,Acquired,"Data Versioning, Data Pipelines, and Data Lineage",Developer Tools; Machine Learning; Data Science,"San Francisco, CA, USA",
1.0,STARTUP,Y Combinator Directory,https://www.ycombinator.com/companies/pakible,2026-08-27T12:14:29Z,Pakible,3,https://pakible.com,Winter 2015,Inactive,"We make it insanely easy to design, price, and manufacture custom…",Manufacturing,"San Francisco, CA, USA",
1.0,STARTUP,Y Combinator Directory,https://www.ycombinator.com/companies/paperspace,2026-08-27T12:14:29Z,Paperspace,50,https://www.paperspace.com,Winter 2015,Acquired,Paperspace is a cloud platform for building and scaling AI…,Machine Learning; AI,"New York City, NY, USA",
1.0,STARTUP,Y Combinator Directory,https://www.ycombinator.com/companies/buildscience,2026-08-27T12:14:29Z,BuildScience,1,http://www.buildscience.com/,Winter 2015,Active,The operating system for commercial buildings.,Sustainability; Proptech; Energy,"Niagara Falls, NY, USA; Remote",
1.0,STARTUP,Y Combinator Directory,https://www.ycombinator.com/companies/shift-messenger,2026-08-27T12:14:29Z,Shift Messenger,2,http://shiftmessenger.com,Winter 2015,Inactive,Real-time communication solution for retail and restaurant employees.,Restaurant Tech; Retail,"San Francisco, CA, USA",
1.0,STARTUP,Y Combinator Directory,https://www.ycombinator.com/companies/smarking,2026-08-27T12:14:29Z,Smarking,17,http://smarking.com,Winter 2015,Acquired,Digitize $655B parking industry,SaaS; AI,"San Francisco, CA, USA; Remote",
1.0,STARTUP,Y Combinator Directory,https://www.ycombinator.com/companies/tempo,2026-08-27T12:14:29Z,Tempo,158,https://tempo.fit/,Winter 2015,Active,Live home fitness training powered by computer vision.,Machine Learning; Consumer Health Services,"San Francisco, CA, USA",
1.0,STARTUP,Y Combinator Directory,https://www.ycombinator.com/companies/mobydish,2026-08-27T12:14:29Z,Mobydish,10,https://www.mobydish.com,Winter 2015,Acquired,"MobyDish, a tech-enabled service, allowing anyone to place a catering…",Food Service Robots & Machines; Food Tech,"Austin, TX, USA; San Francisco, CA, USA; Remote",
1.0,STARTUP,Y Combinator Directory,https://www.ycombinator.com/companies/rare-door,2026-08-27T12:14:29Z,Rare Door,2,http://raredoor.com,Winter 2015,Inactive,Empowering brick-and-mortar retailers to sell more and engage shoppers,E-Commerce; Retail,"San Francisco, CA, USA",
1.0,STARTUP,Y Combinator Directory,https://www.ycombinator.com/companies/resolve,2026-08-27T12:14:29Z,Resolve,10,https://www.resolvebim.com,Winter 2015,Active,Software to accelerate construction by finding issues in 3D BIM,Virtual Reality; Construction; Collaboration; Design Tools; AI,"New York City, NY, USA; Remote",
1.0,STARTUP,Y Combinator Directory,https://www.ycombinator.com/companies/yhat,2026-08-27T12:14:29Z,Yhat,17,https://www.yhat.com,Winter 2015,Acquired,End-to-end data science lifecycle management platform. ,Artificial Intelligence; Machine Learning; Enterprise; Data Engineering,"New York City, NY, USA; New York, NY, USA; Remote",
1.0,STARTUP,Y Combinator Directory,https://www.ycombinator.com/companies/dealyze,2026-08-27T12:14:29Z,Dealyze,6,http://dealyze.com,Winter 2015,Inactive,Dealyze helps national retailers build exceptional customer and…,Retail Tech; Retail,"San Francisco, CA, USA",
1.0,STARTUP,Y Combinator Directory,https://www.ycombinator.com/companies/giveffect,2026-08-27T12:14:29Z,Giveffect,,http://giveffect.com,Winter 2015,Active,"Fundraising, Volunteer and Donor Management SaaS for nonprofits.",SaaS; Nonprofit; B2B,"New York City, NY, USA; New York, NY, USA",
1.0,STARTUP,Y Combinator Directory,https://www.ycombinator.com/companies/meadow,2026-08-27T12:14:29Z,Meadow,14,https://getmeadow.com,Winter 2015,Active,Point of Sale and Compliance SaaS for Cannabis Dispensaries,SaaS; Cannabis,"San Francisco, CA, USA",
1.0,STARTUP,Y Combinator Directory,https://www.ycombinator.com/companies/moltin,2026-08-27T12:14:29Z,Moltin,32,https://moltin.com,Winter 2015,Acquired,eCommerce building blocks through simple APIs for websites & apps.…,Payments; E-commerce; API,"Boston, MA, USA",
1.0,STARTUP,Y Combinator Directory,https://www.ycombinator.com/companies/outbound,2026-08-27T12:14:29Z,Outbound,2,http://outbound.io,Winter 2015,Acquired,"Create automated messages -- email, iOS/Android push, SMS and web…",Messaging; Analytics; Notifications,"San Francisco, CA, USA",
1.0,STARTUP,Y Combinator Directory,https://www.ycombinator.com/companies/dabble,2026-08-27T12:14:29Z,Dabble,3,https://dabble.so,Winter 2015,Inactive,A synthetic photo studio for e-commerce,Artificial Intelligence; Augmented Reality; Computer Vision,"Toronto, ON, Canada; Remote",
1.0,STARTUP,Y Combinator Directory,https://www.ycombinator.com/companies/sigopt,2026-08-27T12:14:29Z,SigOpt,23,https://sigopt.com,Winter 2015,Acquired,SigOpt is an Optimization-as-a-Service platform that seamlessly tunes…,Machine Learning; SaaS; AI,"San Francisco, CA, USA",
1.0,STARTUP,Y Combinator Directory,https://www.ycombinator.com/companies/standard-cyborg,2026-08-27T12:14:29Z,Standard Cyborg,9,http://standardcyborg.com,Winter 2015,Inactive,"Buid, test and deploy perception applications",Machine Learning; Computer Vision; Open Source,"San Francisco, CA, USA",
1.0,STARTUP,Y Combinator Directory,https://www.ycombinator.com/companies/x-zell,2026-08-27T12:14:29Z,X-Zell,19,http://www.x-zell.com,Winter 2015,Active,"Early, pain-free cancer detection. ",Medical Devices,"Bangkok, Thailand; Düsseldorf, NRW, Germany",
1.0,STARTUP,Y Combinator Directory,https://www.ycombinator.com/companies/tara-ai,2026-08-27T12:14:29Z,Tara AI,13,http://www.tara.ai,Winter 2015,Active,"Meet Tara AI, your new engineering efficiency co-pilot.",Artificial Intelligence; Generative AI; SaaS; DevOps; AI,"San Francisco, CA, USA; San Jose, CA, USA; Remote",
1.0,STARTUP,Y Combinator Directory,https://www.ycombinator.com/companies/replika,2026-08-27T12:14:29Z,Replika,28,https://replika.ai/,Winter 2015,Active,Replika is an AI friend that you can talk to designed to make you…,Mental Health; Conversational AI,"San Francisco, CA, USA",
1.0,STARTUP,Y Combinator Directory,https://www.ycombinator.com/companies/lumi,2026-08-27T12:14:29Z,Lumi,67,https://www.lumi.com,Winter 2015,Acquired,Packaging for online brands.,E-Commerce; Supply Chain,"Los Angeles, CA, USA",
1.0,STARTUP,Y Combinator Directory,https://www.ycombinator.com/companies/mashgin,2026-08-27T12:14:29Z,Mashgin,150,http://mashgin.com,Winter 2015,Active,Self-Checkout using Computer Vision.,Artificial Intelligence; Cashierless Checkout; Deep Learning; Hardware; Computer Vision,"San Francisco, CA, USA",
1.0,STARTUP,Y Combinator Directory,https://www.ycombinator.com/companies/serica,2026-08-27T12:14:29Z,Serica,2,http://sericapay.com,Summer 2015,Inactive,Financial payment and loan services for the Medical Cannabis and…,Blockchain; Fintech; Cannabis; Healthcare,"San Francisco, CA, USA",
1.0,STARTUP,Y Combinator Directory,https://www.ycombinator.com/companies/ironclad,2026-08-27T12:14:29Z,Ironclad,700,http://ironcladapp.com,Summer 2015,Active,AI-powered contract management,SaaS; LegalTech,"San Francisco, CA, USA",
1.0,STARTUP,Y Combinator Directory,https://www.ycombinator.com/companies/assembly,2026-08-27T12:14:29Z,Assembly,12,https://asm.co/,Summer 2015,Active,Advanced manufacturing and distribution solutions (for China-based…,Logistics; Manufacturing; China,"Los Angeles, CA, USA",
1.0,STARTUP,Y Combinator Directory,https://www.ycombinator.com/companies/ross-intelligence,2026-08-27T12:14:29Z,ROSS Intelligence,30,http://rossintelligence.com,Summer 2015,Inactive,ROSS is an AI-powered legal research platform that can read and…,Artificial Intelligence; LegalTech,"San Francisco, CA, USA",
1.0,STARTUP,Y Combinator Directory,https://www.ycombinator.com/companies/snapmagic,2026-08-27T12:14:29Z,SnapMagic,23,https://www.snapmagic.com,Summer 2015,Active,AI-assisted electronics design,Developer Tools; Hardware; Marketplace; AI,"San Francisco, CA, USA",
1.0,STARTUP,Y Combinator Directory,https://www.ycombinator.com/companies/branch8,2026-08-27T12:14:29Z,Branch8,15,https://www.branch8.com,Summer 2015,Active,Branch8 helps sellers to list and manage products on e-commerce…,Marketplace; E-commerce,"Kowloon, Hong Kong",
1.0,STARTUP,Y Combinator Directory,https://www.ycombinator.com/companies/shotput,2026-08-27T12:14:29Z,Shotput,2,http://theshotput.com,Summer 2015,Inactive,Shotput (S15) develops AI and robotics to completely automate…,Robotics; Logistics; E-commerce,"San Francisco, CA, USA; Oakland, CA, USA; Remote",
1.0,STARTUP,Y Combinator Directory,https://www.ycombinator.com/companies/foxpass,2026-08-27T12:14:29Z,Foxpass,10,https://www.foxpass.com,Summer 2015,Acquired,Making enterprise security practices available for all companies.,DevSecOps,"San Francisco, CA, USA",
1.0,STARTUP,Y Combinator Directory,https://www.ycombinator.com/companies/thrive-agritech,2026-08-27T12:14:29Z,Thrive Agritech,8,http://www.thriveagritech.com,Summer 2015,Active,We design and manufacture energy efficient LED lighting fixtures for…,Vertical Farming; Agriculture; Sustainable Agriculture,"Seattle, WA, USA; New York, NY, USA; Remote",
1.0,STARTUP,Y Combinator Directory,https://www.ycombinator.com/companies/verge-genomics,2026-08-27T12:14:29Z,Verge Genomics,50,http://vergegenomics.com,Summer 2015,Active,We use human data and AI to develop better drugs faster.,,"San Francisco, CA, USA",
1.0,STARTUP,Y Combinator Directory,https://www.ycombinator.com/companies/bistrobot,2026-08-27T12:14:29Z,Bistrobot,2,http://bistrobot.com,Summer 2015,Inactive,We make robots that make sandwiches.,Food Service Robots & Machines,"San Francisco, CA, USA",
1.0,STARTUP,Y Combinator Directory,https://www.ycombinator.com/companies/givecampus,2026-08-27T12:14:29Z,GiveCampus,130,http://go.givecampus.com,Summer 2015,Active,The fundraising platform for schools.,Education; Fintech; SaaS; B2B,"Washington, DC, USA; Remote",
1.0,STARTUP,Y Combinator Directory,https://www.ycombinator.com/companies/leada,2026-08-27T12:14:29Z,Leada,1,http://www.teamleada.com,Summer 2015,Inactive,Online enterprise training in data science and analytics.…,eLearning; Data Science,"Los Angeles, CA, USA; Berkeley, CA, USA",
1.0,STARTUP,Y Combinator Directory,https://www.ycombinator.com/companies/microhealth,2026-08-27T12:14:29Z,Microhealth,25,http://microhealth.com,Summer 2015,Active,Rare Disease-Focused Care Delivery and Evidence Generation Platform,Digital Health; Healthcare; AI,"Claymont, DE, USA; Remote",
1.0,STARTUP,Y Combinator Directory,https://www.ycombinator.com/companies/ohm,2026-08-27T12:14:29Z,Ohm,,http://getohm.com,Summer 2015,Inactive,Never jump start your car again.,,"San Francisco, CA, USA; San Jose, CA, USA",
1.0,STARTUP,Y Combinator Directory,https://www.ycombinator.com/companies/fountain,2026-08-27T12:14:29Z,Fountain,200,http://fountain.com,Summer 2015,Active,High volume hiring made simple,AIOps; Marketplace; SaaS; HR Tech,"Seoul, Seoul, South Korea; San Francisco, CA, USA; Remote",
1.0,STARTUP,Y Combinator Directory,https://www.ycombinator.com/companies/prayas-analytics,2026-08-27T12:14:29Z,Prayas Analytics,2,http://prayasanalytics.com,Summer 2015,Inactive,A/B testing for brick-and-mortar stores.,SaaS; Computer Vision; Retail Tech,"New York City, NY, USA; New York, NY, USA",
1.0,STARTUP,Y Combinator Directory,https://www.ycombinator.com/companies/reduced-energy-microsystems,2026-08-27T12:14:29Z,Reduced Energy Microsystems,2,http://remicro.com,Summer 2015,Inactive,Building the lowest-power silicon for embedded deep learning and…,Artificial Intelligence; Hardware; Computer Vision; Energy,"San Francisco, CA, USA",
1.0,STARTUP,Y Combinator Directory,https://www.ycombinator.com/companies/shape-shapescale,2026-08-27T12:14:29Z,Shape (ShapeScale),7,https://shapescale.com,Summer 2015,Active,ShapeScale is a personal 3D scanner and fitness tracker that…,Hardware; Computer Vision; Consumer Health Services,"San Francisco, CA, USA",
1.0,STARTUP,Y Combinator Directory,https://www.ycombinator.com/companies/go1,2026-08-27T12:14:29Z,Go1,650,https://go1.com,Summer 2015,Active,A learning platform that enables you to train your staff or customers.,eLearning,"Brisbane, QLD, Australia; San Francisco, CA, USA",
1.0,STARTUP,Y Combinator Directory,https://www.ycombinator.com/companies/maderight,2026-08-27T12:14:29Z,Maderight,51,http://maderight.com,Summer 2015,Inactive,"Global Manufacturing, Simplified",Manufacturing,"San Francisco, CA, USA; San Mateo, CA, USA",
1.0,STARTUP,Y Combinator Directory,https://www.ycombinator.com/companies/the-ticket-fairy,2026-08-27T12:14:29Z,The Ticket Fairy,30,https://www.ticketfairy.com/,Summer 2015,Active,Revenue generation for live events,Marketplace; SaaS; Entertainment,"Los Angeles, CA, USA; Remote",
1.0,STARTUP,Y Combinator Directory,https://www.ycombinator.com/companies/nebia,2026-08-27T12:14:29Z,Nebia,16,http://nebia.com,Summer 2015,Acquired,"Nebia is a breakthrough shower system, based on a premium experience,…",Hardware; Sustainability; Climate; ClimateTech,"San Francisco, CA, USA",
1.0,STARTUP,Y Combinator Directory,https://www.ycombinator.com/companies/voiq,2026-08-27T12:14:29Z,VOIQ,8,http://voiq.com,Summer 2015,Inactive,Conversational AI VoiceBots for Business,SaaS,"San Francisco, CA, USA; Redwood City, CA, USA",
1.0,STARTUP,Y Combinator Directory,https://www.ycombinator.com/companies/deepgram,2026-08-27T12:14:29Z,Deepgram,115,https://www.deepgram.com,Winter 2016,Active,Building foundational AI for speech transcription and understanding.,AI-Enhanced Learning; API; AI,"San Francisco, CA, USA; Remote",
1.0,STARTUP,Y Combinator Directory,https://www.ycombinator.com/companies/isono-health,2026-08-27T12:14:29Z,iSono Health,9,http://www.isonohealth.com,Winter 2016,Active,AI-powered platform for Accessible and Personalized Breast Health…,Artificial Intelligence; Consumer Health Services; Medical Devices,"San Francisco, CA, USA",
1.0,STARTUP,Y Combinator Directory,https://www.ycombinator.com/companies/tovala,2026-08-27T12:14:29Z,Tovala,375,http://www.tovala.com,Winter 2016,Active,A smart-oven-paired subscription meal service.,Food & Beverage,"Chicago, IL, USA",
1.0,STARTUP,Y Combinator Directory,https://www.ycombinator.com/companies/daily,2026-08-27T12:14:29Z,Daily,126,https://daily.co,Winter 2016,Active,Conversational Voice and Multimodal AI built with Open Source ,Developer Tools; Open Source; AI; AI Assistant,"San Francisco, CA, USA; Remote",
1.0,STARTUP,Y Combinator Directory,https://www.ycombinator.com/companies/algoriz,2026-08-27T12:14:29Z,Algoriz,4,http://www.algoriz.com,Winter 2016,Inactive,Algoriz is an AI based algorithmic trading platform that enables you…,Artificial Intelligence; Finance; Trading,"New York City, NY, USA; New York, NY, USA",
1.0,STARTUP,Y Combinator Directory,https://www.ycombinator.com/companies/focal-systems,2026-08-27T12:14:29Z,Focal Systems,170,http://www.focal.systems,Winter 2016,Active,Building the Operating System for B&M Retail using Deep Learning,Deep Learning; Grocery; Computer Vision,"San Francisco, CA, USA; Toronto, ON, Canada; London, England, United Kingdom",
1.0,STARTUP,Y Combinator Directory,https://www.ycombinator.com/companies/able-health,2026-08-27T12:14:29Z,Able Health,11,http://ablehealth.com,Winter 2016,Acquired,Able Health gets doctors paid more for higher quality care,,"San Francisco, CA, USA",
1.0,STARTUP,Y Combinator Directory,https://www.ycombinator.com/companies/gigwell,2026-08-27T12:14:29Z,Gigwell,12,https://www.gigwell.com,Winter 2016,Active,Building the Operating System for the Concert & Live Events Industry.,Marketplace; SaaS; Entertainment,"Los Angeles, CA, USA",
1.0,STARTUP,Y Combinator Directory,https://www.ycombinator.com/companies/pulpix,2026-08-27T12:14:29Z,Pulpix,15,https://www.pulpix.com,Winter 2016,Acquired,Binge-watching technology for video platforms. ,Artificial Intelligence; Machine Learning; Video,"New York City, NY, USA",
1.0,STARTUP,Y Combinator Directory,https://www.ycombinator.com/companies/revl,2026-08-27T12:14:29Z,Revl,22,https://revl.com/,Winter 2016,Active,AI edited video souvenirs as a service,Machine Learning; SaaS; Sports Tech; B2B; Video,"San Francisco, CA, USA; Remote",
1.0,STARTUP,Y Combinator Directory,https://www.ycombinator.com/companies/mailtime,2026-08-27T12:14:29Z,MailTime,18,http://mailtime.com,Winter 2016,Active,Emails as quick and easy as text messaging.,Productivity; Consumer Products; Email,"Hong Kong, Hong Kong",
1.0,STARTUP,Y Combinator Directory,https://www.ycombinator.com/companies/netomi,2026-08-27T12:14:29Z,Netomi,3,https://netomi.com,Winter 2016,Active,Self-Driving Customer Care,Deep Learning; Customer Service; AI,"San Francisco, CA, USA",
1.0,STARTUP,Y Combinator Directory,https://www.ycombinator.com/companies/superside,2026-08-27T12:14:29Z,Superside,850,http://www.superside.com,Winter 2016,Active,AI-First Creative Partner for Enterprise Teams,Artificial Intelligence; SaaS; Design Tools; Marketing,"Oslo, Oslo, Norway; Remote",
1.0,STARTUP,Y Combinator Directory,https://www.ycombinator.com/companies/function-of-beauty,2026-08-27T12:14:29Z,Function of Beauty,300,http://www.functionofbeauty.com,Winter 2016,Active,"Customizable beauty for hair, skin, and body care products.",Beauty; Personalization; E-commerce,"New York City, NY, USA; New York, NY, USA",
1.0,STARTUP,Y Combinator Directory,https://www.ycombinator.com/companies/podium,2026-08-27T12:14:29Z,Podium,1000,https://podium.com,Winter 2016,Active,Get more leads. Make more money. ,Fintech; SaaS; B2B; AI,"Lehi, UT, USA",
1.0,STARTUP,Y Combinator Directory,https://www.ycombinator.com/companies/gecko-robotics,2026-08-27T12:14:29Z,Gecko Robotics,230,https://www.geckorobotics.com,Winter 2016,Active,AI + Robotics for the Built World,Artificial Intelligence; Robotics; Energy; Big Data; Data Engineering,"Pittsburgh, PA, USA; Austin, TX, USA",
1.0,STARTUP,Y Combinator Directory,https://www.ycombinator.com/companies/golorry,2026-08-27T12:14:29Z,GoLorry,30,http://www.golorry.com,Winter 2016,Active,Mobile marketplace for inter-city trucking in India,Marketplace; Logistics; India,"Hyderabad, Telangana, India",
1.0,STARTUP,Y Combinator Directory,https://www.ycombinator.com/companies/histowiz,2026-08-27T12:14:29Z,HistoWiz,2,http://histowiz.com,Winter 2016,Active,Accelerating Histopathology for Cancer Research ,Biotech; AI,"New York City, NY, USA; Brooklyn, NY, USA",
1.0,STARTUP,Y Combinator Directory,https://www.ycombinator.com/companies/caper,2026-08-27T12:14:29Z,Caper,15,https://www.caper.ai/,Winter 2016,Acquired,Plug-and-play cashier-less retail powered by computer vision and AI,Artificial Intelligence; Cashierless Checkout; Computer Vision; Retail Tech,,
1.0,STARTUP,Y Combinator Directory,https://www.ycombinator.com/companies/georgette-packaging,2026-08-27T12:14:29Z,Georgette Packaging,15,http://www.georgettepackaging.com,Winter 2016,Inactive,Carbon neutral packaging for ambitious businesses.,Logistics; Climate,"Kitchener, ON, Canada",
1.0,STARTUP,Y Combinator Directory,https://www.ycombinator.com/companies/kisan-network,2026-08-27T12:14:29Z,Kisan Network,75,https://www.kisannetwork.com,Winter 2016,Inactive,Tech enabled and fully integrated PAN India agri produce supply chain,Supply Chain; Agriculture,"Gurugram, HR, India; HR, India",
1.0,STARTUP,Y Combinator Directory,https://www.ycombinator.com/companies/pathmind,2026-08-27T12:14:29Z,Pathmind,15,https://pathmind.com,Winter 2016,Inactive,Pathmind helps industrial engineers and simulation modelers achieve…,Reinforcement Learning; Warehouse Management Tech; Supply Chain,"San Francisco, CA, USA; Remote",
1.0,STARTUP,Y Combinator Directory,https://www.ycombinator.com/companies/unnyhog,2026-08-27T12:14:29Z,Unnyhog,1,http://unnyhog.com,Winter 2016,Inactive,Video game development company.We are creating unique and…,Entertainment; Gaming,"Los Angeles, CA, USA",
1.0,STARTUP,Y Combinator Directory,https://www.ycombinator.com/companies/sendbird,2026-08-27T12:14:29Z,Sendbird,300,https://sendbird.com,Winter 2016,Active,"The AI agent that doesn’t just support, it delights.",Artificial Intelligence; SaaS; B2B; Enterprise; AI,"San Francisco, CA, USA",
1.0,STARTUP,Y Combinator Directory,https://www.ycombinator.com/companies/relativity-space,2026-08-27T12:14:29Z,Relativity Space,2500,http://relativityspace.com,Winter 2016,Active,Building humanity’s multiplanetary future.,Machine Learning; Space Exploration; Rocketry; 3D Printing; Manufacturing,"Los Angeles, CA, USA",
1.0,STARTUP,Y Combinator Directory,https://www.ycombinator.com/companies/boom,2026-08-27T12:14:29Z,Boom,227,https://boomsupersonic.com/,Winter 2016,Active,Economically and environmentally sustainable supersonic travel,Transportation; Aerospace,"Centennial, CO, USA; Englewood, CO, USA",
1.0,STARTUP,Y Combinator Directory,https://www.ycombinator.com/companies/nova,2026-08-27T12:14:29Z,Nova,11,http://www.nova.ai,Winter 2016,Acquired,"Nova puts the power of AI to work for you, enabling a more continuous…",Artificial Intelligence; Sales,"San Francisco, CA, USA",
1.0,STARTUP,Y Combinator Directory,https://www.ycombinator.com/companies/modal,2026-08-27T12:14:29Z,Modal,18,http://modalup.com/,Winter 2016,Inactive,digital commerce for the world’s largest auto retailers and brands.,Auto Commerce,"San Francisco, CA, USA",
1.0,STARTUP,Y Combinator Directory,https://www.ycombinator.com/companies/flexengage,2026-08-27T12:14:29Z,flexEngage,25,http://www.flexengage.com,Winter 2016,Acquired,Dynamic transactional communications for physical stores to help…,Analytics; Retail,"Orlando, FL, USA",
1.0,STARTUP,Y Combinator Directory,https://www.ycombinator.com/companies/qvin,2026-08-27T12:14:29Z,Qvin,30,https://qvin.com/,Winter 2016,Active,Empowering women. Period.,AI-powered Drug Discovery; Consumer Health Services; Telemedicine,"San Francisco, CA, USA; Menlo Park, CA, USA",
1.0,STARTUP,Y Combinator Directory,https://www.ycombinator.com/companies/mindori,2026-08-27T12:14:29Z,Mindori,1,http://www.mindori.com,Summer 2016,Inactive,Mindori builds white-label voice search for e-commerce apps.,E-Commerce,"San Francisco, CA, USA; Palo Alto, CA, USA",
1.0,STARTUP,Y Combinator Directory,https://www.ycombinator.com/companies/vetcove,2026-08-27T12:14:29Z,Vetcove,170,https://www.vetcove.com,Summer 2016,Active,Powering the animal health supply chain.,Marketplace; B2B; Healthcare; E-commerce; Enterprise Software,"Miami, FL, USA; Remote",
1.0,STARTUP,Y Combinator Directory,https://www.ycombinator.com/companies/selfycart,2026-08-27T12:14:29Z,Selfycart,2,https://www.selfycart.com,Summer 2016,Inactive,Selfycart - let's grocery shoppers scan items and checkout on their…,Grocery,"San Francisco, CA, USA; San Mateo, CA, USA",
1.0,STARTUP,Y Combinator Directory,https://www.ycombinator.com/companies/joy,2026-08-27T12:14:29Z,Joy,100,http://withjoy.com,Summer 2016,Active,The platform for all your life events.,SaaS; Consumer; Media; E-commerce; Retail,"San Francisco, CA, USA; New York, NY, USA; Austin, TX, USA; Remote",
1.0,STARTUP,Y Combinator Directory,https://www.ycombinator.com/companies/upgraded,2026-08-27T12:14:29Z,Upgraded,13,http://getupgraded.com,Summer 2016,Active,Upgraded helps retailers and carriers sell devices on subscription.,Fintech; Retail,"San Francisco, CA, USA; Remote",
1.0,STARTUP,Y Combinator Directory,https://www.ycombinator.com/companies/rose-rocket,2026-08-27T12:14:29Z,Rose Rocket,165,http://roserocket.com,Summer 2016,Active,Rose Rocket is ERP software for trucking companies.,Logistics; Enterprise Software,"Toronto, ON, Canada",
1.0,STARTUP,Y Combinator Directory,https://www.ycombinator.com/companies/farmstead,2026-08-27T12:14:29Z,Farmstead,10,http://farmsteadapp.com,Summer 2016,Inactive,An AI-powered digital grocer that delivers in under 60 mins.,Artificial Intelligence; Grocery; Delivery,"San Francisco, CA, USA; San Mateo, CA, USA",
1.0,STARTUP,Y Combinator Directory,https://www.ycombinator.com/companies/sway-finance,2026-08-27T12:14:29Z,Sway Finance,2,https://www.swayfinance.com,Summer 2016,Inactive,Sway is bringing AI to the accounting industry,Artificial Intelligence; Fintech,"San Francisco, CA, USA",
1.0,STARTUP,Y Combinator Directory,https://www.ycombinator.com/companies/iris-automation,2026-08-27T12:14:29Z,Iris Automation,,http://www.irisonboard.com,Summer 2016,Acquired,Enabling autonomous drone operations globally through AI software,Drones; Computer Vision; AI,"San Francisco, CA, USA; Remote",
1.0,STARTUP,Y Combinator Directory,https://www.ycombinator.com/companies/onechronos,2026-08-27T12:14:29Z,OneChronos,35,https://www.onechronos.com/,Summer 2016,Active,The Smart Market for Institutional Investors,Fintech; Marketplace; AI,"New York City, NY, USA; New York, NY, USA",
1.0,STARTUP,Y Combinator Directory,https://www.ycombinator.com/companies/haywheel,2026-08-27T12:14:29Z,Haywheel,2,http://www.haywheel.com,Summer 2016,Inactive,Haywheel is an artisan food marketplace for restaurants and specialty…,Marketplace; Food & Beverage,"New York City, NY, USA; New York, NY, USA",
1.0,STARTUP,Y Combinator Directory,https://www.ycombinator.com/companies/the-flex-company,2026-08-27T12:14:29Z,The Flex Company,28,http://www.flexfits.com,Summer 2016,Active,Sustainable period care.,Consumer; Retail,"Los Angeles, CA, USA",
1.0,STARTUP,Y Combinator Directory,https://www.ycombinator.com/companies/garten,2026-08-27T12:14:29Z,garten,201,https://garten.co/,Summer 2016,Acquired,Creating workplace wellbeing.,Artificial Intelligence; IoT,"San Francisco, CA, USA; Burlingame, CA, USA",
1.0,STARTUP,Y Combinator Directory,https://www.ycombinator.com/companies/mosaix-ai,2026-08-27T12:14:29Z,Mosaix.ai,20,https://mosaix.ai,Summer 2016,Inactive,Mosaix builds the NLP for the local languages at the emerging markets.,NLP; Emerging Markets,"San Francisco, CA, USA; Palo Alto, CA, USA",
1.0,STARTUP,Y Combinator Directory,https://www.ycombinator.com/companies/burrow,2026-08-27T12:14:29Z,Burrow,60,http://www.burrow.com,Summer 2016,Acquired,"A design brand creating innovative, award winning furniture.",Consumer; E-commerce; Furniture; Retail,"New York City, NY, USA; New York, NY, USA",
1.0,STARTUP,Y Combinator Directory,https://www.ycombinator.com/companies/neowize,2026-08-27T12:14:29Z,NeoWize,3,http://www.neowize.com,Summer 2016,Acquired,NeoWize created a new type of machine learning algorithm and uses it…,Machine Learning; E-Commerce; Personalization,"Tel Aviv-Yafo, Tel Aviv District, Israel",
1.0,STARTUP,Y Combinator Directory,https://www.ycombinator.com/companies/airo-health,2026-08-27T12:14:29Z,Airo Health,2,http://www.airohealth.com,Summer 2016,Inactive,Airo is an AI wearable to track mental health.,Artificial Intelligence; Hard Tech; Hardware; Mental Health Tech; AI,"San Francisco, CA, USA",
1.0,STARTUP,Y Combinator Directory,https://www.ycombinator.com/companies/synvivia,2026-08-27T12:14:29Z,Synvivia,4,https://www.synvivia.com,Summer 2016,Active,Synvivia applies chemical control over cell behavior,Artificial Intelligence; Synthetic Biology; Biotech; Manufacturing; Drug discovery,"San Francisco, CA, USA; Berkeley, CA, USA",
1.0,STARTUP,Y Combinator Directory,https://www.ycombinator.com/companies/meesho,2026-08-27T12:14:29Z,Meesho,1450,http://www.meesho.com,Summer 2016,Public,Democratizing internet commerce for everyone in India,E-commerce; Retail,"Bengaluru, KA, India",
1.0,STARTUP,Y Combinator Directory,https://www.ycombinator.com/companies/seerslab,2026-08-27T12:14:29Z,Seerslab,39,http://www.argear.io,Summer 2016,Inactive,We are providing AR technologies and contents to app developers,Artificial Intelligence; Hardware; Consumer; Metaverse; AR,"San Francisco, CA, USA",
1.0,STARTUP,Y Combinator Directory,https://www.ycombinator.com/companies/miso,2026-08-27T12:14:29Z,Miso,300,http://miso.kr,Summer 2016,Active,We make booking services as easy as buying products online.,Artificial Intelligence; Marketplace; Home Services; AI Assistant,"Seoul, Seoul, South Korea",
1.0,STARTUP,Y Combinator Directory,https://www.ycombinator.com/companies/athelas,2026-08-27T12:14:29Z,Athelas,1000,http://athelas.com,Summer 2016,Active,"Extensible, Integrated Technology that Simplifies Health Systems",SaaS; Health Tech; Telehealth; Healthcare; AI,"San Francisco, CA, USA",
1.0,STARTUP,Y Combinator Directory,https://www.ycombinator.com/companies/curtsy,2026-08-27T12:14:29Z,Curtsy,15,http://curtsyapp.com/,Summer 2016,Active,Curtsy is a sustainable clothing resale app.,Marketplace; Sustainable Fashion; E-commerce,"San Francisco, CA, USA",
1.0,STARTUP,Y Combinator Directory,https://www.ycombinator.com/companies/crowdai,2026-08-27T12:14:29Z,CrowdAI,32,https://crowdai.com/,Summer 2016,Acquired,CrowdAI is the world's leading no-code platform for vision AI,Machine Learning; Computer Vision,"San Francisco, CA, USA",
1.0,STARTUP,Y Combinator Directory,https://www.ycombinator.com/companies/saleswhale,2026-08-27T12:14:29Z,Saleswhale,23,https://www.saleswhale.com/,Summer 2016,Acquired,Saleswhale is an automated sales assistant that follows up with your…,Artificial Intelligence; Sales; Automation,"Singapore, Singapore",
1.0,STARTUP,Y Combinator Directory,https://www.ycombinator.com/companies/polymail,2026-08-27T12:14:29Z,Polymail,2,https://polymail.io,Summer 2016,Acquired,Email productivity platform for business.,Productivity; Email,"Marina del Rey, CA, USA",
1.0,STARTUP,Y Combinator Directory,https://www.ycombinator.com/companies/scale-ai,2026-08-27T12:14:29Z,Scale AI,500,http://scale.com,Summer 2016,Active,Data-centric infrastructure to accelerate the development of AI ,Artificial Intelligence; Machine Learning,"San Francisco, CA, USA",
1.0,STARTUP,Y Combinator Directory,https://www.ycombinator.com/companies/people-ai,2026-08-27T12:14:29Z,People.ai,300,https://people.ai,Summer 2016,Active,Harnesses business activity to unlock growth.,Artificial Intelligence; SaaS; Enterprise,"San Francisco, CA, USA",
1.0,STARTUP,Y Combinator Directory,https://www.ycombinator.com/companies/elemeno-health,2026-08-27T12:14:29Z,Elemeno Health,25,http://elemenohealth.com,Summer 2016,Active,Just-in-time training and communication for frontline healthcare teams,SaaS; Digital Health; Healthcare,"San Francisco, CA, USA; Oakland, CA, USA",
1.0,STARTUP,Y Combinator Directory,https://www.ycombinator.com/companies/classdojo,2026-08-27T12:14:29Z,ClassDojo,100,http://www.classdojo.com,Summer 2012,Active,"Communication app for K-8 teachers, kids, and families",Education; Consumer; Entertainment; Kids; Metaverse,"San Francisco, CA, USA; Remote",
1.0,STARTUP,Y Combinator Directory,https://www.ycombinator.com/companies/skylights,2026-08-27T12:14:29Z,SkyLights,5,http://www.skylights.aero,Summer 2016,Inactive,Premium immersive cinematic VR entertainment for captive audiences,VR Health; Entertainment; Airlines,"San Francisco, CA, USA; San Jose, CA, USA",
1.0,STARTUP,Y Combinator Directory,https://www.ycombinator.com/companies/voiceops,2026-08-27T12:14:29Z,Voiceops,10,https://voiceops.com,Winter 2017,Active,We help B2C companies learn from every customer interaction,Artificial Intelligence; Analytics,"New York City, NY, USA",
1.0,STARTUP,Y Combinator Directory,https://www.ycombinator.com/companies/trade,2026-08-27T12:14:29Z,Trade,3,http://www.tradeghana.co,Winter 2017,Inactive,We're building Africa's Commodity Exchange. ,Logistics; Supply Chain,"Broken Arrow, OK, USA",
1.0,STARTUP,Y Combinator Directory,https://www.ycombinator.com/companies/speak,2026-08-27T12:14:29Z,Speak,40,http://speak.com,Winter 2017,Active,"A superhuman, AI-powered language tutor in your pocket",Artificial Intelligence; Education,"San Francisco, CA, USA",
1.0,STARTUP,Y Combinator Directory,https://www.ycombinator.com/companies/bountiful,2026-08-27T12:14:29Z,Bountiful,4,https://bountiful.ag/,Winter 2017,Active,An Operating System for agriculture.,Machine Learning; Marketplace; Analytics; Agriculture,"San Francisco, CA, USA",
1.0,STARTUP,Y Combinator Directory,https://www.ycombinator.com/companies/cowlar,2026-08-27T12:14:30Z,Cowlar,2,http://www.cowlar.com,Winter 2017,Inactive,Fitbit for dairy cows. Farms use cowlar's alerts & recommendations to…,Machine Learning; IoT; Agriculture,"Memphis, TN, USA",
1.0,STARTUP,Y Combinator Directory,https://www.ycombinator.com/companies/scribe,2026-08-27T12:14:30Z,Scribe,15,http://tryscribe.com/,Winter 2017,Acquired,Scribe is an AI based Sales Development Representative that you can…,Artificial Intelligence; SaaS; B2B,"Bengaluru, KA, India",
1.0,STARTUP,Y Combinator Directory,https://www.ycombinator.com/companies/riley,2026-08-27T12:14:30Z,Riley,2,https://getrileynow.com,Winter 2017,Inactive,MailChimp for SMS ,Messaging,"New York City, NY, USA; New York, NY, USA",
1.0,STARTUP,Y Combinator Directory,https://www.ycombinator.com/companies/pit-ai,2026-08-27T12:14:30Z,Pit.AI,2,https://www.pit.ai,Winter 2017,Inactive,Solving intelligence for investment management.,Artificial Intelligence; Investing,"San Francisco, CA, USA",
1.0,STARTUP,Y Combinator Directory,https://www.ycombinator.com/companies/shipamax,2026-08-27T12:14:30Z,Shipamax,32,https://shipamax.com,Winter 2017,Acquired,"Simple, end-to-end automation for logistics orgs",Robotic Process Automation; Logistics; NLP,"London, England, United Kingdom",
1.0,STARTUP,Y Combinator Directory,https://www.ycombinator.com/companies/mdalgorithms-inc,2026-08-27T12:14:30Z,MDalgorithms Inc.,40,https://www.mdalgorithms.com,Winter 2017,Active,Democratizing Dermatology with AI ,Artificial Intelligence; Consumer Health Services; Consumer; Healthcare; Telemedicine,"Tel Aviv-Yafo, Tel Aviv District, Israel; Remote",
1.0,STARTUP,Y Combinator Directory,https://www.ycombinator.com/companies/tress,2026-08-27T12:14:30Z,Tress,2,https://www.tressapp.co,Winter 2017,Inactive,Tress is a social community for black women's hairstyles. We are…,Community; Social,"Accra, Greater Accra Region, Ghana",
1.0,STARTUP,Y Combinator Directory,https://www.ycombinator.com/companies/entry,2026-08-27T12:14:30Z,Entry,7,http://getentry.com,Winter 2017,Inactive,Biometric sign in and identity verification platform,Machine Learning; Biometrics; AI,"Los Angeles, CA, USA; San Francisco, CA, USA",
1.0,STARTUP,Y Combinator Directory,https://www.ycombinator.com/companies/rankscience,2026-08-27T12:14:30Z,RankScience,16,https://www.rankscience.com,Winter 2017,Active,Automated SEO for Startups,Artificial Intelligence; Generative AI; NLP,"New York City, NY, USA; New York, NY, USA; Remote",
1.0,STARTUP,Y Combinator Directory,https://www.ycombinator.com/companies/ambient-ai,2026-08-27T12:14:30Z,Ambient.ai,150,https://ambient.ai,Winter 2017,Active,AI company transforming enterprise physical security to prevent…,Artificial Intelligence; Computer Vision; Security,"San Francisco, CA, USA",
1.0,STARTUP,Y Combinator Directory,https://www.ycombinator.com/companies/penny,2026-08-27T12:14:30Z,Penny,2,https://www.pennyapp.io,Winter 2017,Acquired,Penny makes keeping track of your finances as easy as having a…,Artificial Intelligence; Fintech; Finance,"San Francisco, CA, USA",
1.0,STARTUP,Y Combinator Directory,https://www.ycombinator.com/companies/firsthand,2026-08-27T12:14:30Z,Firsthand,2,http://shopfirsthand.com/,Winter 2017,Inactive,"Firsthand makes software-enabled, self-serve retail kiosks that carry…",Hardware; Retail,,
1.0,STARTUP,Y Combinator Directory,https://www.ycombinator.com/companies/veryfi-inc,2026-08-27T12:14:30Z,"Veryfi, Inc.",70,https://www.veryfi.com/,Winter 2017,Active,Document AI. One API Call.,Artificial Intelligence; Computer Vision; Finance; API; AI,"San Francisco, CA, USA",
1.0,STARTUP,Y Combinator Directory,https://www.ycombinator.com/companies/wright-electric,2026-08-27T12:14:30Z,Wright Electric,4,http://www.weflywright.com,Winter 2017,Active,Boeing for electric planes,Airplanes; Climate,"Albany, NY, USA",
1.0,STARTUP,Y Combinator Directory,https://www.ycombinator.com/companies/alemhealth,2026-08-27T12:14:30Z,AlemHealth,25,https://www.alemhealth.com,Winter 2017,Active,AI Radiologist in a Box - We provide a vertically integrated AI…,Health Tech; AI,"Singapore, Singapore",
1.0,STARTUP,Y Combinator Directory,https://www.ycombinator.com/companies/supr-daily,2026-08-27T12:14:30Z,Supr Daily,,http://www.suprdaily.com/,Winter 2017,Acquired,Daily grocery delivery service in India,Grocery; Consumer; Delivery; E-commerce,"Bengaluru, KA, India",
1.0,STARTUP,Y Combinator Directory,https://www.ycombinator.com/companies/bulk-mro-industrial-supply,2026-08-27T12:14:30Z,Bulk MRO Industrial Supply,170,http://www.bulkmro.com,Winter 2017,Active,Full Stack Fintech and Supply Chain Platform for Global Trade,Fintech; B2B,"Mumbai, MH, India; New York, NY, USA",
1.0,STARTUP,Y Combinator Directory,https://www.ycombinator.com/companies/tetra,2026-08-27T12:14:30Z,Tetra,2,https://asktetra.com,Winter 2017,Acquired,AI notetaker for phone calls,Artificial Intelligence,"San Francisco, CA, USA",
1.0,STARTUP,Y Combinator Directory,https://www.ycombinator.com/companies/floydhub,2026-08-27T12:14:30Z,FloydHub,4,http://www.floydhub.com/,Winter 2017,Inactive,"ML Platform for developing, training and deploying ML models",AIOps; Machine Learning; SaaS,"San Francisco, CA, USA",
1.0,STARTUP,Y Combinator Directory,https://www.ycombinator.com/companies/bulletin,2026-08-27T12:14:30Z,Bulletin,15,https://bulletin.co,Winter 2017,Acquired,Helping retailers discover and shop the best brands on the planet,Marketplace; B2B,"New York City, NY, USA; New York, NY, USA",
1.0,STARTUP,Y Combinator Directory,https://www.ycombinator.com/companies/bios-health,2026-08-27T12:14:30Z,BIOS Health,45,https://www.bios.health,Winter 2017,Active,Neural interfaces to understand and use nerve data in medicine.,Artificial Intelligence; Neurotechnology,"Cambridge, England, United Kingdom; England, United Kingdom",
1.0,STARTUP,Y Combinator Directory,https://www.ycombinator.com/companies/nanonets,2026-08-27T12:14:30Z,NanoNets,102,https://nanonets.com,Winter 2017,Active,Automatic Data Extraction,Developer Tools; SaaS; B2B; AI,"San Francisco, CA, USA",
1.0,STARTUP,Y Combinator Directory,https://www.ycombinator.com/companies/bicycle-ai,2026-08-27T12:14:30Z,Bicycle AI,11,http://bicycleai.com,Winter 2017,Inactive,Bicycle AI provides customer support as a service. We work on top of…,Artificial Intelligence; Customer Service,"Bengaluru, KA, India",
1.0,STARTUP,Y Combinator Directory,https://www.ycombinator.com/companies/upkeep,2026-08-27T12:14:30Z,UpKeep,150,https://www.upkeep.com/,Winter 2017,Acquired,Mobile-first software for maintenance teams.,SaaS; IoT; B2B,"Los Angeles, CA, USA",
1.0,STARTUP,Y Combinator Directory,https://www.ycombinator.com/companies/sourcebeacon,2026-08-27T12:14:30Z,SourceBeacon,5,https://www.sourcebeacon.com,Winter 2017,Inactive,SourceBeacon is an on-demand procurement concierge for sourcing…,Supply Chain; Procurement; China,,
1.0,STARTUP,Y Combinator Directory,https://www.ycombinator.com/companies/faire,2026-08-27T12:14:30Z,Faire,900,https://www.faire.com/,Winter 2017,Active,The global online platform empowering independent retail.,Marketplace; Retail,"San Francisco, CA, USA",
1.0,STARTUP,Y Combinator Directory,https://www.ycombinator.com/companies/ridecell,2026-08-27T12:14:30Z,Ridecell,88,https://www.ridecell.com,Winter 2012,Active,World's Leading Fleet Intelligence Platform,SaaS; IoT; B2B; Enterprise; AI,"San Francisco, CA, USA",
1.0,STARTUP,Y Combinator Directory,https://www.ycombinator.com/companies/mirror-ai,2026-08-27T12:14:30Z,Mirror AI,7,http://mirror-ai.com,Winter 2017,Active,App that turns selfie photos into thousand emoji that look like you…,Computer Vision; Entertainment,"San Francisco, CA, USA; Remote",
1.0,STARTUP,Y Combinator Directory,https://www.ycombinator.com/companies/helix-nanotechnologies,2026-08-27T12:14:30Z,Helix Nanotechnologies,22,http://helixnano.com,Winter 2017,Active,"Next-generation mRNA platform to solve cancer, COVID and climate.",Artificial Intelligence; Biotech; Genomics; Nanotechnology,"Boston, MA, USA; Cambridge, MA, USA",
1.0,STARTUP,Y Combinator Directory,https://www.ycombinator.com/companies/scopeai,2026-08-27T12:14:30Z,ScopeAI,4,https://www.getscopeai.com,Winter 2017,Acquired,Automatically extract valuable insights from customer service…,Artificial Intelligence; NLP,"Los Angeles, CA, USA; San Francisco, CA, USA",
1.0,STARTUP,Y Combinator Directory,https://www.ycombinator.com/companies/jerry-inc,2026-08-27T12:14:30Z,Jerry,225,https://jerry.ai/,Summer 2017,Active,Jerry is building the AI agent to manage all your physical assets.,Fintech; Insurance,"San Francisco, CA, USA; Remote",
1.0,STARTUP,Y Combinator Directory,https://www.ycombinator.com/companies/passerine-aircraft,2026-08-27T12:14:30Z,Passerine Aircraft,2,http://www.passerineaircraft.com/,Summer 2017,Inactive,Passerine Aircraft is building the next generation of dronesWe are…,Drones,"Johannesburg, GP, South Africa",
1.0,STARTUP,Y Combinator Directory,https://www.ycombinator.com/companies/skyways,2026-08-27T12:14:30Z,Skyways,33,http://skyways.com,Summer 2017,Active,Creating a new form of air transportation to advance our civilization,Air Taxis; Robotics; Computer Vision; AI; ML,"Austin, TX, USA",
1.0,STARTUP,Y Combinator Directory,https://www.ycombinator.com/companies/nobell-foods,2026-08-27T12:14:30Z,Nobell Foods,58,http://www.nobellfoods.com,Summer 2017,Active,Cheese and dairy products from plant-derived dairy proteins,Sustainability; Climate; Food Tech; ClimateTech,"San Francisco, CA, USA",
1.0,STARTUP,Y Combinator Directory,https://www.ycombinator.com/companies/vergesense,2026-08-27T12:14:30Z,VergeSense,70,http://www.vergesense.com,Summer 2017,Active,AI-Powered Building Management,Artificial Intelligence; Proptech,"San Francisco, CA, USA",
1.0,STARTUP,Y Combinator Directory,https://www.ycombinator.com/companies/autohub,2026-08-27T12:14:30Z,AutoHub,2,https://www.autohub.io,Summer 2017,Acquired,We help dealerships appraise vehicle trade-ins more efficiently…,,,
1.0,STARTUP,Y Combinator Directory,https://www.ycombinator.com/companies/releaf-earth,2026-08-27T12:14:30Z,Releaf Earth,100,http://www.releaf.africa,Summer 2017,Active,Turning food waste into Biochar to remove CO2 from the atmsophere,Carbon Capture and Removal; Climate; Supply Chain; Agriculture,"Lagos, LA, Nigeria",
1.0,STARTUP,Y Combinator Directory,https://www.ycombinator.com/companies/upcodes,2026-08-27T12:14:30Z,UpCodes,35,https://up.codes/,Summer 2017,Active,"AI platform for unifying codes, assemblies, products, and specs",GovTech; Construction; B2B,"Austin, TX, USA; Remote",
1.0,STARTUP,Y Combinator Directory,https://www.ycombinator.com/companies/standard-ai,2026-08-27T12:14:30Z,Standard AI,150,https://standard.ai,Summer 2017,Active,AI-powered checkout for retail.,Retail Tech; Retail; AI,"San Francisco, CA, USA; Milan, Lombardy, Italy; Remote",
1.0,STARTUP,Y Combinator Directory,https://www.ycombinator.com/companies/nimble,2026-08-27T12:14:30Z,Nimble,25,http://www.hirenimble.com,Summer 2017,Active,Data-driven teacher hiring,Education; Machine Learning; SaaS,"Miami, FL, USA; Remote",
1.0,STARTUP,Y Combinator Directory,https://www.ycombinator.com/companies/darmiyan,2026-08-27T12:14:30Z,Darmiyan,8,https://www.darmiyan.com/,Summer 2017,Active,Early detection of Alzheimer's disease,Artificial Intelligence; Machine Learning; Health Tech; Diagnostics,"San Francisco, CA, USA",
1.0,STARTUP,Y Combinator Directory,https://www.ycombinator.com/companies/flock-safety,2026-08-27T12:14:30Z,Flock Safety,1000,http://www.flocksafety.com,Summer 2017,Active,The first public safety operating system that eliminates crime.,Hardware; Machine Learning; SaaS,"Atlanta, GA, USA",
1.0,STARTUP,Y Combinator Directory,https://www.ycombinator.com/companies/mystro,2026-08-27T12:14:30Z,Mystro,6,http://www.mystrodriver.com,Summer 2017,Inactive,Mystro is an app that makes rideshare drivers up to 30% more money by…,Artificial Intelligence; Ridesharing; Automation,"San Francisco, CA, USA",
1.0,STARTUP,Y Combinator Directory,https://www.ycombinator.com/companies/semantix,2026-08-27T12:14:30Z,Semantix,2,https://www.semantix.ai,Summer 2017,Inactive,AI for medical billing,Artificial Intelligence; Healthcare,"San Francisco, CA, USA",
1.0,STARTUP,Y Combinator Directory,https://www.ycombinator.com/companies/plasticity,2026-08-27T12:14:30Z,Plasticity,2,https://www.plasticity.ai,Summer 2017,Acquired,Natural language processing APIs for developers.,Artificial Intelligence; SaaS; NLP,"San Francisco, CA, USA",
1.0,STARTUP,Y Combinator Directory,https://www.ycombinator.com/companies/slik,2026-08-27T12:14:30Z,Slik,2,http://slik.ai,Summer 2017,Inactive,Slik enables the long tail to use email outreach. ,Marketing; Email,"San Francisco, CA, USA",
1.0,STARTUP,Y Combinator Directory,https://www.ycombinator.com/companies/cairns-health,2026-08-27T12:14:30Z,Cairns Health,17,https://www.cairns.ai,Summer 2017,Active,Your voice. Your health. We care.,Hardware; Machine Learning; Consumer Health Services,"San Francisco, CA, USA",
1.0,STARTUP,Y Combinator Directory,https://www.ycombinator.com/companies/pop-meals,2026-08-27T12:14:30Z,Pop Meals,153,https://popmeals.com,Summer 2017,Active,Pop Meals is a restaurant chain without chefs. All recipes are…,Food Service Robots & Machines; Ghost Kitchens; Delivery,"Kuala Lumpur, Federal Territory of Kuala Lumpur, Malaysia",
1.0,STARTUP,Y Combinator Directory,https://www.ycombinator.com/companies/spect,2026-08-27T12:14:30Z,Spect,7,http://www.getspect.com,Summer 2017,Inactive,Value-based retinal screening in primary care to prevent blindness. ,Digital Health; AI,"San Francisco, CA, USA; Palo Alto, CA, USA; Remote",
1.0,STARTUP,Y Combinator Directory,https://www.ycombinator.com/companies/pyka,2026-08-27T12:14:30Z,Pyka,75,https://flypyka.com,Summer 2017,Active,Autonomous electric airplanes,Airplanes; Climate; Agriculture; Transportation; Electric Vehicles,"San Francisco, CA, USA",
1.0,STARTUP,Y Combinator Directory,https://www.ycombinator.com/companies/surematics,2026-08-27T12:14:30Z,Surematics,2,https://www.surematics.com/,Summer 2017,Acquired,We help commercial insurance brokers structure complicated…,Blockchain; Insurance,"San Francisco, CA, USA",
1.0,STARTUP,Y Combinator Directory,https://www.ycombinator.com/companies/goosebump,2026-08-27T12:14:30Z,Goosebump,2,http://m.me/higoosebump,Summer 2017,Inactive,Find the best electronic music events in a single message.,Entertainment; Music,"Paris, Île-de-France, France",
1.0,STARTUP,Y Combinator Directory,https://www.ycombinator.com/companies/flowspace,2026-08-27T12:14:30Z,Flowspace,48,https://flow.space,Summer 2017,Active,The operating system powering ecommerce fulfillment,Logistics; E-commerce; Supply Chain,"Los Angeles, CA, USA",
1.0,STARTUP,Y Combinator Directory,https://www.ycombinator.com/companies/modular-science,2026-08-27T12:14:30Z,Modular Science,,https://www.modularscience.com/,Summer 2017,Inactive,We're making it easier to do sustainable farming.,Agriculture,"San Francisco, CA, USA",
1.0,STARTUP,Y Combinator Directory,https://www.ycombinator.com/companies/skyscrape,2026-08-27T12:14:30Z,Skyscrape,3,http://skyscrape.us,Summer 2017,Active,Skyscrape makes temperature-responsive insulation,Smart Clothing; Sustainable Fashion,"Portland, OR, USA",
1.0,STARTUP,Y Combinator Directory,https://www.ycombinator.com/companies/d-id,2026-08-27T12:14:30Z,D-ID,27,http://www.d-id.com,Summer 2017,Active,Enable creators and developers to generate realistic AI personas,Artificial Intelligence; Deep Learning; Generative AI; Entertainment,"Tel Aviv-Yafo, Tel Aviv District, Israel",
1.0,STARTUP,Y Combinator Directory,https://www.ycombinator.com/companies/percept-ai,2026-08-27T12:14:30Z,Percept.AI,7,https://www.percept.ai/,Summer 2017,Acquired,AI support agent for your business that actually works,Artificial Intelligence; SaaS; Customer Service,"San Francisco, CA, USA; Sunnyvale, CA, USA",
1.0,STARTUP,Y Combinator Directory,https://www.ycombinator.com/companies/waterfx,2026-08-27T12:14:30Z,WATERFX,1,http://www.wacomet.com,Summer 2017,Inactive,The world's first 100% sustainable water provider (aka alternative…,Sustainability; Renewable Energy,"CA, USA",
1.0,STARTUP,Y Combinator Directory,https://www.ycombinator.com/companies/sourceress,2026-08-27T12:14:30Z,Sourceress,35,http://sourceress.com/,Summer 2017,Active,,Artificial Intelligence; Machine Learning; Data Engineering,"San Francisco, CA, USA",
1.0,STARTUP,Y Combinator Directory,https://www.ycombinator.com/companies/onelocal,2026-08-27T12:14:30Z,OneLocal,90,https://onelocal.com/,Summer 2017,Active,OneLocal is a CRM for local businesses.,CRM,"Toronto, ON, Canada",
1.0,STARTUP,Y Combinator Directory,https://www.ycombinator.com/companies/opearlo,2026-08-27T12:14:30Z,Opearlo,2,https://www.opearlo.com,Summer 2017,Acquired,Opearlo produces voice apps for Amazon Alexa and Google Home.,AI Assistant,"London, England, United Kingdom",
1.0,STARTUP,Y Combinator Directory,https://www.ycombinator.com/companies/headstart,2026-08-27T12:14:30Z,Headstart,44,https://www.headstart.io,Summer 2017,Acquired,Headstart uses Machine Learning to help companies decide on who to…,Machine Learning; Recruiting,"London, England, United Kingdom",
1.0,STARTUP,Y Combinator Directory,https://www.ycombinator.com/companies/guggy,2026-08-27T12:14:30Z,Guggy,2,https://guggy.com,Summer 2017,Inactive,"Guggy is building the messaging app of the future with real time,…",Messaging; NLP,"Tel Aviv-Yafo, Tel Aviv District, Israel",
1.0,STARTUP,Y Combinator Directory,https://www.ycombinator.com/companies/may-mobility,2026-08-27T12:14:30Z,May Mobility,260,http://maymobility.com,Summer 2017,Active,Transforming cities and rural areas through AV transit and technology,Artificial Intelligence; Robotics,"Ann Arbor, MI, USA",
1.0,STARTUP,Y Combinator Directory,https://www.ycombinator.com/companies/commissary-club,2026-08-27T12:14:30Z,Commissary Club (formerly 70 Million Jobs),2,https://www.Commissary.Club,Summer 2017,Inactive,First agentic AI-powered community for 1 billion people with criminal…,Artificial Intelligence; Marketplace; B2B; Advertising; AI Assistant,"Miami, FL, USA; Remote",
1.0,STARTUP,Y Combinator Directory,https://www.ycombinator.com/companies/cambridge-cancer-genomics,2026-08-27T12:14:30Z,Cambridge Cancer Genomics,25,http://ccg.ai,Summer 2017,Inactive,CCG.ai empowers clinicians to make personalised treatment strategies…,Genomics; Oncology,"Cambridge, England, United Kingdom; England, United Kingdom",
1.0,STARTUP,Y Combinator Directory,https://www.ycombinator.com/companies/assemblyai,2026-08-27T12:14:30Z,AssemblyAI,65,https://www.assemblyai.com,Summer 2017,Active,The best way to build Voice AI apps,Artificial Intelligence; Developer Tools; Speech Recognition; API; AI,"New York City, NY, USA; Remote",
1.0,STARTUP,Y Combinator Directory,https://www.ycombinator.com/companies/lyrebird,2026-08-27T12:14:30Z,Lyrebird,13,https://lyrebird.ai/,Summer 2017,Acquired,Our tech speaks for itself.,Artificial Intelligence,"Montreal, QC, Canada",
1.0,STARTUP,Y Combinator Directory,https://www.ycombinator.com/companies/just-appraised,2026-08-27T12:14:30Z,Just Appraised,40,https://www.justappraised.com,Summer 2017,Active,Just Appraised makes software for local governments.,SaaS; GovTech,"San Francisco, CA, USA; Palo Alto, CA, USA; Remote",
1.0,STARTUP,Y Combinator Directory,https://www.ycombinator.com/companies/social-construct,2026-08-27T12:14:30Z,Social Construct,17,http://socialconstructco.com,Summer 2017,Inactive,Social Construct designs and assembles large apartment buildings …,Generative AI; Hardware; Housing,"San Francisco, CA, USA",
1.0,STARTUP,Y Combinator Directory,https://www.ycombinator.com/companies/10-by-10,2026-08-27T12:14:30Z,10 By 10,5,https://10by10.io,Summer 2017,Active,10by10 is a unique marketplace in the recruiting agency industry for…,Artificial Intelligence; Marketplace; Recruiting,"San Francisco, CA, USA; Remote",
1.0,STARTUP,Y Combinator Directory,https://www.ycombinator.com/companies/bumpline,2026-08-27T12:14:30Z,Bumpline,2,https://bumpline.com/,Summer 2017,Inactive,Captain Tailor is the Uber for tailoring. ,Marketplace,"New York City, NY, USA; San Francisco, CA, USA",
1.0,STARTUP,Y Combinator Directory,https://www.ycombinator.com/companies/thematic,2026-08-27T12:14:30Z,Thematic,20,http://www.getthematic.com,Summer 2017,Active,Customer intelligence for Enterprise CX teams. The grounded…,SaaS; B2B; AI,"Auckland, Auckland, New Zealand; Remote",
1.0,STARTUP,Y Combinator Directory,https://www.ycombinator.com/companies/followupthen,2026-08-27T12:14:30Z,FollowUpThen,1,https://www.followupthen.com/,Summer 2017,Active,FollowUpThen is an email-based personal assistant that sends you…,Productivity; Automation; AI,"San Francisco, CA, USA",
1.0,STARTUP,Y Combinator Directory,https://www.ycombinator.com/companies/proven-group,2026-08-27T12:14:30Z,Proven Group,40,https://www.provenskincare.com,Winter 2018,Active,"PROVEN is using AI, data and personalization to disrupt CPG",Artificial Intelligence; Machine Learning; Consumer; E-commerce,"San Francisco, CA, USA; Remote",
1.0,STARTUP,Y Combinator Directory,https://www.ycombinator.com/companies/precious,2026-08-27T12:14:30Z,Precious,7,https://preciousapp.com/,Winter 2018,Active,AI to curate your baby photos,Artificial Intelligence,"San Francisco, CA, USA; Remote",
1.0,STARTUP,Y Combinator Directory,https://www.ycombinator.com/companies/spellbrush,2026-08-27T12:14:30Z,Spellbrush,30,https://spellbrush.com,Winter 2018,Active,Making Anime Real,Artificial Intelligence; Deep Learning; Generative AI; Gaming,"San Francisco, CA, USA",
1.0,STARTUP,Y Combinator Directory,https://www.ycombinator.com/companies/jasper-ai,2026-08-27T12:14:30Z,Jasper,195,https://jasper.ai,Winter 2018,Active,Jasper is a leader in creating content using Artificial Intelligence,Artificial Intelligence; Generative AI; AI; Conversational AI,"Austin, TX, USA; Salt Lake City, UT, USA",Jasper.ai
1.0,STARTUP,Y Combinator Directory,https://www.ycombinator.com/companies/assembly-com,2026-08-27T12:14:30Z,Assembly,25,https://www.assembly.com,Winter 2018,Active,Create remarkable client experiences,B2B; E-commerce; AI; AI Assistant,"New York City, NY, USA",
1.0,STARTUP,Y Combinator Directory,https://www.ycombinator.com/companies/observant-ai,2026-08-27T12:14:30Z,Observant AI,5,https://www.observantai.com,Winter 2018,Active,iPhone-based driver monitoring for commercial fleets.,Autonomous Trucking; Hard Tech; Machine Learning; SaaS,"San Francisco, CA, USA; Remote",
1.0,STARTUP,Y Combinator Directory,https://www.ycombinator.com/companies/fondo,2026-08-27T12:14:30Z,Fondo,80,https://fondo.com,Winter 2018,Active,"Bookkeeping, tax, & tax credits on autopilot for 2,000+ startups",Fintech; SaaS; B2B; AI,"San Francisco, CA, USA",
1.0,STARTUP,Y Combinator Directory,https://www.ycombinator.com/companies/slite,2026-08-27T12:14:30Z,Slite,40,https://slite.com/,Winter 2018,Active,The self-maintaining knowledge base,Documents; SaaS; Collaboration,"Berlin, Berlin, Germany; Remote",
1.0,STARTUP,Y Combinator Directory,https://www.ycombinator.com/companies/mighty-buildings,2026-08-27T12:14:30Z,Mighty Buildings,200,https://www.mightybuildings.com,Winter 2018,Inactive,"3D printing beautiful, high-quality, and sustainable homes.",Robotics; Construction; 3D Printing,"San Francisco, CA, USA; Oakland, CA, USA",
1.0,STARTUP,Y Combinator Directory,https://www.ycombinator.com/companies/sepsis-scout,2026-08-27T12:14:30Z,Sepsis Scout,5,https://sepsisscout.com,Winter 2018,Acquired,Wearables and AI to predict and prevent sepsis outside the hospital,Deep Learning; Health Tech; Medical Devices,"San Francisco, CA, USA",
1.0,STARTUP,Y Combinator Directory,https://www.ycombinator.com/companies/macromoltek,2026-08-27T12:14:30Z,Macromoltek,14,https://www.macromoltek.com,Winter 2018,Active,Computational antibody design,AI-powered Drug Discovery; Deep Learning; Therapeutics,"Austin, TX, USA",
1.0,STARTUP,Y Combinator Directory,https://www.ycombinator.com/companies/promise,2026-08-27T12:14:30Z,Promise,80,http://promise-pay.com,Winter 2018,Active,Better payment systems for governments and the communities they serve.,Artificial Intelligence; Fintech; GovTech; Payments,"San Francisco, CA, USA",
1.0,STARTUP,Y Combinator Directory,https://www.ycombinator.com/companies/ourmenu,2026-08-27T12:14:30Z,OurMenu,3,http://www.ourmenu.io,Winter 2018,Inactive,,,,
1.0,STARTUP,Y Combinator Directory,https://www.ycombinator.com/companies/persephone-biosciences,2026-08-27T12:14:30Z,Persephone Biosciences,6,http://persephonebiosciences.com/,Winter 2018,Active,We are using the gut microbiome to end cancer. ,AI-powered Drug Discovery; COVID-19,"San Diego, CA, USA",
1.0,STARTUP,Y Combinator Directory,https://www.ycombinator.com/companies/reverie-labs,2026-08-27T12:14:30Z,Reverie Labs,29,http://www.reverielabs.com,Winter 2018,Inactive," Engineering next-generation, brain-penetrant cancer therapies.",AI-powered Drug Discovery; Machine Learning; Biotech,"Boston, MA, USA; Cambridge, MA, USA",
1.0,STARTUP,Y Combinator Directory,https://www.ycombinator.com/companies/nuvocargo,2026-08-27T12:14:30Z,Nuvocargo,100,http://www.nuvocargo.com,Winter 2018,Active,Your AI partner for North America truckload freight,Artificial Intelligence; Logistics,"New York City, NY, USA",
1.0,STARTUP,Y Combinator Directory,https://www.ycombinator.com/companies/lus-brands,2026-08-27T12:14:30Z,LUS Brands,20,http://lusbrands.com,Winter 2018,Active,Hair care products for curly hair. ,Beauty,"Toronto, ON, Canada",
1.0,STARTUP,Y Combinator Directory,https://www.ycombinator.com/companies/meitre,2026-08-27T12:14:30Z,Meitre,9,http://meitre.com/,Winter 2018,Active,Opentable for the world's top restaurants; we help them increase…,SaaS; B2B,"San Francisco, CA, USA; Palo Alto, CA, USA; Remote",
1.0,STARTUP,Y Combinator Directory,https://www.ycombinator.com/companies/sourcify,2026-08-27T12:14:30Z,Sourcify,15,https://www.sourcify.com/,Winter 2018,Active,Sourcify helps brands manufacture products in Asia.,Manufacturing; Supply Chain,"Salt Lake City, UT, USA; San Diego, CA, USA; Remote",
1.0,STARTUP,Y Combinator Directory,https://www.ycombinator.com/companies/viaopt,2026-08-27T12:14:30Z,Viaopt,2,http://www.viaopt.com,Winter 2018,Inactive,Uber pool for corporate trucking fleets,Autonomous Trucking; Logistics,"San Francisco, CA, USA",
1.0,STARTUP,Y Combinator Directory,https://www.ycombinator.com/companies/meson,2026-08-27T12:14:30Z,Meson,10,https://meson.fi/,Winter 2018,Inactive,Meson is a stablecoin swap protocol among blockchains and Layer 2s,Crypto / Web3,"Singapore, Singapore; San Francisco, CA, USA; Remote",
1.0,STARTUP,Y Combinator Directory,https://www.ycombinator.com/companies/evolve-makers-of-podcast-app-and-rest,2026-08-27T12:14:30Z,Evolve (makers of Podcast App & Rest),23,https://getrest.app,Winter 2018,Active,"Rest is an AI sleep coach that helps you fix your sleep for good,…",Sleep Tech; Consumer; Digital Health; Podcasts,"San Francisco, CA, USA; Remote",
1.0,STARTUP,Y Combinator Directory,https://www.ycombinator.com/companies/edwin,2026-08-27T12:14:30Z,Edwin,14,https://edwin.ai,Winter 2018,Acquired,Edwin is virtual English tutor - an AI-powered service for learning…,AI-Enhanced Learning; Education; Machine Learning; Smart Home Assistants; eLearning,"San Francisco, CA, USA; Remote",
1.0,STARTUP,Y Combinator Directory,https://www.ycombinator.com/companies/acely,2026-08-27T12:14:30Z,Acely,30,https://acely.com,Winter 2018,Active,Every student's AI coach for college readiness,Education; eLearning; Consumer,"San Francisco, CA, USA",
1.0,STARTUP,Y Combinator Directory,https://www.ycombinator.com/companies/cognition-ip,2026-08-27T12:14:30Z,Cognition IP,12,https://www.cognitionip.com,Winter 2018,Active,Flat-fee patent & trademark counsel with top firm results,Artificial Intelligence; GovTech; B2B; Legal,"San Francisco, CA, USA; Remote",
1.0,STARTUP,Y Combinator Directory,https://www.ycombinator.com/companies/hunter2,2026-08-27T12:14:30Z,Hunter2,,https://hunter2.com,Winter 2018,Acquired,Hunter2 trains engineering teams in application security through…,Developer Tools; Education; Cybersecurity,"Boston, MA, USA",
1.0,STARTUP,Y Combinator Directory,https://www.ycombinator.com/companies/vathys,2026-08-27T12:14:30Z,Vathys,6,http://vathys.ai,Winter 2018,Inactive,Accelerating machine learning through software,Artificial Intelligence; Deep Learning; Machine Learning,"Portland, OR, USA; Remote",
1.0,STARTUP,Y Combinator Directory,https://www.ycombinator.com/companies/naborly,2026-08-27T12:14:30Z,Naborly,25,https://naborly.com,Winter 2018,Acquired,A credit bureau for the renting generation.,Artificial Intelligence; Fintech; Real Estate,"Toronto, ON, Canada",
1.0,STARTUP,Y Combinator Directory,https://www.ycombinator.com/companies/weekend-fmr-volley,2026-08-27T12:14:30Z,Weekend (fmr. Volley),80,https://weekend.com,Winter 2018,Active,AI games and entertainment on TV,Artificial Intelligence; Entertainment; Gaming; AI; Conversational AI,"San Francisco, CA, USA",
1.0,STARTUP,Y Combinator Directory,https://www.ycombinator.com/companies/sharpestminds,2026-08-27T12:14:30Z,SharpestMinds,4,http://sharpestminds.com,Winter 2018,Acquired,Peer-to-peer mentorships through income-share agreements.,Artificial Intelligence; Education; Income Share Agreements,"Toronto, ON, Canada; Remote",
1.0,STARTUP,Y Combinator Directory,https://www.ycombinator.com/companies/tilt-fka-delphia,2026-08-27T12:14:30Z,Tilt (f.k.a. Delphia),25,http://tilt.io,Winter 2018,Active,GitHub for Investment Methodology,Fintech; Machine Learning; AI,"Toronto, ON, Canada; Remote",
1.0,STARTUP,Y Combinator Directory,https://www.ycombinator.com/companies/orangewood-labs,2026-08-27T12:14:30Z,Orangewood Labs,40,http://www.orangewood.co,Winter 2018,Active,Orangewood Labs makes worlds most affordable and easiest AI robot arms,Artificial Intelligence; Generative AI; Hardware; Robotics,"San Francisco, CA, USA; Noida, UP, India",
1.0,STARTUP,Y Combinator Directory,https://www.ycombinator.com/companies/memora-health,2026-08-27T12:14:30Z,Memora Health,115,https://memorahealth.com,Winter 2018,Acquired,Digitize and Automate Complex Care Workflows,Health Tech; Digital Health; AI,"San Francisco, CA, USA",
1.0,STARTUP,Y Combinator Directory,https://www.ycombinator.com/companies/algosurg-inc,2026-08-27T12:14:30Z,AlgoSurg Inc,8,http://www.algosurg.com,Winter 2018,Active,We make AI technology for Robotic and AR Surgeries,Augmented Reality; Robotic Surgery; Medical Devices,"MH, India; Remote",
1.0,STARTUP,Y Combinator Directory,https://www.ycombinator.com/companies/voicery,2026-08-27T12:14:30Z,Voicery,2,http://www.voicery.com,Winter 2018,Inactive,Automated voice acting and emotive speech synthesis with deep neural…,Machine Learning; SaaS; B2B,"San Francisco, CA, USA; Remote",
1.0,STARTUP,Y Combinator Directory,https://www.ycombinator.com/companies/swipehouse,2026-08-27T12:14:30Z,Swipehouse,5,https://swipehouse.co,Winter 2018,Acquired,Meet other creators. Get daily matches. Find brand deals.,Entertainment; Community; E-commerce,"Boston, MA, USA; Cambridge, MA, USA",
1.0,STARTUP,Y Combinator Directory,https://www.ycombinator.com/companies/point-api,2026-08-27T12:14:30Z,Point API,5,https://pointapi.com,Winter 2018,Inactive,Point stores things you send over and over again and helps you re-use…,Artificial Intelligence; Assistive Tech,"New York City, NY, USA; Cambridge, MA, USA",
1.0,STARTUP,Y Combinator Directory,https://www.ycombinator.com/companies/jido-maps,2026-08-27T12:14:30Z,Jido Maps,6,https://jidomaps.com/,Winter 2018,Acquired,Turn your data into a deployed computer vision model,Deep Learning; Indoor Mapping; Machine Learning; Computer Vision,"San Francisco, CA, USA; Remote",
1.0,STARTUP,Y Combinator Directory,https://www.ycombinator.com/companies/observe-ai,2026-08-27T12:14:30Z,Observe.AI,240,https://observe.ai,Winter 2018,Active,Contact center AI platform.,SaaS; Customer Service; AI,"San Francisco, CA, USA",
1.0,STARTUP,Y Combinator Directory,https://www.ycombinator.com/companies/helloverify,2026-08-27T12:14:30Z,Helloverify,600,https://www.helloverify.ae,Winter 2018,Active,Helloverify is a background screening platform (Checkr for India).  ,AI,"Noida, UP, India",
1.0,STARTUP,Y Combinator Directory,https://www.ycombinator.com/companies/aerones,2026-08-27T12:14:30Z,Aerones,250,http://www.aerones.com,Winter 2018,Active,Robotics for wind turbine maintenance.,Robotics; Drones; Climate,"Riga, Latvia",
1.0,STARTUP,Y Combinator Directory,https://www.ycombinator.com/companies/veriff,2026-08-27T12:14:30Z,Veriff,42,https://veriff.com/,Winter 2018,Active,AI-powered identity verification solution for fraud prevention.,Fintech; SaaS,"Tallinn, Harju County, Estonia; New York, NY, USA; London, England, United Kingdom; Barcelona, CT, Spain",
1.0,STARTUP,Y Combinator Directory,https://www.ycombinator.com/companies/swayable,2026-08-27T12:14:30Z,Swayable,30,http://swayable.com,Winter 2018,Active,Swayable predicts consumer opinion and the impact of content,Machine Learning,"New York City, NY, USA; New York, NY, USA",
1.0,STARTUP,Y Combinator Directory,https://www.ycombinator.com/companies/curebase,2026-08-27T12:14:30Z,Curebase,27,https://www.curebase.ai/,Summer 2018,Active,"Modern, AI-powered clinical trial software platform.",Healthcare,"Fort Lauderdale, FL, USA; Remote",
1.0,STARTUP,Y Combinator Directory,https://www.ycombinator.com/companies/phiar,2026-08-27T12:14:30Z,Phiar,12,https://www.phiar.net,Summer 2018,Acquired,We are developing a revolutionary AI-powered augmented reality…,Artificial Intelligence; Machine Learning; Augmented Reality,"San Francisco, CA, USA; Redwood City, CA, USA",
1.0,STARTUP,Y Combinator Directory,https://www.ycombinator.com/companies/owny,2026-08-27T12:14:30Z,OWNY,10,https://www.owny.com,Summer 2018,Active,"Manage capital, investors & banking in one place.",Artificial Intelligence; Banking as a Service; Fintech; Crypto / Web3,"San Francisco, CA, USA",
1.0,STARTUP,Y Combinator Directory,https://www.ycombinator.com/companies/within,2026-08-27T12:14:30Z,Within,128,http://within.ai,Summer 2018,Active,Company Brain for people and agents to work in harmony. ,Artificial Intelligence; Enterprise; AI,"San Francisco, CA, USA",
1.0,STARTUP,Y Combinator Directory,https://www.ycombinator.com/companies/c16-biosciences,2026-08-27T12:14:30Z,C16 Biosciences,35,https://www.c16bio.com/,Summer 2018,Active,"Next-gen ingredients to decarbonize consumer products, starting w/…",Biotech; Sustainability; Climate,"New York City, NY, USA; New York, NY, USA",
1.0,STARTUP,Y Combinator Directory,https://www.ycombinator.com/companies/numericcal-inc,2026-08-27T12:14:30Z,"numericcal, inc.",3,http://numericcal.com/,Summer 2018,Inactive,Distributed AI for Industrial Process Monitoring and Optimization.,Artificial Intelligence; Industrial,"San Francisco, CA, USA",
1.0,STARTUP,Y Combinator Directory,https://www.ycombinator.com/companies/searchlight,2026-08-27T12:14:30Z,Searchlight,20,https://www.searchlight.ai/,Winter 2019,Acquired,Talent AI improving quality of hire,Machine Learning; SaaS; AI,"San Francisco, CA, USA",
1.0,STARTUP,Y Combinator Directory,https://www.ycombinator.com/companies/frey,2026-08-27T12:14:30Z,FREY,3,https://frey.com,Summer 2018,Inactive,FREY is a line of exceptional laundry and clothing care products.…,Sustainability; Consumer Products,"CA, USA",
1.0,STARTUP,Y Combinator Directory,https://www.ycombinator.com/companies/openwrench,2026-08-27T12:14:30Z,OpenWrench,,https://www.useopenwrench.com,Summer 2018,Active,We help retailers and restaurant chains manage repairs and…,Enterprise,"San Francisco, CA, USA",
1.0,STARTUP,Y Combinator Directory,https://www.ycombinator.com/companies/activeloop,2026-08-27T12:14:30Z,Activeloop,15,https://activeloop.ai/,Summer 2018,Active,Database for AI,Computational Storage; Deep Learning; Generative AI; Computer Vision; Open Source,"San Francisco, CA, USA; Mountain View, CA, USA",
1.0,STARTUP,Y Combinator Directory,https://www.ycombinator.com/companies/inokyo,2026-08-27T12:14:30Z,Inokyo,10,https://www.inokyo.com,Summer 2018,Inactive,We bring physical stores to the digital age with cashierless checkout.,Cashierless Checkout; Retail Tech,"San Francisco, CA, USA",
1.0,STARTUP,Y Combinator Directory,https://www.ycombinator.com/companies/data-driven-bioscience,2026-08-27T12:14:30Z,Data Driven Bioscience,10,http://datadrivenbioscience.com,Summer 2018,Active,"Cancer Diagnosis 10X faster, 10X cheaper",Artificial Intelligence; Biotech; Healthcare,"Durham, NC, USA",
1.0,STARTUP,Y Combinator Directory,https://www.ycombinator.com/companies/inscribe,2026-08-27T12:14:30Z,Inscribe,35,https://www.inscribe.ai/,Summer 2018,Active,"AI Document Fraud Detection for Banks, Credit Unions & Lenders",Artificial Intelligence; Fintech; Fraud Detection,"San Francisco, CA, USA",
1.0,STARTUP,Y Combinator Directory,https://www.ycombinator.com/companies/jitx,2026-08-27T12:14:30Z,JITX,18,http://www.jitx.com,Summer 2018,Active,Automatic circuit board design.,Automation; AI,"San Francisco, CA, USA",
1.0,STARTUP,Y Combinator Directory,https://www.ycombinator.com/companies/medinas-health,2026-08-27T12:14:30Z,Medinas Health,15,https://www.medinas.com/,Summer 2018,Inactive,Medinas helps hospitals manage their inventory and buy and sell their…,Medical Devices; Healthcare; Supply Chain,"San Francisco, CA, USA; Remote",
1.0,STARTUP,Y Combinator Directory,https://www.ycombinator.com/companies/askmyclass-now-soundkins,2026-08-27T12:14:30Z,"AskMyClass, now Soundkins",2,https://soundkins.com/,Summer 2018,Active,Audio learning assistant for teachers and students.,AI-Enhanced Learning; Education,"San Francisco, CA, USA; Remote",
1.0,STARTUP,Y Combinator Directory,https://www.ycombinator.com/companies/spero-foods,2026-08-27T12:14:30Z,Spero Foods,,https://www.sperofoods.co/,Summer 2018,Inactive,dairy reinvented from plants,Consumer; Climate; Food; Food Tech,"San Francisco, CA, USA; Oakland, CA, USA",
1.0,STARTUP,Y Combinator Directory,https://www.ycombinator.com/companies/64x-bio,2026-08-27T12:14:30Z,64x Bio,25,http://www.64xbio.com,Summer 2018,Active,Enabling next generation medicines. A comprehensive platform and…,Gene Therapy; Machine Learning,"San Francisco, CA, USA",
1.0,STARTUP,Y Combinator Directory,https://www.ycombinator.com/companies/anima-app,2026-08-27T12:14:30Z,Anima App,20,https://www.animaapp.com,Summer 2018,Active,Anima - Design Agent | AgentGrid.io - Shared drive for humans & agents,Developer Tools; SaaS; B2B; Design Tools; AI,"Tel Aviv-Yafo, Tel Aviv District, Israel",
1.0,STARTUP,Y Combinator Directory,https://www.ycombinator.com/companies/tall-poppy,2026-08-27T12:14:30Z,Tall Poppy,10,https://tallpoppy.com,Summer 2018,Active,Protecting your employees against online harassment,Security; HR Tech,"Ottawa, ON, Canada",
1.0,STARTUP,Y Combinator Directory,https://www.ycombinator.com/companies/ixora,2026-08-27T12:14:30Z,Ixora,2,http://www.ixora.org,Summer 2018,Inactive,We create the digital outdoor environment for a movie. ,Entertainment; Media,"San Francisco, CA, USA; Palo Alto, CA, USA",
1.0,STARTUP,Y Combinator Directory,https://www.ycombinator.com/companies/labelflow,2026-08-27T12:14:30Z,LabelFlow,6,https://labelflow.ai/,Summer 2018,Inactive,GitHub for visual data,Computer Vision; Data Engineering; AI,"Nantes, Pays de la Loire, France; Remote",
1.0,STARTUP,Y Combinator Directory,https://www.ycombinator.com/companies/corvus-robotics,2026-08-27T12:14:30Z,Corvus Robotics,30,https://www.corvus-robotics.com,Summer 2018,Active,Autonomous drones to help warehouses scan inventory.,Warehouse Management Tech; Robotics; Drones; Logistics; Supply Chain,"San Francisco, CA, USA",
1.0,STARTUP,Y Combinator Directory,https://www.ycombinator.com/companies/duffel,2026-08-27T12:14:30Z,Duffel,55,https://duffel.com/,Summer 2018,Active,The complete toolkit to sell travel.,Airplanes; B2B; Travel; API; Transportation,"London, England, United Kingdom",
1.0,STARTUP,Y Combinator Directory,https://www.ycombinator.com/companies/impactive,2026-08-27T12:14:30Z,Impactive (formerly Outvote),15,https://www.impactive.io/,Summer 2018,Acquired,Political/civic tech helping progressive campaigns organize & mobilize,Election Tech; Civic Tech; GovTech,"Boston, MA, USA; Remote",
1.0,STARTUP,Y Combinator Directory,https://www.ycombinator.com/companies/regology,2026-08-27T12:14:30Z,Regology,60,http://regology.com,Summer 2018,Acquired,AI Agents for Regulatory Compliance,Legal; LegalTech; Regtech; AI,"San Francisco, CA, USA",
1.0,STARTUP,Y Combinator Directory,https://www.ycombinator.com/companies/quickchat-ai,2026-08-27T12:14:30Z,Quickchat AI,7,https://quickchat.ai/,Summer 2018,Active,Conversation Design platform to build Al Assistants tailored to your…,Artificial Intelligence; Chatbot; Conversational AI,"Warsaw, Masovian Voivodeship, Poland",
1.0,STARTUP,Y Combinator Directory,https://www.ycombinator.com/companies/dreamcraft-entertainment-inc,2026-08-27T12:14:30Z,"DreamCraft Entertainment, Inc.",23,https://www.dreamcraft.com/,Summer 2018,Active,Platform that allows anyone to create and monetize video games.,Developer Tools; Entertainment; Gaming,"San Francisco, CA, USA; Redwood City, CA, USA",
1.0,STARTUP,Y Combinator Directory,https://www.ycombinator.com/companies/rain-neuromorphics,2026-08-27T12:14:30Z,Rain Neuromorphics,12,http://www.rain-neuromorphics.com,Summer 2018,Acquired,We build artificial intelligence processors inspired by the brain.  ,Artificial Intelligence; Hardware; Neurotechnology,"San Francisco, CA, USA; Redwood City, CA, USA",
1.0,STARTUP,Y Combinator Directory,https://www.ycombinator.com/companies/bluecargo,2026-08-27T12:14:30Z,BlueCargo,35,http://www.bluecargo.io/,Summer 2018,Active,The automated solution for complex freight transactions.,Logistics; Supply Chain,"Los Angeles, CA, USA",
1.0,STARTUP,Y Combinator Directory,https://www.ycombinator.com/companies/alpha-vantage,2026-08-27T12:14:30Z,Alpha Vantage,8,https://www.alphavantage.co/,Summer 2018,Active,Developer-friendly and enterprise-grade APIs for financial market…,Developer Tools; SaaS; Analytics; API; AI,"Boston, MA, USA",
1.0,STARTUP,Y Combinator Directory,https://www.ycombinator.com/companies/famegame,2026-08-27T12:14:30Z,FameGame,2,https://itunes.apple.com/us/app/famegame-become-a-star/id1343049421?mt=8,Summer 2018,Inactive,Live and interactive TV shows for mobile - starting with American…,Entertainment; Live,,
1.0,STARTUP,Y Combinator Directory,https://www.ycombinator.com/companies/stem-sugar,2026-08-27T12:14:30Z,The Supplant Company,15,https://supplant.com,Summer 2018,Inactive,A brand-new blend of sugars – made from plant fiber!,Food Tech; Sustainable Agriculture,"Cambridge, England, United Kingdom; England, United Kingdom",
1.0,STARTUP,Y Combinator Directory,https://www.ycombinator.com/companies/prodigal,2026-08-27T12:14:30Z,Prodigal,99,https://prodigaltech.com/,Summer 2018,Active,Lending Intelligence Software,Fintech; SaaS; Consumer Finance; AI,"San Francisco, CA, USA",
1.0,STARTUP,Y Combinator Directory,https://www.ycombinator.com/companies/calii,2026-08-27T12:14:30Z,Calii,750,https://calii.com,Summer 2018,Active,Full-stack grocery delivery in LatAm,Grocery; Marketplace; Logistics; Supply Chain,"Monterrey, N.L., Mexico; N.L., Mexico",
1.0,STARTUP,Y Combinator Directory,https://www.ycombinator.com/companies/tenderd,2026-08-27T12:14:30Z,TENDERD,60,https://www.tenderd.com/,Summer 2018,Active,AI Platform for Efficient and Sustainable Operations,Construction; Logistics; Energy; Mining; AI,"Dubai, United Arab Emirates",
1.0,STARTUP,Y Combinator Directory,https://www.ycombinator.com/companies/bot-md,2026-08-27T12:14:30Z,Bot MD,15,https://www.botmd.io,Summer 2018,Active,AI Clinical Assistant for Doctors,,"Singapore, Singapore",
1.0,STARTUP,Y Combinator Directory,https://www.ycombinator.com/companies/shelf-engine,2026-08-27T12:14:30Z,Shelf Engine,40,http://www.shelfengine.com,Summer 2018,Acquired,Transforms how grocery stores buy highly perishable foods.,Machine Learning,"Seattle, WA, USA",
1.0,STARTUP,Y Combinator Directory,https://www.ycombinator.com/companies/eden-2,2026-08-27T12:14:30Z,Eden,55,https://edenmed.com,Summer 2018,Active,Developing AI to unleash diagnostic abundance.,Digital Health; Healthcare,"Mexico City, CDMX, Mexico",
1.0,STARTUP,Y Combinator Directory,https://www.ycombinator.com/companies/skydropx,2026-08-27T12:14:30Z,SkydropX,320,http://skydropx.com,Summer 2018,Active,Logistic Management System for E-commerce & Retail in Mexico. ,Marketplace; SaaS; Logistics,"Monterrey, N.L., Mexico",
1.0,STARTUP,Y Combinator Directory,https://www.ycombinator.com/companies/brainhi,2026-08-27T12:14:30Z,BrainHi,18,https://www.brainhi.com,Summer 2018,Active,Automated receptionist that answers missed calls for local businesses ,Artificial Intelligence; SaaS,"San Juan, San Juan, Puerto Rico",
1.0,STARTUP,Y Combinator Directory,https://www.ycombinator.com/companies/khatabook,2026-08-27T12:14:30Z,Khatabook,350,https://khatabook.com/,Summer 2018,Active,Manage your ledgers and avail Financial Services like Lending on your…,Fintech,"Bengaluru, KA, India",
1.0,STARTUP,Y Combinator Directory,https://www.ycombinator.com/companies/kobo360,2026-08-27T12:14:30Z,Kobo360,204,http://www.kobo360.com,Summer 2018,Inactive,Africa's leading supply chain technology platform. ,Logistics,"Lagos, LA, Nigeria; Kampala, Central Region, Uganda",
1.0,STARTUP,Y Combinator Directory,https://www.ycombinator.com/companies/mutiny,2026-08-27T12:14:30Z,Mutiny,20,https://www.mutinyhq.com,Summer 2018,Active,"Your AI agent for creating anything customer-facing, in minutes.",Artificial Intelligence; SaaS; B2B,"New York City, NY, USA",
1.0,STARTUP,Y Combinator Directory,https://www.ycombinator.com/companies/synkrino-biotherapeutics,2026-08-27T12:14:30Z,Synkrino Biotherapeutics,2,http://www.synkrino.bio,Summer 2018,Active,"Synkrino's AI, SATIS is a powerful, unbiased discovery system for…",AI-powered Drug Discovery; Biotech,"San Francisco, CA, USA; Oakland, CA, USA",
1.0,STARTUP,Y Combinator Directory,https://www.ycombinator.com/companies/dnovo,2026-08-27T12:14:30Z,dNovo,4,http://dnovobio.com/,Summer 2018,Inactive,The cure for hair loss.,Anti-Aging,"San Francisco, CA, USA; San Jose, CA, USA",
1.0,STARTUP,Y Combinator Directory,https://www.ycombinator.com/companies/leena-ai,2026-08-27T12:14:30Z,Leena AI,500,https://www.leena.ai,Summer 2018,Active,We at Leena AI build a virtual assistant that answers employee's…,Artificial Intelligence; Generative AI; Chatbot; Enterprise Software; AI Assistant,"New York City, NY, USA; New Delhi, DL, India",
1.0,STARTUP,Y Combinator Directory,https://www.ycombinator.com/companies/juzibot,2026-08-27T12:14:30Z,JuziBot,34,https://www.juzibot.com/,Winter 2019,Active,"Intercom for WeChat, help companies to acquire,  engage, retain…",Chatbot; Analytics; Customer Support,"Beijing, Beijing, China",
1.0,STARTUP,Y Combinator Directory,https://www.ycombinator.com/companies/spate,2026-08-27T12:14:30Z,SPATE,15,https://www.spate.nyc,Summer 2018,Active,Trends prediction for marketers,Machine Learning; AI,"New York City, NY, USA; New York, NY, USA; Remote",
1.0,STARTUP,Y Combinator Directory,https://www.ycombinator.com/companies/enveritas,2026-08-27T12:14:30Z,Enveritas,60,http://www.enveritas.org,Summer 2018,Active,We verify global supply chains for issues like child slavery and…,Sustainability; Supply Chain,"New York City, NY, USA; New York, NY, USA",
1.0,STARTUP,Y Combinator Directory,https://www.ycombinator.com/companies/lemonbox,2026-08-27T12:14:30Z,LemonBox,20,http://www.lemonbox.com/,Summer 2018,Active,"AI-generated personalized nutrition solutions, built for you daily.",Generative AI; Health Tech; Health & Wellness; AI; China,"San Francisco, CA, USA",
1.0,STARTUP,Y Combinator Directory,https://www.ycombinator.com/companies/ilabservice,2026-08-27T12:14:30Z,iLabService,50,https://www.ilabservice.ai,Summer 2018,Active,"AIoT monitoring, workflow, and evidence systems for regulated labs.",SaaS; IoT; Productivity; AI Assistant,"Shanghai, Shanghai, China",
1.0,STARTUP,Y Combinator Directory,https://www.ycombinator.com/companies/aesthetic,2026-08-27T12:14:30Z,Aesthetic,4,https://www.aesthetic.com,Summer 2018,Active,Your AI-powered creative apprentice 🪄,Design; AI,"New York City, NY, USA; New York, NY, USA; Remote",
1.0,STARTUP,Y Combinator Directory,https://www.ycombinator.com/companies/kunduz,2026-08-27T12:14:30Z,Kunduz,85,https://kunduz.com/,Summer 2018,Active,Kunduz provides instant answers to students' questions and makes…,AI-Enhanced Learning; Artificial Intelligence; Education; Marketplace,"Istanbul, Istanbul, Turkey; Remote",
1.0,STARTUP,Y Combinator Directory,https://www.ycombinator.com/companies/overview,2026-08-27T12:14:30Z,Overview,40,https://overview.ai,Winter 2019,Active,"Reshaping industrial quality with AI, hardware, and software",Deep Learning; IoT; Computer Vision; Manufacturing; AI,"San Francisco, CA, USA",
1.0,STARTUP,Y Combinator Directory,https://www.ycombinator.com/companies/taobotics,2026-08-27T12:14:30Z,Taobotics,11,http://www.taobotics.com,Winter 2019,Active,Autonomous robots for retails. ,Robotics; Retail Tech,"Shenzhen, Guangdong, China",
1.0,STARTUP,Y Combinator Directory,https://www.ycombinator.com/companies/flockjay,2026-08-27T12:14:30Z,Flockjay,10,https://flockjay.com,Winter 2019,Active,"AI-driven learning, content, and coaching for sales teams",Artificial Intelligence; SaaS; eLearning; Productivity; Sales,"San Francisco, CA, USA; Remote",
1.0,STARTUP,Y Combinator Directory,https://www.ycombinator.com/companies/positive,2026-08-27T12:14:30Z,Positive,47,https://www.positive.co,Winter 2019,Active,B2B supplier of fresh/healthy packaged food,Consumer; Logistics; Supply Chain; Food Tech; Retail,"Los Angeles, CA, USA",
1.0,STARTUP,Y Combinator Directory,https://www.ycombinator.com/companies/allsome-fulfillment,2026-08-27T12:14:30Z,AllSome Fulfillment,18,https://www.allsome.com,Winter 2019,Active,Fulfillment platform to build Southeast Asia e-commerce operations,Warehouse Management Tech; B2B; AI,"Kuala Lumpur, Federal Territory of Kuala Lumpur, Malaysia; Shah Alam, Selangor, Malaysia; Remote",
1.0,STARTUP,Y Combinator Directory,https://www.ycombinator.com/companies/pachama,2026-08-27T12:14:30Z,Pachama,85,http://pachama.com,Winter 2019,Acquired,Restoring nature to solve climate change.,Carbon Capture and Removal; Machine Learning; Climate,"San Francisco, CA, USA; Remote",
1.0,STARTUP,Y Combinator Directory,https://www.ycombinator.com/companies/keeper-2,2026-08-27T12:14:30Z,Keeper,16,https://keepertax.com,Winter 2019,Active,AI tax filing for complex returns,Fintech; Consumer,"San Francisco, CA, USA",
1.0,STARTUP,Y Combinator Directory,https://www.ycombinator.com/companies/centaur,2026-08-27T12:14:30Z,Centaur,45,https://centaur.ai/,Winter 2019,Active,We Create Superior Data By Making Annotation Competitive,Artificial Intelligence; Data Science; Crowdsourcing; Data Labeling,"Boston, MA, USA",
1.0,STARTUP,Y Combinator Directory,https://www.ycombinator.com/companies/spaceryde,2026-08-27T12:14:30Z,SpaceRyde,33,http://www.spaceryde.com,Winter 2019,Inactive,The Rocket Network: Sustainable & On-Demand Delivery Anywhere in Space,Air Taxis; Commercial Space Launch; Hardware; Sustainable Tourism; Space Exploration,"San Francisco, CA, USA; Toronto, ON, Canada",
1.0,STARTUP,Y Combinator Directory,https://www.ycombinator.com/companies/sunsama,2026-08-27T12:14:30Z,Sunsama,7,https://sunsama.com,Winter 2019,Active,Daily planner for busy professionals,Productivity; Scheduling,"Kailua, HI, USA; Oakland, CA, USA; Remote",
1.0,STARTUP,Y Combinator Directory,https://www.ycombinator.com/companies/sorting-robotics,2026-08-27T12:14:30Z,Sorting Robotics,12,https://www.sortingrobotics.com/,Winter 2019,Active,We create automation technology for the cannabis industry.,Robotic Process Automation; Robotics; Computer Vision,"Los Angeles, CA, USA",
1.0,STARTUP,Y Combinator Directory,https://www.ycombinator.com/companies/windsor,2026-08-27T12:14:30Z,Windsor,5,https://windsor.io,Winter 2019,Acquired,AI Powered Personalized Videos,Artificial Intelligence; SaaS; B2B,"San Francisco, CA, USA; Remote",
1.0,STARTUP,Y Combinator Directory,https://www.ycombinator.com/companies/hatch,2026-08-27T12:14:30Z,Hatch,73,http://usehatch.ai,Winter 2019,Acquired,The AI CSR Platform,SaaS; B2B; AI,"San Francisco, CA, USA",
1.0,STARTUP,Y Combinator Directory,https://www.ycombinator.com/companies/brainkey,2026-08-27T12:14:30Z,BrainKey,20,https://www.brainkey.ai/,Winter 2019,Active,Brain Longevity,Neurotechnology; Health Tech; Digital Health; AI,"San Francisco, CA, USA",
1.0,STARTUP,Y Combinator Directory,https://www.ycombinator.com/companies/golinks,2026-08-27T12:14:30Z,GoLinks,70,https://www.golinks.io,Winter 2019,Active,"Intuitive, easy-to-remember short links - powered by AI.",SaaS; Productivity; Collaboration,"San Francisco, CA, USA; San Jose, CA, USA; Remote",
1.0,STARTUP,Y Combinator Directory,https://www.ycombinator.com/companies/tailornova-couturme,2026-08-27T12:14:30Z,Tailornova/Couturme,9,http://patternfast.com,Winter 2019,Active,AI for Instantly Manufacturable Fashion,Artificial Intelligence; Apparel; Fashion; AI,"San Francisco, CA, USA; Remote",
1.0,STARTUP,Y Combinator Directory,https://www.ycombinator.com/companies/adventurous-co,2026-08-27T12:14:30Z,Adventurous Co,2,http://adventurous.co,Winter 2019,Inactive,Disney meets Airbnb Experiences,Travel,"San Francisco, CA, USA",
1.0,STARTUP,Y Combinator Directory,https://www.ycombinator.com/companies/community-phone-company,2026-08-27T12:14:30Z,Community Phone Company,101,https://www.communityphone.org/,Winter 2019,Active,The phone that gives families peace of mind about aging parents,Artificial Intelligence; SaaS; B2B; Customer Support; Telecommunications,"San Francisco, CA, USA; Remote",
1.0,STARTUP,Y Combinator Directory,https://www.ycombinator.com/companies/basilica,2026-08-27T12:14:30Z,Basilica,2,https://www.basilica.ai,Winter 2019,Inactive,Basilica is an API that embeds high-dimensional data like images and…,Machine Learning; API,"San Francisco, CA, USA",
1.0,STARTUP,Y Combinator Directory,https://www.ycombinator.com/companies/weathercheck,2026-08-27T12:14:30Z,WeatherCheck,10,https://www.weathercheck.co/,Winter 2019,Active,WeatherCheck monitors properties for hail damage so that insurance…,Weather; Insurance,"Louisville, KY, USA",
1.0,STARTUP,Y Combinator Directory,https://www.ycombinator.com/companies/sapling-ai,2026-08-27T12:14:30Z,Sapling.ai,2,https://sapling.ai,Winter 2019,Active,Language models for enterprise applications.,Artificial Intelligence; Deep Learning; Generative AI; Machine Learning; B2B,"Los Angeles, CA, USA",
1.0,STARTUP,Y Combinator Directory,https://www.ycombinator.com/companies/nabis,2026-08-27T12:14:30Z,Nabis,700,https://www.nabis.com/,Winter 2019,Active,Nabis is the largest licensed cannabis wholesale platform.,Fintech; Marketplace; B2B; Cannabis; Analytics,"New York City, NY, USA",
1.0,STARTUP,Y Combinator Directory,https://www.ycombinator.com/companies/forage,2026-08-27T12:14:30Z,Forage,65,https://www.theforage.com/,Winter 2019,Acquired,"Online job simulations for companies to train, and then hire, students",Education; SaaS,"San Francisco, CA, USA; Remote",
1.0,STARTUP,Y Combinator Directory,https://www.ycombinator.com/companies/demodesk,2026-08-27T12:14:30Z,Demodesk,25,https://demodesk.com,Winter 2019,Active,AI-powered sales coaching,SaaS; B2B; Sales; Video; AI,"Munich, BY, Germany",
1.0,STARTUP,Y Combinator Directory,https://www.ycombinator.com/companies/ai-insurance,2026-08-27T12:14:30Z,AI Insurance,16,https://www.aiinsurance.io,Winter 2019,Active,AI Insurance is the platform that runs insurance companies,Artificial Intelligence; Insurance,"New York City, NY, USA; San Francisco, CA, USA",
1.0,STARTUP,Y Combinator Directory,https://www.ycombinator.com/companies/switchboard,2026-08-27T12:14:30Z,Switchboard,24,https://www.onswitchboard.com,Winter 2019,Active,Technology for Trucking,Autonomous Trucking; SaaS; B2B; Logistics,"Vancouver, BC, Canada",
1.0,STARTUP,Y Combinator Directory,https://www.ycombinator.com/companies/viosera-therapeutics,2026-08-27T12:14:30Z,ResistanceBio,15,http://www.resistance.bio,Winter 2019,Inactive,We solve drug resistance for cancer,AI-powered Drug Discovery,"San Francisco, CA, USA; Overland, MO, USA",
1.0,STARTUP,Y Combinator Directory,https://www.ycombinator.com/companies/evo-do,2026-08-27T12:14:30Z,Evo.Do,2,http://www.evo.do/,Winter 2019,Inactive,QA Bots for Games,Artificial Intelligence; Gaming,"Tel Aviv-Yafo, Tel Aviv District, Israel",
1.0,STARTUP,Y Combinator Directory,https://www.ycombinator.com/companies/docucharm,2026-08-27T12:14:30Z,Docucharm,2,http://www.docucharm.com,Winter 2019,Inactive,Automate paperwork by turning documents into structured data.,Artificial Intelligence; NLP,"San Francisco, CA, USA; Mountain View, CA, USA",
1.0,STARTUP,Y Combinator Directory,https://www.ycombinator.com/companies/askdata,2026-08-27T12:14:30Z,Askdata,17,http://www.askdata.com,Winter 2019,Acquired,Frictionless Data,Artificial Intelligence,"San Francisco, CA, USA",
1.0,STARTUP,Y Combinator Directory,https://www.ycombinator.com/companies/probably-genetic,2026-08-27T12:14:30Z,Probably Genetic,17,https://www.probablygenetic.com/,Winter 2019,Active,Patient Intelligence Platform for Genetic Disease ,Health Tech; Biotech; Genomics; AI,"San Francisco, CA, USA",
1.0,STARTUP,Y Combinator Directory,https://www.ycombinator.com/companies/superorder,2026-08-27T12:14:30Z,Superorder,30,https://superorder.com/,Summer 2019,Active,AI customer reputation & performance management for restaurant chains.,Artificial Intelligence; SaaS; B2B; Restaurant Tech; Food Tech,"New York City, NY, USA",
1.0,STARTUP,Y Combinator Directory,https://www.ycombinator.com/companies/maitian-ai,2026-08-27T12:14:30Z,Maitian.ai,5,https://maitian.ai,Winter 2019,Inactive,"We make $1,000 Amazon Go stores.",Retail Tech,"Singapore, Singapore",
1.0,STARTUP,Y Combinator Directory,https://www.ycombinator.com/companies/bunkerhill-health,2026-08-27T12:14:30Z,Bunkerhill Health,30,http://bunkerhillhealth.com,Winter 2019,Active,Bunkerhill is the agentic AI platform for health systems,Health Tech; AI,"San Francisco, CA, USA",
1.0,STARTUP,Y Combinator Directory,https://www.ycombinator.com/companies/landed-2,2026-08-27T12:14:30Z,Landed,50,https://www.gotlanded.com,Winter 2019,Active,Generative AI for frontline worker hiring,Marketplace; Recruiting,"New York City, NY, USA",
1.0,STARTUP,Y Combinator Directory,https://www.ycombinator.com/companies/autodial-prev-qwest,2026-08-27T12:14:30Z,Autodial prev Qwest,1,https://www.autodial.com,Winter 2019,Active,Skip Busy Phone Lines,Artificial Intelligence; Machine Learning; Telecommunications; AI,"Miami, FL, USA; Remote",
1.0,STARTUP,Y Combinator Directory,https://www.ycombinator.com/companies/axel-travel,2026-08-27T12:14:30Z,Axel Travel,20,https://helloaxel.com/,Winter 2019,Active,AI agent that saves you money on travel,Travel,"Seattle, WA, USA",
1.0,STARTUP,Y Combinator Directory,https://www.ycombinator.com/companies/dailydoctor,2026-08-27T12:14:30Z,DailyDoctor,,https://www.mydailydoctor.com,Winter 2019,Inactive,"Daily telehealth care for people with COPD, CHF, hypertension, and…",Digital Health; Healthcare; Telemedicine,"San Francisco, CA, USA; San Jose, CA, USA; Remote",
1.0,STARTUP,Y Combinator Directory,https://www.ycombinator.com/companies/aura-vision,2026-08-27T12:14:30Z,Aura Vision,10,https://auravision.ai,Winter 2019,Active,In-store analytics AI assistant to fix your retail stores,SaaS; IoT; Computer Vision,"London, England, United Kingdom",
1.0,STARTUP,Y Combinator Directory,https://www.ycombinator.com/companies/jetpack-aviation,2026-08-27T12:14:30Z,JetPack Aviation,9,http://www.jetpackaviation.com,Winter 2019,Active,Flying motorcycles,Air Taxis; Drones; Airplanes,"Los Angeles, CA, USA",
1.0,STARTUP,Y Combinator Directory,https://www.ycombinator.com/companies/reelables,2026-08-27T12:14:30Z,Reelables,,http://reelables.com,Winter 2019,Active,The Future of Supply Chain Data Tracking and Visibility,,"London, England, United Kingdom",
1.0,STARTUP,Y Combinator Directory,https://www.ycombinator.com/companies/heart-aerospace,2026-08-27T12:14:30Z,Heart Aerospace,50,http://www.heartaerospace.com,Winter 2019,Active,Heart makes electric airplanes with an all-electric range of 250 miles,Climate; Electric Vehicles; Aerospace,"Los Angeles, CA, USA",
1.0,STARTUP,Y Combinator Directory,https://www.ycombinator.com/companies/hypnos,2026-08-27T12:14:30Z,Hypnos,3,http://hypnos.ai,Winter 2019,Inactive,AI-powered sleep coach learns and optimizes your sleep,Sleep Tech; Consumer; AI,"Dallas, TX, USA; Remote",
1.0,STARTUP,Y Combinator Directory,https://www.ycombinator.com/companies/superb-ai,2026-08-27T12:14:30Z,Superb AI,65,https://www.superb-ai.com,Winter 2019,Active,Superb AI provides end-to-end computer vision MLOps platform,AIOps; Artificial Intelligence; SaaS; B2B; ML,"Seoul, Seoul, South Korea",
1.0,STARTUP,Y Combinator Directory,https://www.ycombinator.com/companies/traverse-technologies,2026-08-27T12:14:30Z,Traverse Technologies,6,https://traverse.ai,Winter 2019,Inactive,AI driven professional engineering firm,Robotic Process Automation; B2B; Climate; Energy; Renewable Energy,"Singapore, Singapore",
1.0,STARTUP,Y Combinator Directory,https://www.ycombinator.com/companies/our-world-in-data,2026-08-27T12:14:30Z,Our World in Data,19,https://ourworldindata.org/,Winter 2019,Active,Research and data to make progress against the world’s largest…,Nonprofit,"Oxford, England, United Kingdom; Remote",
1.0,STARTUP,Y Combinator Directory,https://www.ycombinator.com/companies/nowports,2026-08-27T12:14:30Z,Nowports,550,https://nowports.com/,Winter 2019,Active,The core engine of supply chain in LATAM,,,
1.0,STARTUP,Y Combinator Directory,https://www.ycombinator.com/companies/beacons,2026-08-27T12:14:30Z,Beacons,35,https://beacons.ai/,Summer 2019,Active,"An AI-powered, all-in-one business platform for content creators",SaaS,"San Francisco, CA, USA",
1.0,STARTUP,Y Combinator Directory,https://www.ycombinator.com/companies/glide,2026-08-27T12:14:30Z,Glide,46,https://www.glideapps.com,Winter 2019,Active,"Glide turns spreadsheets into beautiful, intelligent apps.",Artificial Intelligence; Developer Tools; B2B; No-code; Enterprise Software,"San Francisco, CA, USA; Remote",
1.0,STARTUP,Y Combinator Directory,https://www.ycombinator.com/companies/axdraft,2026-08-27T12:14:30Z,AXDRAFT,34,https://axdraft.com,Winter 2019,Acquired,"AXDRAFT helps corporations draft, negotiate and approve documents 10x…",Machine Learning; SaaS; LegalTech,"Kyiv, Ukraine; Frankfurt, HE, Germany; Lviv, Lviv Oblast, Ukraine",
1.0,STARTUP,Y Combinator Directory,https://www.ycombinator.com/companies/frubana-inc,2026-08-27T12:14:30Z,Frubana Inc,384,https://www.frubana.com,Winter 2019,Inactive,The everything store for restaurants in LATAM.,Fintech; B2B; Logistics,"São Paulo, SP, Brazil",
1.0,STARTUP,Y Combinator Directory,https://www.ycombinator.com/companies/sublime-black,2026-08-27T12:14:30Z,Sublime Black,,http://sublimeblack.com,Winter 2019,Inactive,Automating Cyber Security Incident Response Through Artificial…,Artificial Intelligence; Cybersecurity; Enterprise,,
1.0,STARTUP,Y Combinator Directory,https://www.ycombinator.com/companies/mars-auto,2026-08-27T12:14:30Z,Mars Auto,15,https://marsauto.com,Winter 2019,Active,Autonomous trucks to fully automate long-haul freight shipping,Artificial Intelligence; Autonomous Trucking; Robotics,"Seoul, Seoul, South Korea",
1.0,STARTUP,Y Combinator Directory,https://www.ycombinator.com/companies/allure-systems,2026-08-27T12:14:30Z,Allure Systems,18,http://www.alluresystems.com/,Winter 2019,Acquired,A.I. to create stunning fashion images for eCommerce. ,Generative AI; Computer Vision; E-commerce; AI,"New York City, NY, USA; New York, NY, USA",
1.0,STARTUP,Y Combinator Directory,https://www.ycombinator.com/companies/workclout,2026-08-27T12:14:30Z,WorkClout,6,https://www.workclout.com,Winter 2019,Acquired,Safety & quality software for industrial sectors. ,Industrial Workplace Safety; SaaS,"Los Angeles, CA, USA",
1.0,STARTUP,Y Combinator Directory,https://www.ycombinator.com/companies/latchel,2026-08-27T12:14:30Z,Latchel,,http://latchel.com,Winter 2019,Active,24/7 emergency maintenance department for property managers and…,SaaS,"Seattle, WA, USA; Remote",
1.0,STARTUP,Y Combinator Directory,https://www.ycombinator.com/companies/tailor-ed,2026-08-27T12:14:30Z,Tailor-ED,10,https://www.tailor-ed.com/,Winter 2019,Inactive,AI-powered corporate learning for accelerated employee growth & skill…,AI-Enhanced Learning; Artificial Intelligence; Education; Productivity,"Tel Aviv-Yafo, Tel Aviv District, Israel",
1.0,STARTUP,Y Combinator Directory,https://www.ycombinator.com/companies/cosmic,2026-08-27T12:14:30Z,Cosmic,5,https://www.cosmicjs.com,Winter 2019,Active,Cosmic is an AI-powered headless CMS,Developer Tools; API,"San Francisco, CA, USA; Remote",
1.0,STARTUP,Y Combinator Directory,https://www.ycombinator.com/companies/outrival-inc,2026-08-27T12:14:30Z,"OutRival, Inc.",15,https://outrival.com/,Winter 2019,Active,"Outbound AI Agents for Education, Insurance, and Travel",Artificial Intelligence; Education; Travel; Insurance; Customer Service,"Miami, FL, USA",
1.0,STARTUP,Y Combinator Directory,https://www.ycombinator.com/companies/1910,2026-08-27T12:14:30Z,1910,20,http://1910.ai,Winter 2019,Active,Multimodal AI Platform for Modality Agnostic Drug Discovery™,AI-powered Drug Discovery,"Boston, MA, USA",
1.0,STARTUP,Y Combinator Directory,https://www.ycombinator.com/companies/numero,2026-08-27T12:14:30Z,Numero,15,https://www.numero.ai,Winter 2019,Active,Modern fundraising software for political campaigns and nonprofits.,Fintech; SaaS,"San Francisco, CA, USA; Remote",
1.0,STARTUP,Y Combinator Directory,https://www.ycombinator.com/companies/rct-studio,2026-08-27T12:14:30Z,rct AI,40,http://rct.ai,Winter 2019,Active,build AI NPCs,Reinforcement Learning; Gaming; Metaverse,"Los Angeles, CA, USA",
1.0,STARTUP,Y Combinator Directory,https://www.ycombinator.com/companies/eclipse-foods,2026-08-27T12:14:30Z,Eclipse Foods,,http://www.eclipsefoods.com,Winter 2019,Active,"Eclipse Foods is building the future of dairy using micelles, the…",Consumer; Climate; Food Tech,"San Francisco, CA, USA; Oakland, CA, USA",
1.0,STARTUP,Y Combinator Directory,https://www.ycombinator.com/companies/shipper,2026-08-27T12:14:30Z,Shipper,600,https://shipper.id,Winter 2019,Active,Southeast Asia’s e-commerce logistics and enablement platform,Logistics; E-commerce,"Jakarta, Jakarta, Indonesia",
1.0,STARTUP,Y Combinator Directory,https://www.ycombinator.com/companies/spiral-genetics,2026-08-27T12:14:30Z,Spiral Genetics,7,http://www.spiralgenetics.com,Winter 2019,Inactive,Large Scale Genomic Data Mining Software,Machine Learning; Genomics,"Seattle, WA, USA",
1.0,STARTUP,Y Combinator Directory,https://www.ycombinator.com/companies/playground,2026-08-27T12:14:30Z,Playground,3,https://playground.com,Summer 2019,Inactive,Make graphics like a Pro without being one,Artificial Intelligence; Generative AI,"San Francisco, CA, USA; Remote",
1.0,STARTUP,Y Combinator Directory,https://www.ycombinator.com/companies/mofe,2026-08-27T12:14:30Z,MoFE,1,https://mofe.co/,Summer 2019,Inactive,Next generation Disney.,Virtual Reality; Entertainment; Media,"New York City, NY, USA; New York, NY, USA",
1.0,STARTUP,Y Combinator Directory,https://www.ycombinator.com/companies/matagora,2026-08-27T12:14:30Z,matagora,5,https://www.matagora.com,Summer 2019,Active,Empowering local retailers with tech that works for them.,Marketplace; Marketing; Retail Tech; Retail,"Montreal, QC, Canada; Remote",
1.0,STARTUP,Y Combinator Directory,https://www.ycombinator.com/companies/cuboh,2026-08-27T12:14:30Z,Cuboh,50,https://www.cuboh.com,Summer 2019,Acquired,We help restaurants manage their online orders.,SaaS; Food Tech,"Victoria, BC, Canada",
1.0,STARTUP,Y Combinator Directory,https://www.ycombinator.com/companies/shiru,2026-08-27T12:14:30Z,Shiru,4,https://www.shiru.com/,Summer 2019,Active,Shiru leverages ML to create proteins to feed the world sustainably. ,AI-powered Drug Discovery; Cellular Agriculture; Machine Learning,"Emeryville, CA, USA",
1.0,STARTUP,Y Combinator Directory,https://www.ycombinator.com/companies/figments,2026-08-27T12:14:30Z,Figments,2,https://plotdrive.com,Summer 2019,Active,Building worlds at technological inflection points,Artificial Intelligence; Entertainment; Media; Creator Economy; AI Assistant,"Los Angeles, CA, USA",
1.0,STARTUP,Y Combinator Directory,https://www.ycombinator.com/companies/palifer,2026-08-27T12:14:30Z,Palifer,2,https://www.palifer.com,Summer 2019,Acquired,Predictive maintenance models for trains and heavy industry,Artificial Intelligence,"San Francisco, CA, USA",
1.0,STARTUP,Y Combinator Directory,https://www.ycombinator.com/companies/symplex,2026-08-27T12:14:30Z,Symplex,8,,Summer 2019,Acquired,Applied Reinforcement Learning Research Laboratory,Artificial Intelligence; Data Engineering; AI Assistant,"New York City, NY, USA",
1.0,STARTUP,Y Combinator Directory,https://www.ycombinator.com/companies/kraftful,2026-08-27T12:14:30Z,Kraftful,6,http://www.kraftful.com/,Summer 2019,Acquired,Copilot for product teams,Artificial Intelligence; Generative AI; B2B; NLP; AI,"San Francisco, CA, USA; Remote",
1.0,STARTUP,Y Combinator Directory,https://www.ycombinator.com/companies/well-principled,2026-08-27T12:14:30Z,Well Principled,3,https://wellprincipled.com,Summer 2019,Active,The neural engine for autonomous robots,Artificial Intelligence; Hard Tech; Neurotechnology; Robotics,"St. Louis, MO, USA",
1.0,STARTUP,Y Combinator Directory,https://www.ycombinator.com/companies/mighty-health,2026-08-27T12:14:30Z,Mighty Health,7,http://www.mightyhealth.com,Summer 2019,Inactive,All-in-one health program helping seniors with their daily function,Consumer Health Services,"San Francisco, CA, USA; Remote",
1.0,STARTUP,Y Combinator Directory,https://www.ycombinator.com/companies/prompt,2026-08-27T12:14:30Z,Prompt,1,https://www.getprompt.app/,Summer 2019,Inactive,Helping busy professionals understand and maintain their relationships,CRM,,
1.0,STARTUP,Y Combinator Directory,https://www.ycombinator.com/companies/short-story,2026-08-27T12:14:30Z,Short Story,120,https://shortstorybox.com,Summer 2019,Active,Modern ecommerce for petite women,Machine Learning; Marketplace; E-commerce,"San Francisco, CA, USA",
1.0,STARTUP,Y Combinator Directory,https://www.ycombinator.com/companies/voyage-biomedical,2026-08-27T12:14:30Z,Voyage Biomedical,3,https://voyage.bio,Summer 2019,Acquired,Using cooling to end brain damage during stroke.,Hardware; Neurotechnology; Medical Devices,"San Francisco, CA, USA; Berkeley, CA, USA",
1.0,STARTUP,Y Combinator Directory,https://www.ycombinator.com/companies/trm-labs,2026-08-27T12:14:30Z,TRM Labs,400,https://trmlabs.com/,Summer 2019,Active,TRM is building a safer world for billions of people.,Fintech; Machine Learning; GovTech; Cybersecurity; Data Engineering,"San Francisco, CA, USA; Remote",
1.0,STARTUP,Y Combinator Directory,https://www.ycombinator.com/companies/soteris,2026-08-27T12:14:30Z,Soteris,4,http://www.soteris.co,Summer 2019,Active,We write ML software to more accurately select & price insurance risk.,Fintech; Machine Learning; AI,"San Francisco, CA, USA",
1.0,STARTUP,Y Combinator Directory,https://www.ycombinator.com/companies/lantern,2026-08-27T12:14:30Z,Lantern,4,https://www.lantern.so,Summer 2019,Inactive,User behavior monitoring for modern product teams,Artificial Intelligence,"San Francisco, CA, USA; Remote",
1.0,STARTUP,Y Combinator Directory,https://www.ycombinator.com/companies/audiofocus,2026-08-27T12:14:30Z,AudioFocus,4,http://audiofocus.io,Summer 2019,Inactive,"Hearing aids that work in noisy places, like restaurants, using ML.",Deep Learning; Hardware; Medical Devices,"San Francisco, CA, USA; Oakland, CA, USA",
1.0,STARTUP,Y Combinator Directory,https://www.ycombinator.com/companies/prolific,2026-08-27T12:14:30Z,Prolific,180,https://www.prolific.com,Summer 2019,Active,"Making diverse, high-quality data easily available to anyone, anywhere",AIOps; Marketplace,"London, England, United Kingdom",
1.0,STARTUP,Y Combinator Directory,https://www.ycombinator.com/companies/dashblock,2026-08-27T12:14:30Z,Dashblock,3,https://dashblock.com,Summer 2019,Inactive,Turn any website into an API,Developer Tools; Machine Learning; Robotic Process Automation,"Paris, Île-de-France, France",
1.0,STARTUP,Y Combinator Directory,https://www.ycombinator.com/companies/gen1e-lifesciences,2026-08-27T12:14:30Z,GEn1E Lifesciences,,https://www.gen1e.com,Summer 2019,Active,AI platform accelerating therapies for rare & inflammatory diseases.,Artificial Intelligence; Biotech; Healthcare; Drug discovery,"San Francisco, CA, USA",
1.0,STARTUP,Y Combinator Directory,https://www.ycombinator.com/companies/embrace,2026-08-27T12:14:30Z,Embrace,62,https://embrace.io,Summer 2019,Active,Modern user-focused observability built on OpenTelemetry,Artificial Intelligence; SaaS; Open Source; Data Engineering,"Los Angeles, CA, USA; Remote",
1.0,STARTUP,Y Combinator Directory,https://www.ycombinator.com/companies/mindset-health,2026-08-27T12:14:30Z,Mindset Health,35,https://www.mindsethealth.com,Summer 2019,Active,Building AI therapeutics for physical health conditions like IBS.,Health Tech; Telehealth; Digital Health; Women's Health; Mental Health,"Melbourne, VIC, Australia",
1.0,STARTUP,Y Combinator Directory,https://www.ycombinator.com/companies/yummy-future,2026-08-27T12:14:30Z,Yummy Future,7,https://yummy-future.com,Summer 2019,Active,We build robotic workforces for the food & beverage industry.,Artificial Intelligence; Hard Tech; Hardware; Robotics; AI,"Champaign, IL, USA",
1.0,STARTUP,Y Combinator Directory,https://www.ycombinator.com/companies/upequity,2026-08-27T12:14:30Z,UpEquity,90,http://www.upequity.com,Summer 2019,Active,UpEquity gives homebuyers more certainty and power. ,Fintech; Real Estate,"Austin, TX, USA",
1.0,STARTUP,Y Combinator Directory,https://www.ycombinator.com/companies/nonu,2026-08-27T12:14:30Z,Nonu,10,https://nonucare.com/,Summer 2019,Inactive,We deliver hair loss medicines for Indian men on a subscription basis.,India,"Hyderabad, Telangana, India",
1.0,STARTUP,Y Combinator Directory,https://www.ycombinator.com/companies/zeta-surgical,2026-08-27T12:14:30Z,ZETA SURGICAL,12,http://zetasurgical.com,Summer 2019,Active,Next-Generation Surgical Navigation and Robotics,Artificial Intelligence; Medical Robotics; Augmented Reality,"Boston, MA, USA",
1.0,STARTUP,Y Combinator Directory,https://www.ycombinator.com/companies/milo,2026-08-27T12:14:30Z,Milo,4,http://www.joinmilo.com,Winter 2020,Inactive,The Family AI - a copilot for parents to tackle the invisible load of…,Artificial Intelligence; Conversational AI; AI Assistant,"San Francisco, CA, USA; Vancouver, BC, Canada; Seattle, WA, USA",
1.0,STARTUP,Y Combinator Directory,https://www.ycombinator.com/companies/green-canopy-node,2026-08-27T12:14:30Z,Green Canopy NODE,31,http://greencanopynode.com,Summer 2019,Active,Green Canopy NODE builds sustainable homes fast.,Hardware; Housing; Proptech,"Seattle, WA, USA",
1.0,STARTUP,Y Combinator Directory,https://www.ycombinator.com/companies/downtobid,2026-08-27T12:14:30Z,Downtobid,5,https://downtobid.com,Summer 2019,Acquired,Using AI to understand construction plans faster.,Construction,"Los Angeles, CA, USA; Remote",
1.0,STARTUP,Y Combinator Directory,https://www.ycombinator.com/companies/rainbow,2026-08-27T12:14:30Z,Rainbow,28,https://rainbow.me,Summer 2019,Active,"Open-source, design centric software for interacting with blockchains",DeFi; Crypto / Web3,"New York City, NY, USA; New York, NY, USA",
1.0,STARTUP,Y Combinator Directory,https://www.ycombinator.com/companies/rosebud-ai,2026-08-27T12:14:30Z,Rosebud AI,10,http://rosebud.ai,Summer 2019,Active,Vibe code games. ,Developer Tools; Generative AI; Machine Learning; Gaming; AI,"San Francisco, CA, USA",
1.0,STARTUP,Y Combinator Directory,https://www.ycombinator.com/companies/arpeggio-bio,2026-08-27T12:14:30Z,Arpeggio Bio,20,http://www.arpeggiobio.com,Summer 2019,Active,Arpeggio Bio develops drugs targeting transcription factors using AI…,Biotech; Genomics; Drug discovery,"Boulder, CO, USA",
1.0,STARTUP,Y Combinator Directory,https://www.ycombinator.com/companies/playably,2026-08-27T12:14:30Z,PlayAbly,5,https://www.playably.ai,Summer 2019,Inactive,"We build games to help brands engage, convert, and retain customers ",B2B; Gaming; Personalization; E-commerce; Marketing,Remote,
1.0,STARTUP,Y Combinator Directory,https://www.ycombinator.com/companies/microverse,2026-08-27T12:14:30Z,Microverse,35,https://www.microverse.org,Summer 2019,Active,Training and connecting untapped talent with global opportunities,Education; Remote,"CT, Spain; Remote",
1.0,STARTUP,Y Combinator Directory,https://www.ycombinator.com/companies/earth-ai,2026-08-27T12:14:30Z,EARTH AI,12,http://www.earth-ai.com,Summer 2019,Active,Predictive Explorer and Driller for Critical Metal Deposits,AI-Enhanced Learning; Climate; Mining,"San Francisco, CA, USA; San Mateo, CA, USA",
1.0,STARTUP,Y Combinator Directory,https://www.ycombinator.com/companies/colab,2026-08-27T12:14:30Z,CoLab,150,http://colabsoftware.com,Summer 2019,Active,Human and AI design review for hardware,Hardware; SaaS; Collaboration,"St. John's, NL, Canada",
1.0,STARTUP,Y Combinator Directory,https://www.ycombinator.com/companies/binks,2026-08-27T12:14:30Z,Binks,70,https://getbinks.com/,Summer 2019,Active,"A zero inventory, zero returns factory-to-consumer apparel company",Sustainable Fashion; Consumer; E-commerce; Supply Chain,"Bengaluru, KA, India",
1.0,STARTUP,Y Combinator Directory,https://www.ycombinator.com/companies/chaos-genius,2026-08-27T12:14:30Z,Chaos Genius,10,http://www.chaosgenius.io,Winter 2020,Acquired,DataOps Observability Platform for Snowflake,Cloud Workload Protection; Machine Learning; Analytics; Open Source; Data Engineering,"Bengaluru, KA, India; San Francisco, CA, USA; Remote",
1.0,STARTUP,Y Combinator Directory,https://www.ycombinator.com/companies/mypetrolpump,2026-08-27T12:14:30Z,MyPetrolPump,42,https://mypetrolpump.com/,Summer 2019,Acquired,On demand fuel delivery service in India,Logistics; India,"Bengaluru, KA, India",
1.0,STARTUP,Y Combinator Directory,https://www.ycombinator.com/companies/tensil,2026-08-27T12:14:30Z,Tensil,2,https://www.tensil.ai,Summer 2019,Inactive,We turn machine learning models into custom hardware.,Edge Computing Semiconductors; Hardware; Open Source; AI,"San Francisco, CA, USA; Remote",
1.0,STARTUP,Y Combinator Directory,https://www.ycombinator.com/companies/vahan,2026-08-27T12:14:30Z,Vahan,85,https://vahan.ai,Summer 2019,Active,AI recruiter for India's massive blue-collar workforce,AI,"Bengaluru, KA, India",
1.0,STARTUP,Y Combinator Directory,https://www.ycombinator.com/companies/namaste-business,2026-08-27T12:14:30Z,Namaste Business,15,https://mynamaste.in,Summer 2019,Inactive,Shopify for a mobile first world,SaaS; E-commerce; Retail; SMB,"Bengaluru, KA, India",
1.0,STARTUP,Y Combinator Directory,https://www.ycombinator.com/companies/finlens,2026-08-27T12:14:30Z,Finlens,6,https://finlens.app,Winter 2020,Active,AI Accounting for Founders & Accountants,SaaS; Finance; B2B; AI,"San Francisco, CA, USA",
1.0,STARTUP,Y Combinator Directory,https://www.ycombinator.com/companies/ramen-vr,2026-08-27T12:14:30Z,Ramen VR,15,https://ramenvr.com/,Summer 2019,Active,Ramen VR is transforming game development with advanced XR + AI tools.,Artificial Intelligence; Virtual Reality; Gaming; Social; AR,"San Francisco, CA, USA; El Cerrito, CA, USA",
1.0,STARTUP,Y Combinator Directory,https://www.ycombinator.com/companies/hightouch,2026-08-27T12:14:30Z,Hightouch,200,https://hightouch.com/,Summer 2019,Active,The leading Composable CDP and AI Decisioning platform,Marketing; Enterprise Software; AI,"San Francisco, CA, USA",
1.0,STARTUP,Y Combinator Directory,https://www.ycombinator.com/companies/eden-farm,2026-08-27T12:14:30Z,Eden Farm,110,https://edenfarm.id/,Summer 2019,Active,Delivering fruits and vegetables to multi-segment restaurants and…,Grocery; Supply Chain,"Jakarta, Jakarta, Indonesia",
1.0,STARTUP,Y Combinator Directory,https://www.ycombinator.com/companies/predictleads,2026-08-27T12:14:30Z,PredictLeads,37,https://predictleads.com,Summer 2019,Active,Best in class company intelligence data. ,Machine Learning,"Ljubljana, Ljubljana, Slovenia; Remote",
1.0,STARTUP,Y Combinator Directory,https://www.ycombinator.com/companies/trella,2026-08-27T12:14:30Z,Trella,50,https://www.trella.app/,Summer 2019,Active,Trella is a platform that connects shippers to carriers. Trella…,Marketplace; Logistics,"Cairo, Cairo Governorate, Egypt",
1.0,STARTUP,Y Combinator Directory,https://www.ycombinator.com/companies/recidiviz,2026-08-27T12:14:30Z,Recidiviz,120,https://www.recidiviz.org/,Summer 2019,Active,"Helping create a smaller, fairer, safer justice system",Civic Tech; GovTech; Nonprofit,"New York City, NY, USA",
1.0,STARTUP,Y Combinator Directory,https://www.ycombinator.com/companies/alana,2026-08-27T12:14:30Z,Alana,14,https://www.alana.jobs,Summer 2019,Inactive,"Staff management software for retail, manufacturing and hospitality",SaaS; B2B,"Mexico City, CDMX, Mexico",
1.0,STARTUP,Y Combinator Directory,https://www.ycombinator.com/companies/traces,2026-08-27T12:14:30Z,Traces,10,https://www.traces.ai,Summer 2019,Active,Transform your video monitoring with AI,Artificial Intelligence; Deep Learning; Computer Vision,"San Francisco, CA, USA; Mountain View, CA, USA",
1.0,STARTUP,Y Combinator Directory,https://www.ycombinator.com/companies/mipos-dev,2026-08-27T12:14:30Z,Mipos.dev,,http://www.mipos.dev,Summer 2019,Inactive,Api that let you connect all the restaurant tech services in Latam ,Restaurant Tech; API; Latin America,"Mexico City, CDMX, Mexico",
1.0,STARTUP,Y Combinator Directory,https://www.ycombinator.com/companies/flowbot,2026-08-27T12:14:30Z,Flowbot,2,https://www.getflowbot.com,Summer 2019,Active,A natural language-driven programming assistant.,Artificial Intelligence; NLP,"New York City, NY, USA; New York, NY, USA",
1.0,STARTUP,Y Combinator Directory,https://www.ycombinator.com/companies/treble-ai,2026-08-27T12:14:30Z,treble.ai,38,https://treble.ai,Summer 2019,Active,We help companies scale marketing campaigns through WhatsApp,Messaging; Marketing; Automation,"São Paulo, SP, Brazil; New York, NY, USA; Seattle, WA, USA",
1.0,STARTUP,Y Combinator Directory,https://www.ycombinator.com/companies/deepnote,2026-08-27T12:14:30Z,Deepnote,,https://www.deepnote.com/,Summer 2019,Active,A better data science notebook.,Developer Tools; Machine Learning,"San Francisco, CA, USA",
1.0,STARTUP,Y Combinator Directory,https://www.ycombinator.com/companies/meridian-industries,2026-08-27T12:14:30Z,Meridian Industries,6,https://mora.com,Summer 2019,Active,Index is the modern business intelligence platform,SaaS; B2B; Analytics; Data Visualization; AI,"San Francisco, CA, USA",
1.0,STARTUP,Y Combinator Directory,https://www.ycombinator.com/companies/taskade,2026-08-27T12:14:30Z,Taskade,6,https://www.taskade.com,Summer 2019,Active,One prompt. One app. One living workspace for teams.,Generative AI; SaaS; B2B; Collaboration; AI,"San Francisco, CA, USA",
1.0,STARTUP,Y Combinator Directory,https://www.ycombinator.com/companies/motion,2026-08-27T12:14:30Z,Motion,65,https://www.usemotion.com/,Winter 2020,Active,The only work management platform for both Human and AI Employees,Artificial Intelligence; SaaS; B2B; Productivity; AI,"San Francisco, CA, USA; Remote",
1.0,STARTUP,Y Combinator Directory,https://www.ycombinator.com/companies/vendr,2026-08-27T12:14:30Z,Vendr,50,http://www.vendr.com,Summer 2019,Acquired,The AI negotiation agent to help you save money on SaaS.,SaaS; Finance; Procurement,"Boston, MA, USA",
1.0,STARTUP,Y Combinator Directory,https://www.ycombinator.com/companies/karat-financial,2026-08-27T12:14:30Z,Karat Financial,40,http://trykarat.com,Winter 2020,Active,Better financial services for creators,Fintech; Entertainment,"Los Angeles, CA, USA",
1.0,STARTUP,Y Combinator Directory,https://www.ycombinator.com/companies/flowglad,2026-08-27T12:14:30Z,Flowglad,7,https://flowglad.com,Winter 2020,Active,"Analyze, act, and automate across systems",Artificial Intelligence; AI; APIs,"New York City, NY, USA",
1.0,STARTUP,Y Combinator Directory,https://www.ycombinator.com/companies/phonic,2026-08-27T12:14:30Z,Phonic,8,https://phonic.ai,Winter 2020,Acquired,The best way to collect and analyze voice and video feedback,Artificial Intelligence; SaaS,"San Francisco, CA, USA; Foster City, CA, USA",
1.0,STARTUP,Y Combinator Directory,https://www.ycombinator.com/companies/abalone-bio,2026-08-27T12:14:30Z,Abalone Bio,14,https://www.abalonebio.com,Winter 2020,Active,We create activating antibodies to treat diseases others can’t.,Machine Learning; Synthetic Biology; Therapeutics; Drug discovery,"San Francisco, CA, USA",
1.0,STARTUP,Y Combinator Directory,https://www.ycombinator.com/companies/stratumai,2026-08-27T12:14:30Z,StratumAI,5,https://www.stratum.ai,Winter 2020,Active,AI that tells mining companies where to mine to maximize profits,Artificial Intelligence; Climate; Mining,"Toronto, ON, Canada",
1.0,STARTUP,Y Combinator Directory,https://www.ycombinator.com/companies/robotire,2026-08-27T12:14:30Z,RoboTire,20,http://www.robotire.com,Winter 2020,Inactive,Robotire is automating vehicle maintenance for today and future…,Hardware; Robotics; Automation,"Plymouth, MI, USA",
1.0,STARTUP,Y Combinator Directory,https://www.ycombinator.com/companies/mindsdb,2026-08-27T12:14:30Z,MindsDB,41,https://www.mindsdb.com/,Winter 2020,Active,"Connect, Unify, Respond to any data, anywhere with human-level…",Developer Tools; Machine Learning; Open Source; Enterprise Software; AI,"San Francisco, CA, USA",
1.0,STARTUP,Y Combinator Directory,https://www.ycombinator.com/companies/fitnessai,2026-08-27T12:14:30Z,FitnessAI,1,https://fitnessai.com,Winter 2020,Acquired,App offering AI powered workout plans with anytime access to coaches,Artificial Intelligence; Fitness,"New York City, NY, USA; New York, NY, USA",
1.0,STARTUP,Y Combinator Directory,https://www.ycombinator.com/companies/segmed,2026-08-27T12:14:30Z,Segmed,32,https://segmed.ai,Winter 2020,Active,Real-World Data for Health Innovation,Health Tech; Healthcare; AI,"San Francisco, CA, USA; Palo Alto, CA, USA; Remote",
1.0,STARTUP,Y Combinator Directory,https://www.ycombinator.com/companies/letterdrop,2026-08-27T12:14:30Z,Letterdrop,10,https://letterdrop.com,Winter 2020,Active,Get into the competitive deals you can't see,Generative AI; Sales; Marketing,"San Francisco, CA, USA",
1.0,STARTUP,Y Combinator Directory,https://www.ycombinator.com/companies/factored-quality,2026-08-27T12:14:30Z,Factored Quality,20,https://www.factoredquality.com/,Winter 2020,Acquired,Helping 100+ brands bring all quality and compliance operations…,SaaS; Supply Chain,"New York City, NY, USA; Remote",
1.0,STARTUP,Y Combinator Directory,https://www.ycombinator.com/companies/taiv,2026-08-27T12:14:30Z,Taiv,40,https://taiv.tv,Winter 2020,Active,"AI-powered tech that makes business TV smarter, engaging, and…",Artificial Intelligence; Marketplace; Computer Vision; B2B; Advertising,"Winnipeg, MB, Canada",
1.0,STARTUP,Y Combinator Directory,https://www.ycombinator.com/companies/orbiter,2026-08-27T12:14:30Z,Orbiter,3,http://www.getorbiter.com,Winter 2020,Inactive,ML models automatically monitor business performance,Machine Learning; SaaS; B2B,"San Francisco, CA, USA",
1.0,STARTUP,Y Combinator Directory,https://www.ycombinator.com/companies/glisten-ai,2026-08-27T12:14:30Z,Glisten AI,1,http://glisten.ai,Winter 2020,Inactive,Glisten AI automatically categorizes and tags e-commerce product data.,Artificial Intelligence; E-commerce,"San Francisco, CA, USA",
1.0,STARTUP,Y Combinator Directory,https://www.ycombinator.com/companies/ardis-ai,2026-08-27T12:14:30Z,Ardis AI,3,http://www.ardis.ai,Winter 2020,Inactive,Transform your text data into a searchable knowledge graph,Artificial Intelligence; Hard Tech,"San Francisco, CA, USA; Mountain View, CA, USA",
1.0,STARTUP,Y Combinator Directory,https://www.ycombinator.com/companies/perceptive-technologies,2026-08-27T12:14:30Z,Perceptive Technologies,25,https://www.perceptive.io,Winter 2020,Active,"Automated tooth cutting for dentists using imaging, AI and robotics",Artificial Intelligence; Robotics; Health Tech; Medical Devices,"Boston, MA, USA",
1.0,STARTUP,Y Combinator Directory,https://www.ycombinator.com/companies/handoff,2026-08-27T12:14:30Z,Handoff,20,https://www.handoff.ai/,Winter 2020,Active,AI estimator & agent for remodelers.,Machine Learning; Construction; B2B; Proptech; API,"Austin, TX, USA",
1.0,STARTUP,Y Combinator Directory,https://www.ycombinator.com/companies/nextmv,2026-08-27T12:14:30Z,Nextmv,22,https://nextmv.io,Winter 2020,Acquired,A DecisionOps platform that accelerates optimization AI teams,Logistics; Supply Chain; AI,"Philadelphia, PA, USA; Remote",
1.0,STARTUP,Y Combinator Directory,https://www.ycombinator.com/companies/aden,2026-08-27T12:14:30Z,Aden,5,https://adenhq.com/,Winter 2020,Active,Open source agent generation framework,Artificial Intelligence; Developer Tools; Infrastructure,"San Francisco, CA, USA",
1.0,STARTUP,Y Combinator Directory,https://www.ycombinator.com/companies/terrasoft,2026-08-27T12:14:30Z,Terrasoft,,,Winter 2020,Active,,Artificial Intelligence,"Los Angeles, CA, USA",
1.0,STARTUP,Y Combinator Directory,https://www.ycombinator.com/companies/datasaur,2026-08-27T12:14:30Z,Datasaur,60,https://datasaur.ai,Winter 2020,Active,Datasaur builds private AI/agents for enterprise/government,Finance; Compliance; Healthcare; LegalTech; AI,"San Francisco, CA, USA; Remote",
1.0,STARTUP,Y Combinator Directory,https://www.ycombinator.com/companies/dashworks,2026-08-27T12:14:30Z,Dashworks,9,http://www.dashworks.ai,Winter 2020,Acquired,Your team's intelligent start page.,SaaS; AI,"San Francisco, CA, USA",
1.0,STARTUP,Y Combinator Directory,https://www.ycombinator.com/companies/zelos,2026-08-27T12:14:30Z,Eternal,15,https://eternal.gg/,Winter 2020,Acquired,Own the best moments in streaming,Entertainment; Video; Media; Live,"Los Angeles, CA, USA",
1.0,STARTUP,Y Combinator Directory,https://www.ycombinator.com/companies/replicate,2026-08-27T12:14:30Z,Replicate,36,https://replicate.com,Winter 2020,Acquired,Run machine learning models in the cloud,Developer Tools; Machine Learning; Community; Open Source; AI,"San Francisco, CA, USA",
1.0,STARTUP,Y Combinator Directory,https://www.ycombinator.com/companies/basedash,2026-08-27T12:14:30Z,Basedash,6,https://www.basedash.com,Summer 2020,Active,The AI-native business intelligence platform,SaaS; B2B; Data Science; Data Visualization; AI,"Toronto, ON, Canada; Remote",
1.0,STARTUP,Y Combinator Directory,https://www.ycombinator.com/companies/terusama,2026-08-27T12:14:30Z,Terusama,2,https://velostics.com,Winter 2020,Acquired,We help warehouses schedule trucks,Scheduling; Logistics,"San Francisco, CA, USA",
1.0,STARTUP,Y Combinator Directory,https://www.ycombinator.com/companies/clayboard,2026-08-27T12:14:30Z,Clayboard,4,http://clayboard.com,Winter 2020,Inactive,"Create active, collaborative learning experiences ",Machine Learning; SaaS; B2B; Productivity; AI,"New York City, NY, USA; New York, NY, USA; Remote",
1.0,STARTUP,Y Combinator Directory,https://www.ycombinator.com/companies/edlyft,2026-08-27T12:14:30Z,Edlyft,5,http://edlyft.com,Winter 2020,Inactive,Helps enterprises train college CS students on essential job skills,Education; B2B; Enterprise,"San Francisco, CA, USA; Remote",
1.0,STARTUP,Y Combinator Directory,https://www.ycombinator.com/companies/eze,2026-08-27T12:14:30Z,Eze,32,https://www.ezeit.ai/,Winter 2020,Active,"The easiest way to track, buy, and sell your company’s tech — all in…",Marketplace; Electronics,"San Francisco, CA, USA",
1.0,STARTUP,Y Combinator Directory,https://www.ycombinator.com/companies/the-mercer-club,2026-08-27T12:14:30Z,The Mercer Club,2,https://www.themercerclubnyc.com,Winter 2020,Inactive,The Mercer Club is a subscription service that allows men to rent…,Marketplace; Smart Clothing; Sustainable Fashion,"New York City, NY, USA; New York, NY, USA",
1.0,STARTUP,Y Combinator Directory,https://www.ycombinator.com/companies/startplaying-games,2026-08-27T12:14:30Z,StartPlaying.Games,6,https://startplayinggames.com/,Winter 2020,Active,Building Communities Through Play,Marketplace; Entertainment; Social,"San Francisco, CA, USA; Remote",
1.0,STARTUP,Y Combinator Directory,https://www.ycombinator.com/companies/grain,2026-08-27T12:14:30Z,Grain,30,https://trygrain.com/,Winter 2020,Active,Grain transforms the debit card you already have into a credit card…,Fintech,"San Francisco, CA, USA; Oakland, CA, USA; Remote",
1.0,STARTUP,Y Combinator Directory,https://www.ycombinator.com/companies/truenorth,2026-08-27T12:14:30Z,TrueNorth,60,http://www.truenorthfleet.com,Winter 2020,Active,TrueNorth gives truckers a single place to manage their business.,Fintech; SaaS; Logistics,"San Francisco, CA, USA; Fort Worth, TX, USA",
1.0,STARTUP,Y Combinator Directory,https://www.ycombinator.com/companies/visual-one,2026-08-27T12:14:30Z,Visual One,4,https://www.visualone.tech,Winter 2020,Inactive,AI for security cameras,Security; AI,"San Francisco, CA, USA",
1.0,STARTUP,Y Combinator Directory,https://www.ycombinator.com/companies/signadot,2026-08-27T12:14:30Z,Signadot,8,https://www.signadot.com/,Winter 2020,Active,Scalable validation infrastructure for AI agents,Developer Tools; Kubernetes,"San Francisco, CA, USA; Remote",
1.0,STARTUP,Y Combinator Directory,https://www.ycombinator.com/companies/operatorio,2026-08-27T12:14:30Z,Operator.io,6,http://operator.io,Winter 2020,Active,Operator.io is OpenClaw that just works ,Generative AI; Data Engineering,"New York City, NY, USA",
1.0,STARTUP,Y Combinator Directory,https://www.ycombinator.com/companies/talyn-air,2026-08-27T12:14:30Z,Talyn Air,18,http://www.talyn.com,Winter 2020,Acquired,"Long range, battery electric vertical take-off and landing aircraft.",Air Taxis; Airplanes; Logistics; Climate,"Los Angeles, CA, USA",
1.0,STARTUP,Y Combinator Directory,https://www.ycombinator.com/companies/riya-collective,2026-08-27T12:14:30Z,Riya Collective,6,http://riyacollective.com,Winter 2020,Inactive,Riya Collective is building the first community-driven global…,Sustainable Fashion,"San Francisco, CA, USA",
1.0,STARTUP,Y Combinator Directory,https://www.ycombinator.com/companies/logarithm-labs,2026-08-27T12:14:30Z,Logarithm Labs,2,http://www.logarithmlabs.com,Winter 2020,Active,Easy button to use data for your daily operations,Developer Tools; Data Engineering,"San Francisco, CA, USA; Foster City, CA, USA",
1.0,STARTUP,Y Combinator Directory,https://www.ycombinator.com/companies/global-belly,2026-08-27T12:14:30Z,Global Belly,2,https://globalbelly.com/,Winter 2020,Inactive,Marketplace enabling social commerce for brands and content creators. ,Marketplace; Consumer; Social; Food Tech; Creator Economy,"San Francisco, CA, USA; Remote",
1.0,STARTUP,Y Combinator Directory,https://www.ycombinator.com/companies/scout,2026-08-27T12:14:30Z,Scout,1,https://www.scout.ml/,Winter 2020,Inactive,Dead simple CI/CD for ML teams,Machine Learning; DevOps,"San Francisco, CA, USA; Berkeley, CA, USA",
1.0,STARTUP,Y Combinator Directory,https://www.ycombinator.com/companies/medicare-vox-fka-fair-square,2026-08-27T12:14:30Z,Medicare Vox (fka Fair Square),20,https://www.medicarevox.com,Winter 2020,Active,Building an AI Health Insurance Agent.,Fintech; Consumer Health Services,"San Francisco, CA, USA",
1.0,STARTUP,Y Combinator Directory,https://www.ycombinator.com/companies/altay-therapeutics,2026-08-27T12:14:30Z,Altay Therapeutics,6,http://www.altaytherapeutics.com,Winter 2020,Active,Altay develops disease-modifying therapies targeting transcription…,AI-powered Drug Discovery; Biotech; Therapeutics; Drug discovery,"San Francisco, CA, USA; South San Francisco, CA, USA",
1.0,STARTUP,Y Combinator Directory,https://www.ycombinator.com/companies/turing-labs-inc,2026-08-27T12:14:30Z,Turing Labs Inc.,5,http://www.turingsaas.com,Winter 2020,Active,AI for R&D of consumer brands like P&G to develop better products,Artificial Intelligence; B2B,"San Francisco, CA, USA",
1.0,STARTUP,Y Combinator Directory,https://www.ycombinator.com/companies/ello,2026-08-27T12:14:30Z,Ello,45,https://www.ello.com,Winter 2020,Active,Building the world's first 1:1 AI teacher.,Education; AI,"San Francisco, CA, USA",
1.0,STARTUP,Y Combinator Directory,https://www.ycombinator.com/companies/querypie-ai,2026-08-27T12:14:30Z,QueryPie AI,70,https://www.querypie.com,Winter 2020,Active,QueryPie AIP - Enterprise Ready Agentic AI Platform,Artificial Intelligence; AI,"Seoul, Seoul, South Korea",
1.0,STARTUP,Y Combinator Directory,https://www.ycombinator.com/companies/response,2026-08-27T12:14:30Z,Response,8,https://www.tryresponse.com/,Summer 2020,Active,Organizing the world's inventory.,Marketplace; B2B; Supply Chain,"San Francisco, CA, USA",
1.0,STARTUP,Y Combinator Directory,https://www.ycombinator.com/companies/typedream,2026-08-27T12:14:30Z,Typedream,5,https://typedream.com/,Winter 2020,Acquired,Build & launch your website in minutes with AI,Generative AI; SaaS; Design Tools,"San Francisco, CA, USA",
1.0,STARTUP,Y Combinator Directory,https://www.ycombinator.com/companies/vori,2026-08-27T12:14:30Z,Vori,29,https://www.vori.com,Winter 2020,Active,Vori is a modern operating system for supermarkets,Grocery; SaaS; Retail Tech,"San Francisco, CA, USA; East Palo Alto, CA, USA",
1.0,STARTUP,Y Combinator Directory,https://www.ycombinator.com/companies/mini-exhibitions,2026-08-27T12:14:30Z,Mini Exhibitions,2,https://miniexhibitions.com/,Winter 2020,Inactive,Virtual events for remote teams,Marketplace; Human Resources; B2B; Entertainment; Creator Economy,"New York City, NY, USA; New York, NY, USA; Remote",
1.0,STARTUP,Y Combinator Directory,https://www.ycombinator.com/companies/kinter,2026-08-27T12:14:30Z,Kinter,30,https://kinter.ai,Winter 2020,Active,A new kind of power for finance teams,SaaS; Finance; AI,"San Francisco, CA, USA; Remote",
1.0,STARTUP,Y Combinator Directory,https://www.ycombinator.com/companies/dropbase,2026-08-27T12:14:30Z,Dropbase,8,https://dropbase.io,Winter 2020,Inactive,AI app builder for internal tools. Build back-office software faster…,Developer Tools; SaaS; B2B; AI,"San Francisco, CA, USA",
1.0,STARTUP,Y Combinator Directory,https://www.ycombinator.com/companies/trident-bioscience,2026-08-27T12:14:30Z,Trident Bioscience,1,https://trident.bio,Summer 2020,Inactive,Accelerating protein engineering.,Hard Tech; Machine Learning,"San Francisco, CA, USA; Mountain View, CA, USA; Remote",
1.0,STARTUP,Y Combinator Directory,https://www.ycombinator.com/companies/photoroom,2026-08-27T12:14:30Z,Photoroom,100,https://photoroom.com/,Summer 2020,Active,Power commerce photography with generative AI,Generative AI; Computer Vision; Design Tools; API; AI,"Paris, Île-de-France, France",
1.0,STARTUP,Y Combinator Directory,https://www.ycombinator.com/companies/modernbanc,2026-08-27T12:14:30Z,Modernbanc,6,https://modernbanc.com,Winter 2020,Active,Accounting software that works for you,Fintech; Finance; B2B; AI,"London, England, United Kingdom",
1.0,STARTUP,Y Combinator Directory,https://www.ycombinator.com/companies/aios,2026-08-27T12:14:30Z,AIOS,100,https://www.aiosmedical.com/,Winter 2020,Active,Building AI-native infrastructure for the next era of care.,Consumer Health Services; Health Tech; Healthcare; Telemedicine,"San Francisco, CA, USA; Remote",
1.0,STARTUP,Y Combinator Directory,https://www.ycombinator.com/companies/skypher,2026-08-27T12:14:30Z,Skypher,12,https://skypher.co,Winter 2020,Active,AI agent for Compliance Questionnaires Automation,Artificial Intelligence; Generative AI; Compliance; Cybersecurity; AI Assistant,"New York City, NY, USA",
1.0,STARTUP,Y Combinator Directory,https://www.ycombinator.com/companies/recurrency,2026-08-27T12:14:30Z,Recurrency,50,http://www.recurrency.com,Summer 2020,Active,Automated ERP for distributors.,SaaS; AI,"San Francisco, CA, USA; Los Angeles, CA, USA",
1.0,STARTUP,Y Combinator Directory,https://www.ycombinator.com/companies/postera,2026-08-27T12:14:30Z,PostEra,40,https://postera.ai/,Winter 2020,Active,Medicinal Chemistry powered by Machine Learning,AI-powered Drug Discovery; Machine Learning; COVID-19,"Boston, MA, USA",
1.0,STARTUP,Y Combinator Directory,https://www.ycombinator.com/companies/deepsource,2026-08-27T12:14:30Z,DeepSource,12,https://deepsource.com/,Winter 2020,Active,"Unified DevSecOps platform, helping developers ship good code.",Developer Tools; SaaS; AI; AI Assistant,"San Francisco, CA, USA",
1.0,STARTUP,Y Combinator Directory,https://www.ycombinator.com/companies/pay-swifter,2026-08-27T12:14:30Z,Pay Swifter,6,https://payswifter.com,Winter 2020,Acquired,Stripe for Cannabis,Fintech; B2B; Retail,"Bengaluru, KA, India",
1.0,STARTUP,Y Combinator Directory,https://www.ycombinator.com/companies/urbankisaan,2026-08-27T12:14:30Z,UrbanKisaan,53,https://www.urbankisaan.com,Winter 2020,Active,Foundation models and autonomous chambers for plant biology,Biotech; Agriculture; AI; Sustainable Agriculture; Biotechnology,"Hyderabad, Telangana, India",
1.0,STARTUP,Y Combinator Directory,https://www.ycombinator.com/companies/farmtheory,2026-08-27T12:14:30Z,farmtheory,65,http://farmtheory.in/,Winter 2020,Active,India's first vegetable delivery service to restaurants with a hack,Marketplace; B2B,"Bengaluru, KA, India",
1.0,STARTUP,Y Combinator Directory,https://www.ycombinator.com/companies/pillarplus,2026-08-27T12:14:30Z,PillarPlus,30,https://pillarplus.com,Winter 2020,Inactive,Software to automatically create construction blueprints,Artificial Intelligence; Construction; B2B,"MH, India",
1.0,STARTUP,Y Combinator Directory,https://www.ycombinator.com/companies/sprintai,2026-08-27T12:14:30Z,SprintAI,10,https://www.getsprint.ai/,Winter 2020,Inactive,AI-led platform for inventory and fulfillment optimization,Machine Learning; SaaS; Retail Tech,"Bengaluru, KA, India",
1.0,STARTUP,Y Combinator Directory,https://www.ycombinator.com/companies/zeo-route-planner,2026-08-27T12:14:30Z,Zeo Route Planner,15,https://zeorouteplanner.com,Winter 2020,Active,Route Optimisation platform for SMB in delivery & home services.,SaaS; B2B; Logistics; Supply Chain; Transportation,"San Francisco, CA, USA; MH, India",
1.0,STARTUP,Y Combinator Directory,https://www.ycombinator.com/companies/bikry,2026-08-27T12:14:30Z,Bikry,25,https://bikry.com/,Winter 2020,Active,Bikry: Helping SMB's in India go online ,B2B; E-commerce; Retail,"Noida, UP, India",
1.0,STARTUP,Y Combinator Directory,https://www.ycombinator.com/companies/zumo-labs,2026-08-27T12:14:30Z,Zumo Labs,7,https://zumolabs.ai/,Winter 2020,Inactive,We generate synthetic data for computer vision models.,Artificial Intelligence; Machine Learning; Data Engineering,"San Francisco, CA, USA; Remote",
1.0,STARTUP,Y Combinator Directory,https://www.ycombinator.com/companies/synapsica-healthcare,2026-08-27T12:14:30Z,Synapsica Healthcare,30,https://synapsica.com/,Winter 2020,Inactive,AI-enabled automation of diagnostic radiology workflow and reporting.,Marketplace; SaaS; B2B,"Bengaluru, KA, India",
1.0,STARTUP,Y Combinator Directory,https://www.ycombinator.com/companies/easyplan,2026-08-27T12:14:30Z,Easyplan,8,https://easyplan.in/,Winter 2020,Inactive,An AI-driven investment app for beginner investors in India,Fintech; India; Investing,"MH, India",
1.0,STARTUP,Y Combinator Directory,https://www.ycombinator.com/companies/adyn,2026-08-27T12:14:30Z,adyn,7,https://adyn.com,Summer 2020,Active,The first test designed to prevent birth control side effects,Fertility Tech; Machine Learning; Consumer Health Services,"Seattle, WA, USA; Remote",
1.0,STARTUP,Y Combinator Directory,https://www.ycombinator.com/companies/overfit,2026-08-27T12:14:30Z,Overfit,4,https://overfit.com,Summer 2020,Inactive,Human coach for accountability + AI for personalized workouts,Artificial Intelligence; Fitness,"San Francisco, CA, USA; Mountain View, CA, USA",
1.0,STARTUP,Y Combinator Directory,https://www.ycombinator.com/companies/oda,2026-08-27T12:14:30Z,Oda,9,https://www.odastudio.ai/?ref=yc,Winter 2020,Active,AI Agent for Home Design,Machine Learning; Computer Vision; E-commerce; AI Assistant,"Los Angeles, CA, USA; Remote",
1.0,STARTUP,Y Combinator Directory,https://www.ycombinator.com/companies/valienta,2026-08-27T12:14:30Z,Valienta,20,https://valienta.com,Winter 2020,Inactive,Helping Dropshippers in Colombia run the business and increase sales,Fintech; Logistics; Sales; E-commerce; Retail,"Medellín, Antioquia, Colombia; Remote",
1.0,STARTUP,Y Combinator Directory,https://www.ycombinator.com/companies/tajir,2026-08-27T12:14:30Z,Tajir,50,https://tajir.app,Winter 2020,Active,The one-stop shop for mom-and-pop stores in Pakistan to buy inventory.,Marketplace; B2B,"Lahore, Punjab, Pakistan",
1.0,STARTUP,Y Combinator Directory,https://www.ycombinator.com/companies/linkana,2026-08-27T12:14:30Z,Linkana,21,https://www.linkana.com,Winter 2020,Active,The leading SRM platform for LatAm,SaaS; B2B; Enterprise,"São Paulo, SP, Brazil; Remote",
1.0,STARTUP,Y Combinator Directory,https://www.ycombinator.com/companies/be-go,2026-08-27T12:14:30Z,BeGo,65,http://www.bego.ai,Winter 2020,Active,BeGo Connects cargo shippers with truck suppliers in Mexico and US,Artificial Intelligence; Banking as a Service; Digital Freight Brokerage,"San Francisco, CA, USA",
1.0,STARTUP,Y Combinator Directory,https://www.ycombinator.com/companies/termii,2026-08-27T12:14:30Z,Termii,63,https://termii.com,Winter 2020,Active,Termii is an AI-native reliability infrastructure company.,Developer Tools; SMS,"Lagos, LA, Nigeria",
1.0,STARTUP,Y Combinator Directory,https://www.ycombinator.com/companies/handl,2026-08-27T12:14:30Z,Handl,29,https://handl.ai/,Winter 2020,Active,"Handl converts documents (invoices, income stabs, custom forms, etc.)…",Documents; Deep Learning; Fintech,"San Francisco, CA, USA",
1.0,STARTUP,Y Combinator Directory,https://www.ycombinator.com/companies/ramani,2026-08-27T12:14:30Z,Ramani,70,http://www.ramani.io,Winter 2020,Active,We're building financial infrastructure for Africa's supply chains,SaaS,"Dar es Salaam, Dar es Salaam, Tanzania",
1.0,STARTUP,Y Combinator Directory,https://www.ycombinator.com/companies/guruhotel,2026-08-27T12:14:30Z,GuruHotel,12,https://guruhotel.com,Winter 2020,Active,AI-native direct booking infrastructure for global hospitality,Fintech; SaaS; B2B; Travel,"Mexico City, CDMX, Mexico; Remote",
1.0,STARTUP,Y Combinator Directory,https://www.ycombinator.com/companies/stable,2026-08-27T12:14:30Z,Stable,30,https://useStable.com,Winter 2020,Active,A virtual address + mailbox for business,B2B; Remote Work,"New York City, NY, USA",
1.0,STARTUP,Y Combinator Directory,https://www.ycombinator.com/companies/recall-ai,2026-08-27T12:14:30Z,Recall.ai,30,https://www.recall.ai,Winter 2020,Active,"The API to get recordings, transcripts, and metadata from meetings",Artificial Intelligence; API,"San Francisco, CA, USA",
1.0,STARTUP,Y Combinator Directory,https://www.ycombinator.com/companies/borong,2026-08-27T12:14:30Z,borong,80,https://www.borong.com/,Winter 2020,Active,borong is a SaaS-enabled marketplace that connects brands like…,Marketplace; SaaS; B2B,"Kuala Lumpur, Federal Territory of Kuala Lumpur, Malaysia",
1.0,STARTUP,Y Combinator Directory,https://www.ycombinator.com/companies/atmo,2026-08-27T12:14:30Z,Atmo,10,http://atmo.ai,Winter 2020,Active,Ultra-precise AI weather forecasting.,Artificial Intelligence; Machine Learning; Weather; Climate; AI,"San Francisco, CA, USA; Berkeley, CA, USA",
1.0,STARTUP,Y Combinator Directory,https://www.ycombinator.com/companies/99minutos,2026-08-27T12:14:30Z,99minutos,5000,https://99minutos.com,Winter 2020,Active,The fastest shipping for online shopping ,Logistics,"Mexico City, CDMX, Mexico; Santiago, Santiago Metropolitan Region, Chile; Bogotá, Bogota, Colombia; Lima, Callao Region, Peru",
1.0,STARTUP,Y Combinator Directory,https://www.ycombinator.com/companies/send,2026-08-27T12:14:30Z,SEND,9,https://www.send.ng,Winter 2020,Active,Flexport for Africa - Digital Freight forwarder and Customs Broker.,Digital Freight Brokerage,"Lagos, LA, Nigeria; LA, Nigeria",
1.0,STARTUP,Y Combinator Directory,https://www.ycombinator.com/companies/powerx,2026-08-27T12:14:30Z,PowerX,20,http://www.powerx.co,Winter 2020,Acquired,"AI powered sensors that save energy, water and emissions",Machine Learning; IoT; Climate; Energy,"New York City, NY, USA; New York, NY, USA",
1.0,STARTUP,Y Combinator Directory,https://www.ycombinator.com/companies/airbyte,2026-08-27T12:14:30Z,Airbyte,90,https://airbyte.com/,Winter 2020,Active,Context layer for production-grade AI agents,Artificial Intelligence; Developer Tools; Open Source; Data Engineering; AI,"San Francisco, CA, USA",
1.0,STARTUP,Y Combinator Directory,https://www.ycombinator.com/companies/tasker-ai,2026-08-27T12:14:30Z,Tasker AI,7,http://www.tasker.ai,Winter 2020,Active,Your AI co-worker,Consumer; Workflow Automation; AI Assistant,"San Francisco, CA, USA",
1.0,STARTUP,Y Combinator Directory,https://www.ycombinator.com/companies/menten-ai,2026-08-27T12:14:30Z,Menten AI,2,http://menten.ai,Winter 2020,Active,Menten AI designs peptide and protein therapeutics using quantum…,AI-powered Drug Discovery; Quantum Computing,"San Francisco, CA, USA",
1.0,STARTUP,Y Combinator Directory,https://www.ycombinator.com/companies/legionfarm,2026-08-27T12:14:30Z,Legionfarm,7,https://lfcarry.com/,Winter 2020,Active,AI workspace for professional gamers,Gaming; AI; AI Assistant,"Los Angeles, CA, USA",
1.0,STARTUP,Y Combinator Directory,https://www.ycombinator.com/companies/algen-biotechnologies,2026-08-27T12:14:30Z,Algen Biotechnologies,15,https://www.algenbio.com/,Winter 2020,Active,Using CRISPR to find treatments for cancer and inflammation,CRISPR; Biotech; Therapeutics; Drug discovery; AI,"San Francisco, CA, USA",
1.0,STARTUP,Y Combinator Directory,https://www.ycombinator.com/companies/jemi,2026-08-27T12:14:30Z,Jemi,3,https://jemi.so,Summer 2020,Acquired,Jemi helps people build beautiful websites and stores.,SaaS; Entertainment; Community,"San Francisco, CA, USA; Remote",
1.0,STARTUP,Y Combinator Directory,https://www.ycombinator.com/companies/luminai,2026-08-27T12:14:30Z,Luminai,31,https://www.luminai.com,Summer 2020,Active,Luminai helps automate repetitive manual work away from your mission…,SaaS; B2B; Enterprise,"San Francisco, CA, USA",
1.0,STARTUP,Y Combinator Directory,https://www.ycombinator.com/companies/command-ai,2026-08-27T12:14:30Z,Command AI,35,https://command.ai,Summer 2020,Acquired,AI-powered user assistance platform,SaaS; B2B; Chatbot,"San Francisco, CA, USA",
1.0,STARTUP,Y Combinator Directory,https://www.ycombinator.com/companies/roboflow,2026-08-27T12:14:30Z,Roboflow,100,https://roboflow.com,Summer 2020,Active,🖼️ Give your software the sense of sight.,Developer Tools; Machine Learning; Computer Vision; Enterprise; AI,"San Francisco, CA, USA",
1.0,STARTUP,Y Combinator Directory,https://www.ycombinator.com/companies/bandit-ml,2026-08-27T12:14:30Z,Bandit ML,4,https://www.banditml.com/,Summer 2020,Acquired,Bandit ML builds machine learning tools for e-commerce companies.,Machine Learning; SaaS; E-commerce,"San Francisco, CA, USA; Remote",
1.0,STARTUP,Y Combinator Directory,https://www.ycombinator.com/companies/infeedo-ai,2026-08-27T12:14:30Z,inFeedo AI,150,https://infeedo.ai,Summer 2020,Active,"AI to engage employees, predict attrition and automate HR/IT support",Generative AI; SaaS; HR Tech; Enterprise Software; AI,"Dubai, Dubai, United Arab Emirates; New York, NY, USA",
1.0,STARTUP,Y Combinator Directory,https://www.ycombinator.com/companies/datafold,2026-08-27T12:14:30Z,Datafold,30,https://datafold.com,Summer 2020,Active,Automating manual and repetitive data engineering tasks with AI,SaaS; Analytics; Data Engineering; AI,"New York City, NY, USA; Remote",
1.0,STARTUP,Y Combinator Directory,https://www.ycombinator.com/companies/blue-onion,2026-08-27T12:14:30Z,Blue Onion,27,https://www.blueonion.ai/,Summer 2020,Active,Financial data layer for AI-powered finance and accounting,Artificial Intelligence; Machine Learning; Finance,"New York City, NY, USA",
1.0,STARTUP,Y Combinator Directory,https://www.ycombinator.com/companies/atob,2026-08-27T12:14:30Z,AtoB,75,https://atob.com/,Summer 2020,Active,Modernizing global transportation payments.,Fintech; SaaS; Payments; Supply Chain; Transportation,"San Francisco, CA, USA",
1.0,STARTUP,Y Combinator Directory,https://www.ycombinator.com/companies/shuttle,2026-08-27T12:14:30Z,Shuttle,12,https://www.shuttle.dev,Summer 2020,Inactive,Build Backends. Fast.,Artificial Intelligence; Developer Tools; SaaS; Open Source; DevOps,"London, England, United Kingdom",
1.0,STARTUP,Y Combinator Directory,https://www.ycombinator.com/companies/hypermile,2026-08-27T12:14:30Z,Hypermile,11,https://hypermile.ai,Summer 2020,Acquired,Driver co-pilot to make trucking more efficient,Autonomous Trucking; Computer Vision; Logistics; Climate,"London, England, United Kingdom",
1.0,STARTUP,Y Combinator Directory,https://www.ycombinator.com/companies/strive-school,2026-08-27T12:14:30Z,Strive School,5,https://strive.school,Summer 2020,Acquired,Training the next generation of software engineers in Europe 🇪🇺,Education; Fintech,"Berlin, Berlin, Germany; Remote",
1.0,STARTUP,Y Combinator Directory,https://www.ycombinator.com/companies/known-medicine,2026-08-27T12:14:30Z,Known Medicine,17,http://knownmed.com,Summer 2020,Acquired,Combining 3D cell culture & AI to translate drugs to clinical success,AI-powered Drug Discovery; Oncology,"Salt Lake City, UT, USA",
1.0,STARTUP,Y Combinator Directory,https://www.ycombinator.com/companies/hypotenuse-ai,2026-08-27T12:14:30Z,Hypotenuse AI,15,https://hypotenuse.ai/,Summer 2020,Active,AI-native Operating System for Enterprise Ecommerce Companies,Generative AI; Machine Learning; E-commerce; AI,"San Francisco, CA, USA",
1.0,STARTUP,Y Combinator Directory,https://www.ycombinator.com/companies/kernal-biologics,2026-08-27T12:14:30Z,Kernal Biologics,20,https://www.kernalbio.com/,Summer 2020,Active,Kernal is creating mRNA 2.0 therapies that work in specific cells,Artificial Intelligence; Biotech; Genomics,"Boston, MA, USA",
1.0,STARTUP,Y Combinator Directory,https://www.ycombinator.com/companies/corecare,2026-08-27T12:14:30Z,CoreCare,11,https://corecare.ai,Summer 2020,Active,Helping healthcare providers reduce administrative costs using AI,B2B; Workflow Automation; Enterprise Software; Healthcare IT; AI,"New York City, NY, USA",
1.0,STARTUP,Y Combinator Directory,https://www.ycombinator.com/companies/swif-ai,2026-08-27T12:14:30Z,Swif.ai,20,https://www.swif.ai,Summer 2020,Active,Manage every device. Govern every AI agent.,SaaS; B2B; Compliance; Security; Enterprise,"San Francisco, CA, USA",
1.0,STARTUP,Y Combinator Directory,https://www.ycombinator.com/companies/humanloop,2026-08-27T12:14:30Z,Humanloop,14,https://humanloop.com,Summer 2020,Acquired,Humanloop is the LLM evals platform for enterprises. ,Generative AI; Machine Learning; SaaS; AI,"San Francisco, CA, USA",
1.0,STARTUP,Y Combinator Directory,https://www.ycombinator.com/companies/cradle,2026-08-27T12:14:30Z,Cradle,2,https://www.cradlefinance.com,Summer 2020,Active,B2B payments network in India,Fintech,"Bengaluru, KA, India",
1.0,STARTUP,Y Combinator Directory,https://www.ycombinator.com/companies/omni,2026-08-27T12:14:31Z,Omni,5,https://addomni.com,Summer 2020,Acquired,"Fast, up-to-date answers for Sales & Support",Artificial Intelligence; B2B,"San Francisco, CA, USA",
1.0,STARTUP,Y Combinator Directory,https://www.ycombinator.com/companies/blissway,2026-08-27T12:14:31Z,Blissway,22,https://www.blissway.com/,Summer 2020,Active,The tolling industry’s prime tech infrastructure,Hardware; Machine Learning; SaaS; IoT; Transportation,"Denver, CO, USA",
1.0,STARTUP,Y Combinator Directory,https://www.ycombinator.com/companies/atomic,2026-08-27T12:14:31Z,Atomic,25,https://www.atomicvest.com/,Summer 2020,Active,API that lets companies embed investment accounts into their services,Artificial Intelligence; Fintech,"San Francisco, CA, USA; Remote",
1.0,STARTUP,Y Combinator Directory,https://www.ycombinator.com/companies/marketforce,2026-08-27T12:14:31Z,MarketForce,400,https://marketforce.io,Summer 2020,Active,The SuperApp for neighbourhood merchants in Africa. ,Fintech; Marketplace; B2B,"Nairobi, Nairobi County, Kenya",
1.0,STARTUP,Y Combinator Directory,https://www.ycombinator.com/companies/tappity,2026-08-27T12:14:31Z,Tappity,4,https://www.tappityapp.com,Summer 2020,Active,World's largest library of interactive lessons for kids,Education; Entertainment; Kids,"San Francisco, CA, USA; Palo Alto, CA, USA",
1.0,STARTUP,Y Combinator Directory,https://www.ycombinator.com/companies/hellometer,2026-08-27T12:14:31Z,Hellometer,2,https://hellometer.io/,Summer 2020,Active,Making fast food faster,SaaS; Computer Vision; B2B,"Los Angeles, CA, USA",
1.0,STARTUP,Y Combinator Directory,https://www.ycombinator.com/companies/justo,2026-08-27T12:14:31Z,Justo,190,https://www.getjusto.com,Summer 2020,Active,Helps restaurants take online orders directly from customers,SaaS; Delivery; E-commerce,"Providencia, Santiago Metropolitan Region, Chile",
1.0,STARTUP,Y Combinator Directory,https://www.ycombinator.com/companies/nextera-robotics-didgeai,2026-08-27T12:14:31Z,Nextera Robotics | DIDGE.ai,20,https://nexterarobotics.com,Summer 2020,Active,AI-native Robotics,Autonomous Delivery; Deep Learning; Robotics; Construction; AI,"Boston, MA, USA",
1.0,STARTUP,Y Combinator Directory,https://www.ycombinator.com/companies/nabla-bio,2026-08-27T12:14:31Z,Nabla Bio,8,https://www.nabla.bio,Summer 2020,Active,We use AI to design antibodies for intractable diseases,AI-powered Drug Discovery,"Boston, MA, USA",
1.0,STARTUP,Y Combinator Directory,https://www.ycombinator.com/companies/hyper-online,2026-08-27T12:14:31Z,Hyper Online,7,https://www.hyper.online/,Summer 2020,Inactive,Social avatar platform for VTubers,Artificial Intelligence; Augmented Reality; Entertainment; Social; Metaverse,"San Francisco, CA, USA",
1.0,STARTUP,Y Combinator Directory,https://www.ycombinator.com/companies/wareiq,2026-08-27T12:14:31Z,WareIQ,50,https://www.wareiq.com/,Summer 2020,Active,Amazon-prime like logistics for eCommerce companies in India,Warehouse Management Tech; B2B; Supply Chain,"Bengaluru, KA, India",
1.0,STARTUP,Y Combinator Directory,https://www.ycombinator.com/companies/in-stock,2026-08-27T12:14:31Z,In Stock,2,https://instock.org,Summer 2020,Inactive,"Find any product, in stock nearby",E-commerce,"San Francisco, CA, USA; Santa Cruz, CA, USA",
1.0,STARTUP,Y Combinator Directory,https://www.ycombinator.com/companies/bik,2026-08-27T12:14:31Z,BIK,55,https://bik.ai/,Summer 2020,Active,Agentic AI CRM for ecommerce,SaaS; B2B; E-commerce; AI; AI Assistant,"San Francisco, CA, USA; Remote",
1.0,STARTUP,Y Combinator Directory,https://www.ycombinator.com/companies/decentro,2026-08-27T12:14:31Z,Decentro,60,https://decentro.tech,Summer 2020,Active,API Platform for Banking Integrations (Plaid for India and APAC),Banking as a Service; Fintech; API,"Bengaluru, KA, India; Delhi, DL, India; Singapore, Singapore",
1.0,STARTUP,Y Combinator Directory,https://www.ycombinator.com/companies/aquarium-learning,2026-08-27T12:14:31Z,Aquarium Learning,12,https://www.aquariumlearning.com/,Summer 2020,Acquired,We help ML teams improve their models by improving their datasets,Deep Learning; Developer Tools; Generative AI; Machine Learning; AI,"San Francisco, CA, USA; Remote",
1.0,STARTUP,Y Combinator Directory,https://www.ycombinator.com/companies/mailwarm,2026-08-27T12:14:31Z,Mailwarm,10,https://www.mailwarm.com,Summer 2020,Active,Prevents your emails from landing in spam.,SaaS; B2B; Marketing; Email,"Dubai, Dubai, United Arab Emirates",
1.0,STARTUP,Y Combinator Directory,https://www.ycombinator.com/companies/intelligent,2026-08-27T12:14:31Z,Imbue,4,https://www.intelligent.services/,Summer 2020,Inactive,Demand Forecasting as a Service ,Machine Learning; SaaS; B2B,"San Francisco, CA, USA; Los Altos, CA, USA; Remote",Intelligent
1.0,STARTUP,Y Combinator Directory,https://www.ycombinator.com/companies/tyltgo,2026-08-27T12:14:31Z,TyltGO,15,https://www.tyltgo.com/,Summer 2020,Active,TyltGO powers retailers with same-day delivery.,SaaS; B2B; Delivery,"Toronto, ON, Canada; Kitchener, ON, Canada; Remote",
1.0,STARTUP,Y Combinator Directory,https://www.ycombinator.com/companies/farel,2026-08-27T12:14:31Z,Farel,9,https://farel.io,Summer 2020,Active,Next-gen airline OS,SaaS; B2B,"Raleigh, NC, USA",
1.0,STARTUP,Y Combinator Directory,https://www.ycombinator.com/companies/drapr,2026-08-27T12:14:31Z,Drapr,7,https://drapr.com,Summer 2020,Acquired,Try on clothing online,SaaS; E-commerce; Retail Tech,"San Francisco, CA, USA; Berkeley, CA, USA",
1.0,STARTUP,Y Combinator Directory,https://www.ycombinator.com/companies/cohere,2026-08-27T12:14:31Z,Cohere,7,https://cohere.io,Summer 2020,Acquired,Support automation that's actually intelligent,Artificial Intelligence; Automation,"New York City, NY, USA; New York, NY, USA",
1.0,STARTUP,Y Combinator Directory,https://www.ycombinator.com/companies/dataland,2026-08-27T12:14:31Z,Dataland,4,https://dataland.io,Summer 2020,Active,AI agents for customer support.,B2B; Data Engineering; Data Visualization; AI,"New York City, NY, USA",
1.0,STARTUP,Y Combinator Directory,https://www.ycombinator.com/companies/akiflow,2026-08-27T12:14:31Z,Akiflow,18,https://akiflow.com,Summer 2020,Active,All your tasks and calendars into an AI-powered productivity app,Productivity,"CT, Spain; Remote",
1.0,STARTUP,Y Combinator Directory,https://www.ycombinator.com/companies/awtomic,2026-08-27T12:14:31Z,Awtomic,11,https://www.awtomic.com,Summer 2020,Active,Dollar Shave Club as a platform. ,,"Seattle, WA, USA; Remote",
1.0,STARTUP,Y Combinator Directory,https://www.ycombinator.com/companies/henry,2026-08-27T12:14:31Z,HENRY,100,https://www.soyhenry.com/hiring-en,Summer 2020,Active,We train AI engineers and connect them with companies.,AI-Enhanced Learning; B2B; Recruiting; Latin America; Talent Acquisition,"Buenos Aires, CABA, Argentina; Remote",
1.0,STARTUP,Y Combinator Directory,https://www.ycombinator.com/companies/together-video-chat,2026-08-27T12:14:31Z,Together AI,1,https://www.togethervideoapp.com/,Summer 2020,Acquired,Interactive video chat made for kids and families,Education; Entertainment; Gaming,"Barcelona, CT, Spain; CT, Spain; Remote",Together Video Chat
1.0,STARTUP,Y Combinator Directory,https://www.ycombinator.com/companies/taktile,2026-08-27T12:14:31Z,Taktile,150,http://www.taktile.com,Summer 2020,Active,"Transform your decision-making with reliable AI agents in weeks, not…",Artificial Intelligence; Fintech; Machine Learning; Enterprise Software,"Berlin, Berlin, Germany",
1.0,STARTUP,Y Combinator Directory,https://www.ycombinator.com/companies/mito,2026-08-27T12:14:31Z,Mito,3,http://trymito.io,Summer 2020,Active,Cursor for data analysis,Developer Tools; Analytics; Open Source; Data Science; AI,"New York City, NY, USA; Remote",
1.0,STARTUP,Y Combinator Directory,https://www.ycombinator.com/companies/draftwise,2026-08-27T12:14:31Z,Draftwise,50,https://www.draftwise.com/,Summer 2020,Active,Contract and negotiation AI built for lawyers,Generative AI; SaaS; B2B; LegalTech,"New York City, NY, USA",
1.0,STARTUP,Y Combinator Directory,https://www.ycombinator.com/companies/ai-fashion,2026-08-27T12:14:31Z,AI.Fashion,11,https://www.ai.fashion,Summer 2020,Inactive,AI.Fashion is the AI creative suite for the fashion industry.,Artificial Intelligence; Generative AI; Design; Fashion,"Los Angeles, CA, USA",
1.0,STARTUP,Y Combinator Directory,https://www.ycombinator.com/companies/milkrun,2026-08-27T12:14:31Z,MilkRun,38,https://www.localmilkrun.com/,Summer 2020,Inactive,"Get Food From Farmers, Delivered.",E-Commerce; Supply Chain; Agriculture,"Portland, OR, USA; Remote",
1.0,STARTUP,Y Combinator Directory,https://www.ycombinator.com/companies/mobius-materials,2026-08-27T12:14:31Z,Mobius Materials,6,https://www.mobiusmaterials.com,Summer 2020,Active,The spot market for semiconductors,Hardware; Manufacturing; Supply Chain; Semiconductors,"San Francisco, CA, USA",
1.0,STARTUP,Y Combinator Directory,https://www.ycombinator.com/companies/glimpse-2,2026-08-27T12:14:31Z,Glimpse,27,https://tryglimpse.com/,Summer 2020,Active,Glimpse is the system of action for CPG retail operations,Artificial Intelligence; E-commerce; Food & Beverage; Retail,"New York City, NY, USA",
1.0,STARTUP,Y Combinator Directory,https://www.ycombinator.com/companies/nestybox,2026-08-27T12:14:31Z,Nestybox,2,https://www.nestybox.com,Summer 2020,Acquired,Enables Linux containers to act as super fast & efficient VMs,Developer Tools; DevSecOps,"San Francisco, CA, USA; San Jose, CA, USA",
1.0,STARTUP,Y Combinator Directory,https://www.ycombinator.com/companies/warmly,2026-08-27T12:14:31Z,"Warmly,",60,https://www.warmly.ai/,Summer 2020,Acquired,[Acquired by HubSpot in 2026] Autonomous sales platform to auto-email…,B2B; Productivity; Sales; Sales Enablement; AI,"San Francisco, CA, USA; Remote",
1.0,STARTUP,Y Combinator Directory,https://www.ycombinator.com/companies/clover,2026-08-27T12:14:31Z,Clover,2,https://cloverapp.co,Summer 2020,Acquired,"The all-in-one notebook for creatives to brainstorm, write, and plan…",Productivity; Note-taking,"NY, USA; Remote",
1.0,STARTUP,Y Combinator Directory,https://www.ycombinator.com/companies/parrot-software,2026-08-27T12:14:31Z,Parrot Software 🦜,40,https://parrotsoftware.io/,Summer 2020,Active,The operating system for restaurants in LatAm.,Fintech; SaaS; B2B,"Monterrey, N.L., Mexico",
1.0,STARTUP,Y Combinator Directory,https://www.ycombinator.com/companies/hellosaurus,2026-08-27T12:14:31Z,Hellosaurus,25,https://hellosaur.us/join,Summer 2020,Acquired,Interactive video platform for kids,Education; Entertainment; Kids,"San Francisco, CA, USA; New York, NY, USA",
1.0,STARTUP,Y Combinator Directory,https://www.ycombinator.com/companies/fieldguide,2026-08-27T12:14:31Z,Fieldguide,200,http://fieldguide.com,Summer 2020,Active,Vertical AI for Audit & Advisory Firms,Artificial Intelligence; B2B; Workflow Automation; Productivity,"San Francisco, CA, USA",
1.0,STARTUP,Y Combinator Directory,https://www.ycombinator.com/companies/heron-data,2026-08-27T12:14:31Z,Heron Data,60,https://www.herondata.io,Summer 2020,Active,We automate document-heavy workflows in financial services and beyond,Fintech; SaaS; B2B; AI,"New York City, NY, USA",
1.0,STARTUP,Y Combinator Directory,https://www.ycombinator.com/companies/clau,2026-08-27T12:14:31Z,Clau,90,https://clau.com,Summer 2020,Active,The real estate superapp for Mexico,Fintech; Machine Learning; Marketplace; Proptech,"Mexico City, CDMX, Mexico",
1.0,STARTUP,Y Combinator Directory,https://www.ycombinator.com/companies/quell,2026-08-27T12:14:31Z,Quell,40,https://playquell.com,Summer 2020,Inactive,Get fit fighting your way through a fantasy world.,Hardware; Machine Learning; Sports Tech; Fitness; Gaming,"London, England, United Kingdom",
1.0,STARTUP,Y Combinator Directory,https://www.ycombinator.com/companies/rarebird,2026-08-27T12:14:31Z,Rarebird,5,http://www.rarebird.coffee,Summer 2020,Active,Elevating mental health to be a part of your daily coffee ritual.,,"San Francisco, CA, USA; San Leandro, CA, USA",
1.0,STARTUP,Y Combinator Directory,https://www.ycombinator.com/companies/payflow-2,2026-08-27T12:14:31Z,Payflow,7,https://www.payflow.ai,Summer 2020,Inactive,"AI FP&A Agent for insights, reports, planning and forecasting.",Fintech; SaaS; B2B,"New York City, NY, USA",
1.0,STARTUP,Y Combinator Directory,https://www.ycombinator.com/companies/brevy,2026-08-27T12:14:31Z,Brevy,8,https://brevy.com/,Summer 2020,Acquired,Empower your customer service team through AI & automation.,SaaS; B2B,Remote,
1.0,STARTUP,Y Combinator Directory,https://www.ycombinator.com/companies/degrees-of-freedom,2026-08-27T12:14:31Z,Degrees of Freedom,7,https://www.DegreesOfFreedom.org,Winter 2021,Inactive,"DoF provides a high quality, affordable higher education alternative.",Virtual Reality; Nonprofit; HR Tech; Edtech; AI,"New York City, NY, USA",
1.0,STARTUP,Y Combinator Directory,https://www.ycombinator.com/companies/gonddo,2026-08-27T12:14:31Z,Gonddo,6,https://gonddo.com.br/,Winter 2021,Inactive,Wholesale marketplace for independent retailers buy & manage inventory,Marketplace,"São Paulo, SP, Brazil",
1.0,STARTUP,Y Combinator Directory,https://www.ycombinator.com/companies/abacum,2026-08-27T12:14:31Z,Abacum,125,https://www.abacum.ai/,Winter 2021,Active,The AI-native FP&A platform that helps Finance teams drive business…,FinOps; SaaS,"New York City, NY, USA",
1.0,STARTUP,Y Combinator Directory,https://www.ycombinator.com/companies/cloud-humans,2026-08-27T12:14:31Z,cloud humans,30,https://www.cloudhumans.com,Winter 2021,Active,AI-powered customer service for startups,Artificial Intelligence; SaaS; Chatbot; Customer Service,"New York City, NY, USA; São Paulo, SP, Brazil",
1.0,STARTUP,Y Combinator Directory,https://www.ycombinator.com/companies/trestle-biotherapeutics,2026-08-27T12:14:31Z,Trestle Biotherapeutics,2,http://www.trestlebio.com,Winter 2021,Active,Bioengineered kidneys for patients with kidney failure,Biotech,"San Diego, CA, USA",
1.0,STARTUP,Y Combinator Directory,https://www.ycombinator.com/companies/the-third-place,2026-08-27T12:14:31Z,The Third Place,2,https://www.thethirdplace.is/,Winter 2021,Active,Subscriptions for neighborhood businesses ,SaaS; Community; Subscriptions,"San Francisco, CA, USA",
1.0,STARTUP,Y Combinator Directory,https://www.ycombinator.com/companies/atomic-industries,2026-08-27T12:14:31Z,Atomic Industries,60,http://atomic.industries,Winter 2021,Active,Software orchestrated mass production of plastics,Artificial Intelligence; Hard Tech; Manufacturing,"Cleveland, OH, USA",
1.0,STARTUP,Y Combinator Directory,https://www.ycombinator.com/companies/authzed,2026-08-27T12:14:31Z,authzed,31,https://authzed.com,Winter 2021,Active,"Authorization Infrastructure securing AI at OpenAI, Zoom, & more",Artificial Intelligence; Developer Tools; Security; Open Source; Data Engineering,"New York City, NY, USA; Remote",
1.0,STARTUP,Y Combinator Directory,https://www.ycombinator.com/companies/humaans,2026-08-27T12:14:31Z,Humaans,48,https://humaans.io,Winter 2021,Active,AI-Powered HRIS for high performing teams,SaaS; Human Resources; B2B; Enterprise; AI,"London, England, United Kingdom",
1.0,STARTUP,Y Combinator Directory,https://www.ycombinator.com/companies/dreamworld,2026-08-27T12:14:31Z,DreamWorld,30,https://www.playdreamworld.com/,Winter 2021,Active,DreamWorld is a next-gen Minecraft with generative AI building,Gaming,"San Francisco, CA, USA",
1.0,STARTUP,Y Combinator Directory,https://www.ycombinator.com/companies/rocketsdr,2026-08-27T12:14:31Z,RocketSDR,30,https://rocketsdr.ai,Winter 2021,Active,AI Native Sales Outreach Platform,Sales; AI,"Bengaluru, KA, India",
1.0,STARTUP,Y Combinator Directory,https://www.ycombinator.com/companies/quadrant-eye,2026-08-27T12:14:31Z,Quadrant Eye,4,https://quadranteye.com,Winter 2021,Inactive,Breaking new ground in online eyecare. ,Artificial Intelligence; Deep Learning; Digital Health; Telemedicine,"San Francisco, CA, USA",
1.0,STARTUP,Y Combinator Directory,https://www.ycombinator.com/companies/sbx-robotics,2026-08-27T12:14:31Z,SBX Robotics,5,https://www.sbxrobotics.com/,Winter 2021,Inactive,Synthetic data for better vision.,Artificial Intelligence; Machine Learning; Robotics; Computer Vision; Data Engineering,"Toronto, ON, Canada",
1.0,STARTUP,Y Combinator Directory,https://www.ycombinator.com/companies/waypoint,2026-08-27T12:14:31Z,Waypoint,,https://www.usewaypoint.com,Winter 2021,Active,The email API built for product teams,SaaS; B2B; Design; Email; APIs,United States; Remote,
1.0,STARTUP,Y Combinator Directory,https://www.ycombinator.com/companies/spokn,2026-08-27T12:14:31Z,Spokn,20,https://getspokn.com/,Winter 2021,Active,AI-powered video platform for Internal Comms and HR teams ,eLearning; B2B; Culture,"New York City, NY, USA; Remote",
1.0,STARTUP,Y Combinator Directory,https://www.ycombinator.com/companies/finley,2026-08-27T12:14:31Z,Finley,32,https://www.finleycms.com,Winter 2021,Acquired,Streamline your debt capital raise and management,Fintech; SaaS; Enterprise,"San Francisco, CA, USA",
1.0,STARTUP,Y Combinator Directory,https://www.ycombinator.com/companies/stacksi,2026-08-27T12:14:31Z,Stacksi,4,https://www.stacksi.com,Winter 2021,Acquired,Automated Answers to Security Questionnaires,Compliance; Cybersecurity,"Los Angeles, CA, USA; Remote",
1.0,STARTUP,Y Combinator Directory,https://www.ycombinator.com/companies/gigs-live,2026-08-27T12:14:31Z,Gigs Live,3,https://gigs.live,Winter 2021,Inactive,Video publishing and monetization platform for creators and artists,SaaS; Entertainment; Media,"New York City, NY, USA; New York, NY, USA",
1.0,STARTUP,Y Combinator Directory,https://www.ycombinator.com/companies/arnata,2026-08-27T12:14:31Z,arnata,15,https://arnata.com,Winter 2021,Active,AI workers for the logistics industry. ,Artificial Intelligence; Generative AI; B2B; Logistics; Supply Chain,"San Francisco, CA, USA",
1.0,STARTUP,Y Combinator Directory,https://www.ycombinator.com/companies/pibit-ai,2026-08-27T12:14:31Z,Pibit.ai,116,https://pibit.ai,Winter 2021,Active,The fastest path from submission to better decisions.,Artificial Intelligence; Generative AI; B2B; Insurance,"San Francisco, CA, USA",
1.0,STARTUP,Y Combinator Directory,https://www.ycombinator.com/companies/lion-pose,2026-08-27T12:14:31Z,Lion Pose,3,http://www.lionpose.com,Winter 2021,Active,"Clinical skincare tested on diverse skin, now available in Sephora.",Consumer; Healthcare; Beauty; E-commerce,"San Francisco, CA, USA; Los Angeles, CA, USA; Remote",
1.0,STARTUP,Y Combinator Directory,https://www.ycombinator.com/companies/vogent,2026-08-27T12:14:31Z,Vogent,3,https://vogent.ai,Summer 2021,Acquired,Build Voice AI Agents,Artificial Intelligence; SaaS; B2B; Sales; Operations,"San Francisco, CA, USA",
1.0,STARTUP,Y Combinator Directory,https://www.ycombinator.com/companies/slashauth,2026-08-27T12:14:31Z,SlashAuth,3,https://www.slashauth.com,Winter 2021,Inactive,The solution for fine-grained access control in web3,Crypto / Web3; B2B; Security,"San Francisco, CA, USA",
1.0,STARTUP,Y Combinator Directory,https://www.ycombinator.com/companies/moichor,2026-08-27T12:14:31Z,Moichor,29,https://moichor.com/,Winter 2021,Active,AI Powered Animal Diagnostics,Diagnostics,"San Francisco, CA, USA",
1.0,STARTUP,Y Combinator Directory,https://www.ycombinator.com/companies/queenly,2026-08-27T12:14:31Z,Queenly,13,https://queenly.com/,Winter 2021,Inactive,Leading marketplace for formalwear,Marketplace; Sustainable Fashion; E-commerce,"San Francisco, CA, USA",
1.0,STARTUP,Y Combinator Directory,https://www.ycombinator.com/companies/flux-auto,2026-08-27T12:14:31Z,Flux Auto,56,https://fluxauto.ai,Winter 2021,Active,Physical AI for Warehouses and Factories,Artificial Intelligence; Autonomous Trucking; Hard Tech; Robotics; AI,"Bengaluru, KA, India",
1.0,STARTUP,Y Combinator Directory,https://www.ycombinator.com/companies/fountain9,2026-08-27T12:14:31Z,Fountain9,8,https://www.fountain9.com,Winter 2021,Acquired,Helping food brands and retailers reduce food wastage,Artificial Intelligence; Warehouse Management Tech; E-commerce; Supply Chain; Retail,"San Francisco, CA, USA",
1.0,STARTUP,Y Combinator Directory,https://www.ycombinator.com/companies/avocado,2026-08-27T12:14:31Z,Avocado,4,https://avocadopos.com,Winter 2021,Active,AI-Native Restaurant POS,Fintech; Generative AI; Restaurant Tech; AI; AI Assistant,"San Francisco, CA, USA",
1.0,STARTUP,Y Combinator Directory,https://www.ycombinator.com/companies/weekday,2026-08-27T12:14:31Z,Weekday,38,https://weekday.works,Winter 2021,Active,AI recruiter that runs outbound sourcing campaigns to find top talent,B2B; Recruiting,"Bengaluru, KA, India; Remote",
1.0,STARTUP,Y Combinator Directory,https://www.ycombinator.com/companies/pragmatic-leaders-ankai-inc,2026-08-27T12:14:31Z,Pragmatic Leaders (Ankai Inc),10,"https://pragmaticleaders.io, https://ostronaut.com",Winter 2021,Active,"AI-powered Corporate Training: Faster, Smarter, and More Effective",Artificial Intelligence; SaaS; eLearning; Sales Enablement; AI,"Gurugram, HR, India; Remote",
1.0,STARTUP,Y Combinator Directory,https://www.ycombinator.com/companies/segments-ai,2026-08-27T12:14:31Z,Segments.ai,8,https://segments.ai,Winter 2021,Acquired,Build better computer vision models by building better datasets,Deep Learning; Developer Tools; Computer Vision,"Brussels, Brussels, Belgium; Remote",
1.0,STARTUP,Y Combinator Directory,https://www.ycombinator.com/companies/encord,2026-08-27T12:14:31Z,Encord,150,https://encord.com,Winter 2021,Active,The data layer for physical AI,Machine Learning; Robotics; Enterprise Software; Infrastructure; AI,"London, England, United Kingdom",
1.0,STARTUP,Y Combinator Directory,https://www.ycombinator.com/companies/clipdrop,2026-08-27T12:14:31Z,ClipDrop,5,https://clipdrop.co,Winter 2021,Acquired,Turn regular mobile photos into professional product visuals,SaaS; Computer Vision; Design Tools,"Paris, Île-de-France, France; Remote",
1.0,STARTUP,Y Combinator Directory,https://www.ycombinator.com/companies/valink-therapeutics,2026-08-27T12:14:31Z,Valink Therapeutics,15,https://www.valinktx.com/,Winter 2021,Active,Discovering bispecific antibody drug-conjugates (BsADC) against cancer,Biotech; Therapeutics; Drug discovery,"Boston, MA, USA",
1.0,STARTUP,Y Combinator Directory,https://www.ycombinator.com/companies/sivo,2026-08-27T12:14:31Z,Sivo,15,https://sivo.com,Winter 2021,Active,Debt as a service for companies to lend money to their users at scale.,Artificial Intelligence; Fintech,"Vancouver, BC, Canada; San Francisco, CA, USA; Remote",
1.0,STARTUP,Y Combinator Directory,https://www.ycombinator.com/companies/hyperglue,2026-08-27T12:14:31Z,HyperGlue,5,https://www.hyperglue.com,Winter 2021,Acquired,Business intelligence on text,Machine Learning; B2B; NLP,"San Francisco, CA, USA; Remote",
1.0,STARTUP,Y Combinator Directory,https://www.ycombinator.com/companies/noya,2026-08-27T12:14:31Z,Noya,7,https://noya.co,Winter 2021,Inactive,Radically reducing capital costs and build time for direct air capture,Carbon Capture and Removal; Climate,"San Francisco, CA, USA",
1.0,STARTUP,Y Combinator Directory,https://www.ycombinator.com/companies/cyble,2026-08-27T12:14:31Z,Cyble,197,https://cyble.com/,Winter 2021,Active,"Cyble - World’s First Intelligence-Driven, AI-Native Security…",SaaS; Security; AI,"San Francisco, CA, USA",
1.0,STARTUP,Y Combinator Directory,https://www.ycombinator.com/companies/supadock,2026-08-27T12:14:31Z,Supadock,1,https://getsupadock.com,Winter 2021,Active,AI workers for logistics operations,Artificial Intelligence; Logistics; Conversational AI,"Toronto, ON, Canada; Remote",
1.0,STARTUP,Y Combinator Directory,https://www.ycombinator.com/companies/expent-inc,2026-08-27T12:14:31Z,Expent Inc,10,https://www.expent.ai/,Winter 2021,Active,Procure the right software 5x faster,Machine Learning; SaaS; B2B; AI,"San Francisco, CA, USA; Remote",
1.0,STARTUP,Y Combinator Directory,https://www.ycombinator.com/companies/version-story-compare,2026-08-27T12:14:31Z,Version Story Compare,30,https://versionstory.com/,Winter 2021,Active,Git for Lawyers — now within Claude,SaaS; B2B; Legal; LegalTech; AI,"New York City, NY, USA",
1.0,STARTUP,Y Combinator Directory,https://www.ycombinator.com/companies/per-diem,2026-08-27T12:14:31Z,Per Diem,25,https://tryperdiem.com,Winter 2021,Active,The AI operating system for restaurants,Payments; Consumer; B2B,"New York City, NY, USA; Remote",
1.0,STARTUP,Y Combinator Directory,https://www.ycombinator.com/companies/promoted,2026-08-27T12:14:31Z,Promoted.ai,12,http://www.promoted.ai,Winter 2021,Acquired,Dramatically better search and ads for marketplaces,Machine Learning; Marketplace; B2B; E-commerce,"Seattle, WA, USA",
1.0,STARTUP,Y Combinator Directory,https://www.ycombinator.com/companies/emerge-tools,2026-08-27T12:14:31Z,Emerge Tools,9,https://www.emergetools.com/,Winter 2021,Acquired,Supercharge your mobile apps,Artificial Intelligence; Developer Tools; B2B; Enterprise,"Los Angeles, CA, USA; Santa Monica, CA, USA; Remote",
1.0,STARTUP,Y Combinator Directory,https://www.ycombinator.com/companies/parsagon,2026-08-27T12:14:31Z,Parsagon,2,https://parsagon.io,Winter 2021,Active,AI to track and analyze public policy,Artificial Intelligence; Monitoring; AI,"San Francisco, CA, USA; Remote",
1.0,STARTUP,Y Combinator Directory,https://www.ycombinator.com/companies/alinea,2026-08-27T12:14:31Z,Alinea,12,https://alinea-invest.com/,Winter 2021,Active,Automated investing for the next generation 💸,Artificial Intelligence; Education; Fintech; Social,"New York City, NY, USA",
1.0,STARTUP,Y Combinator Directory,https://www.ycombinator.com/companies/vapi,2026-08-27T12:14:31Z,Vapi,50,https://vapi.ai,Winter 2021,Active,Voice AI for developers.,Artificial Intelligence,"San Francisco, CA, USA",
1.0,STARTUP,Y Combinator Directory,https://www.ycombinator.com/companies/quadrant-health,2026-08-27T12:14:31Z,Quadrant Health,8,https://quadrant.health,Winter 2021,Active,Analyzing EHR and messaging data to predict disease before it occurs.,SaaS; Healthcare IT; AI,"New York City, NY, USA; Remote",
1.0,STARTUP,Y Combinator Directory,https://www.ycombinator.com/companies/mindee,2026-08-27T12:14:31Z,Mindee,60,https://mindee.com,Winter 2021,Active,AI Document Understanding API,Artificial Intelligence; Deep Learning; Developer Tools; Automation; APIs,"Paris, Île-de-France, France; San Francisco, CA, USA; London, England, United Kingdom",
1.0,STARTUP,Y Combinator Directory,https://www.ycombinator.com/companies/pangea-app,2026-08-27T12:14:31Z,Pangea.app,3,https://www.pangea.app,Winter 2021,Active,Hire Fractional Marketing + Design Talent ,Marketplace; Recruiting; AI Assistant,"New York City, NY, USA; Providence, RI, USA; Remote",
1.0,STARTUP,Y Combinator Directory,https://www.ycombinator.com/companies/anima,2026-08-27T12:14:31Z,Anima,20,http://www.animahealth.com,Winter 2021,Active,The next generation care enablement platform,Deep Learning; SaaS; Consumer Health Services,"London, England, United Kingdom; Remote",
1.0,STARTUP,Y Combinator Directory,https://www.ycombinator.com/companies/popl,2026-08-27T12:14:31Z,Popl,60,https://popl.co/,Winter 2021,Active,Your AI GTM platform for In-Person Events,Artificial Intelligence; SaaS; B2B; Emerging Markets; AI,"New York City, NY, USA; Remote",
1.0,STARTUP,Y Combinator Directory,https://www.ycombinator.com/companies/fathom,2026-08-27T12:14:31Z,Fathom,95,https://www.fathom.ai,Winter 2021,Active,The most flexible AI meeting notetaker ever built.,SaaS; B2B; Productivity; AI; Note-taking,"San Francisco, CA, USA; Remote",
1.0,STARTUP,Y Combinator Directory,https://www.ycombinator.com/companies/true3d,2026-08-27T12:14:31Z,True3D,5,https://www.true3d.com/,Winter 2021,Active,Building the next generation of visual media,Artificial Intelligence; Video; Media; Infrastructure,"New York City, NY, USA",
1.0,STARTUP,Y Combinator Directory,https://www.ycombinator.com/companies/firstsupport-ai,2026-08-27T12:14:31Z,FirstSupport.ai,4,https://firstsupport.ai,Winter 2021,Active,AI Assistant for Customer Support,Artificial Intelligence; SaaS; B2B; Customer Support; AI Assistant,"Bandung, West Java, Indonesia; Remote",
1.0,STARTUP,Y Combinator Directory,https://www.ycombinator.com/companies/rinsed,2026-08-27T12:14:31Z,Rinsed,80,https://www.rinsed.com,Winter 2021,Active,Software to run car washes moving to a monthly subscription model,Artificial Intelligence; B2B; E-commerce; Subscriptions,"New York City, NY, USA",
1.0,STARTUP,Y Combinator Directory,https://www.ycombinator.com/companies/greywing,2026-08-27T12:14:31Z,Greywing,2,https://grey-wing.com/,Winter 2021,Active,The Operating System for Maritime,Hard Tech; SaaS; Maritime,"Singapore, Singapore; Remote",
1.0,STARTUP,Y Combinator Directory,https://www.ycombinator.com/companies/liveflow,2026-08-27T12:14:31Z,LiveFlow,51,https://www.liveflow.com,Winter 2021,Active,The Unified AI-ERP & FP&A Platform,Finance; AI,"New York City, NY, USA",
1.0,STARTUP,Y Combinator Directory,https://www.ycombinator.com/companies/aurabeat,2026-08-27T12:14:31Z,Aurabeat,12,https://www.aurabeattech.com/,Winter 2021,Active,"Providing clean, safe, virus free air for homes, buildings and cars",Hardware; Energy,"Hong Kong, Hong Kong",
1.0,STARTUP,Y Combinator Directory,https://www.ycombinator.com/companies/invoid,2026-08-27T12:14:31Z,Invoid,15,https://www.invoid.co/,Winter 2021,Inactive,Create identity verification workflows the way you want,Machine Learning; SaaS; B2B,"Gurugram, HR, India",
1.0,STARTUP,Y Combinator Directory,https://www.ycombinator.com/companies/datrics,2026-08-27T12:14:31Z,Datrics,22,https://datrics.ai,Winter 2021,Active,Generative AI Healthcare Coding Automation,B2B; Analytics; Healthcare; Health Insurance; AI,"San Francisco, CA, USA; Remote",
1.0,STARTUP,Y Combinator Directory,https://www.ycombinator.com/companies/sendbox,2026-08-27T12:14:31Z,Sendbox,25,https://sendbox.co,Winter 2021,Active,Fulfillment by Amazon for African merchants,Logistics; E-commerce,"Lagos, LA, Nigeria; LA, Nigeria",
1.0,STARTUP,Y Combinator Directory,https://www.ycombinator.com/companies/lighttwist,2026-08-27T12:14:31Z,LightTwist,2,https://lighttwist.com,Winter 2021,Active,Realistic virtual video studio to record and stream from your browser,Augmented Reality; Computer Vision; Design Tools,"Boulder, CO, USA; Remote",
1.0,STARTUP,Y Combinator Directory,https://www.ycombinator.com/companies/logisticsos,2026-08-27T12:14:31Z,LogisticsOS,6,https://logisticsos.com,Winter 2021,Active,World's fastest and most optimal route optimization engine,SaaS; Delivery; Logistics; API; Cloud Computing,"Ontario, CA, USA; Remote",
1.0,STARTUP,Y Combinator Directory,https://www.ycombinator.com/companies/opencode,2026-08-27T12:14:31Z,OpenCode,24,https://opencode.ai,Winter 2021,Active,The open source AI coding agent,Developer Tools; Open Source,"Toronto, ON, Canada; Remote",
1.0,STARTUP,Y Combinator Directory,https://www.ycombinator.com/companies/flextock,2026-08-27T12:14:31Z,Flextock,10,http://www.flextock.com,Winter 2021,Active,Tech-enabled fulfillment provider in the Middle East & Africa,Logistics; Supply Chain,"Cairo, Cairo Governorate, Egypt",
1.0,STARTUP,Y Combinator Directory,https://www.ycombinator.com/companies/topline-pro,2026-08-27T12:14:31Z,Topline Pro,28,https://www.toplinepro.com,Winter 2021,Active,Generative AI powered Shopify for home service professionals,SaaS,"New York City, NY, USA; Boston, MA, USA",
1.0,STARTUP,Y Combinator Directory,https://www.ycombinator.com/companies/quicknode,2026-08-27T12:14:31Z,Quicknode,115,https://www.quicknode.com,Winter 2021,Active,Tools & infra to build and scale high-quality blockchain applications.,Developer Tools; SaaS; Crypto / Web3; API,"Miami, FL, USA",
1.0,STARTUP,Y Combinator Directory,https://www.ycombinator.com/companies/codingal,2026-08-27T12:14:31Z,Codingal,100,https://www.codingal.com/?utm_source=yc,Winter 2021,Active,Leading online after-school for kids & teens to learn AI & coding,Education; eLearning; Edtech,"Bengaluru, KA, India",
1.0,STARTUP,Y Combinator Directory,https://www.ycombinator.com/companies/nimbus-3,2026-08-27T12:14:31Z,Nimbus,3,https://nimbus.dev,Winter 2021,Inactive,Nimbus reduces Datadog costs by more than 60% without Manual Effort,Artificial Intelligence; Infrastructure; Operations,"Seattle, WA, USA",
1.0,STARTUP,Y Combinator Directory,https://www.ycombinator.com/companies/tractian,2026-08-27T12:14:31Z,Tractian,530,https://tractian.com,Winter 2021,Active,Physical AI for asset-heavy industries,SaaS; IoT; B2B; Operations; AI,"Atlanta, GA, USA",
1.0,STARTUP,Y Combinator Directory,https://www.ycombinator.com/companies/enable-us,2026-08-27T12:14:31Z,Enable Us,14,https://www.enableus.com,Winter 2021,Acquired,Digital Sales Rooms (Acquired by MindTickle),Artificial Intelligence; SaaS; B2B,"San Francisco, CA, USA; Remote",
1.0,STARTUP,Y Combinator Directory,https://www.ycombinator.com/companies/platypus,2026-08-27T12:14:31Z,Platypus,3,https://www.getplatypus.com,Winter 2021,Inactive,The Distributed Data Operating System,B2B; Workflow Automation; Data Engineering; AI Assistant,"San Francisco, CA, USA",
1.0,STARTUP,Y Combinator Directory,https://www.ycombinator.com/companies/clicoh,2026-08-27T12:14:31Z,clicOH,155,http://clicoh.com/,Winter 2021,Active,Amazon-like logistics for e-commerce companies in Latam,Warehouse Management Tech; B2B; Logistics,"Buenos Aires, CABA, Argentina; Mexico City, CDMX, Mexico",
1.0,STARTUP,Y Combinator Directory,https://www.ycombinator.com/companies/milk-video,2026-08-27T12:14:31Z,Milk Video,2,https://milkvideo.com,Winter 2021,Inactive,Create video testimonials with a link,Machine Learning; Design Tools; Video,"New York City, NY, USA; New York, NY, USA",
1.0,STARTUP,Y Combinator Directory,https://www.ycombinator.com/companies/simplify,2026-08-27T12:14:31Z,Simplify,5,https://simplify.jobs/,Winter 2021,Active,Helping a billion people build their dream career,Generative AI; Machine Learning; Marketplace; Recruiting,"San Francisco, CA, USA",
1.0,STARTUP,Y Combinator Directory,https://www.ycombinator.com/companies/inpharmd,2026-08-27T12:14:31Z,InpharmD,16,https://www.inpharmd.com,Winter 2021,Active,"We provide a curated, evidence- based answer to any clinical question.",Artificial Intelligence; B2B; Telemedicine,"Atlanta, GA, USA",
1.0,STARTUP,Y Combinator Directory,https://www.ycombinator.com/companies/tint,2026-08-27T12:14:31Z,Tint,40,http://www.tint.ai,Winter 2021,Active,Makes it easy for tech platforms to embed insurance into products,Artificial Intelligence; Developer Tools; Fintech,"San Francisco, CA, USA; Remote",
1.0,STARTUP,Y Combinator Directory,https://www.ycombinator.com/companies/finantier,2026-08-27T12:14:31Z,Finantier,40,https://finantier.co,Winter 2021,Inactive,Plaid for Southeast Asia,Fintech; SaaS; B2B,"Singapore, Singapore",
1.0,STARTUP,Y Combinator Directory,https://www.ycombinator.com/companies/unsurvey,2026-08-27T12:14:31Z,unSurvey,8,http://www.unsurvey.ai,Winter 2021,Acquired,"AI-led market research interviews, no scheduling, instant insights.",B2B; Feedback; Market Research; AI,"San Francisco, CA, USA; Remote",
1.0,STARTUP,Y Combinator Directory,https://www.ycombinator.com/companies/zoko,2026-08-27T12:14:31Z,ZOKO,18,https://www.zoko.io/,Winter 2021,Active,Better Business on WhatsApp,Generative AI; SaaS; E-commerce,"Bengaluru, KA, India",
1.0,STARTUP,Y Combinator Directory,https://www.ycombinator.com/companies/taofi,2026-08-27T12:14:31Z,TaoFi,11,https://taofi.com,Winter 2021,Acquired,The financial layer for decentralized AI,Artificial Intelligence; DeFi,"San Francisco, CA, USA",
1.0,STARTUP,Y Combinator Directory,https://www.ycombinator.com/companies/launcher-labs,2026-08-27T12:14:31Z,Launcher Labs,4,http://launchcaster.xyz,Winter 2021,Inactive,"Maker of consumer crypto apps: Launchcaster, Frameboard, Maindrop",Crypto / Web3; Consumer,"Austin, TX, USA; Remote",
1.0,STARTUP,Y Combinator Directory,https://www.ycombinator.com/companies/reclaim-protocol,2026-08-27T12:14:31Z,Reclaim Protocol,17,https://reclaimprotocol.org,Winter 2021,Active,"Education, Employment, Loyalty verification. Global & Compliant.",Identity; AI,"Hyderabad, Telangana, India; Remote",
1.0,STARTUP,Y Combinator Directory,https://www.ycombinator.com/companies/slash,2026-08-27T12:14:31Z,Slash,70,https://www.slash.com/,Summer 2021,Active,"Banking, corporate cards, stablecoin payments – available globally.",Fintech,"San Francisco, CA, USA",
1.0,STARTUP,Y Combinator Directory,https://www.ycombinator.com/companies/seer,2026-08-27T12:14:31Z,Seer,4,https://www.helloseer.com/,Winter 2021,Active,Sell beyond the store.,SaaS,"San Francisco, CA, USA; Palo Alto, CA, USA; Remote",
1.0,STARTUP,Y Combinator Directory,https://www.ycombinator.com/companies/feroot-security,2026-08-27T12:14:31Z,Feroot Security,24,https://www.feroot.com,Winter 2021,Active,"AI-powered Compliance Platform for PCI 4, CCPA, HIPAA, CIPA, 50+ laws",Compliance; Security; Privacy,"Toronto, ON, Canada",
1.0,STARTUP,Y Combinator Directory,https://www.ycombinator.com/companies/biodock,2026-08-27T12:14:31Z,Biodock,8,https://www.biodock.ai,Winter 2021,Active,Cloud AI microscopy automation,Artificial Intelligence; Deep Learning; SaaS,"Astana, Kazakhstan; Austin, TX, USA",
1.0,STARTUP,Y Combinator Directory,https://www.ycombinator.com/companies/venu-ai,2026-08-27T12:14:31Z,Venu AI,5,https://www.venu3d.com,Winter 2021,Active,Meet qualified leads in person by automating conference production,Artificial Intelligence; B2B; Community; Sales; Marketing,"San Francisco, CA, USA; Remote",
1.0,STARTUP,Y Combinator Directory,https://www.ycombinator.com/companies/compose-ai,2026-08-27T12:14:31Z,Compose.ai,7,https://compose.ai,Winter 2021,Active,Cut your writing time by 40% with AI-powered autocomplete,Artificial Intelligence; NLP; Email,"Carlsbad, CA, USA; San Francisco, CA, USA; Remote",
1.0,STARTUP,Y Combinator Directory,https://www.ycombinator.com/companies/lamar-health,2026-08-27T12:14:31Z,Lamar Health,15,http://www.lamarhealth.com,Winter 2021,Active,Take Care of Shitty Paperwork for Expensive Drugs,Health Tech; AI,"San Francisco, CA, USA",
1.0,STARTUP,Y Combinator Directory,https://www.ycombinator.com/companies/soraban,2026-08-27T12:14:31Z,Soraban,50,https://www.soraban.com,Winter 2021,Active,AI tax workflow platform for accounting firms ,AI-Enhanced Learning; Robotic Process Automation; SaaS,"Tempe, AZ, USA",
1.0,STARTUP,Y Combinator Directory,https://www.ycombinator.com/companies/z1,2026-08-27T12:14:31Z,Z1,80,https://z1.app/,Winter 2021,Active,Digital bank for teenagers in LatAm connected to prepaid card ,Fintech; Payments; Consumer; Lending; Neobank,"São Paulo, SP, Brazil; Remote",
1.0,STARTUP,Y Combinator Directory,https://www.ycombinator.com/companies/mono,2026-08-27T12:14:31Z,Mono,10,https://mono.co,Winter 2021,Acquired,"Plaid for Africa, but better. ",Fintech,"Lagos, LA, Nigeria",
1.0,STARTUP,Y Combinator Directory,https://www.ycombinator.com/companies/codeball,2026-08-27T12:14:31Z,Codeball,3,https://codeball.ai,Winter 2021,Inactive,AI-Powered Code Review,Artificial Intelligence; Developer Tools; SaaS,"Stockholm, Stockholm County, Sweden",
1.0,STARTUP,Y Combinator Directory,https://www.ycombinator.com/companies/pagaloop,2026-08-27T12:14:31Z,Pagaloop,23,https://www.pagaloop.com,Winter 2021,Active,"Pay, Get Paid and Extend Cash Flow using your Credit Card as…",Fintech; Payments,"Mexico City, CDMX, Mexico; Remote",
1.0,STARTUP,Y Combinator Directory,https://www.ycombinator.com/companies/chatwoot,2026-08-27T12:14:31Z,Chatwoot,12,https://www.chatwoot.com,Winter 2021,Active,"The modern, open source, self-hosted AI customer support platform",B2B; Customer Success; Open Source; Customer Service; Customer Support,"San Francisco, CA, USA; Remote",
1.0,STARTUP,Y Combinator Directory,https://www.ycombinator.com/companies/dataherald,2026-08-27T12:14:31Z,Dataherald,18,http://dataherald.com/,Winter 2021,Inactive,Embed NL-to-SQL into your Product 📈,AI-Enhanced Learning; Artificial Intelligence; SaaS; B2B,"Los Angeles, CA, USA",
1.0,STARTUP,Y Combinator Directory,https://www.ycombinator.com/companies/alpas,2026-08-27T12:14:31Z,Alpas,5,https://alpas.ai/,Winter 2021,Active,Software for procurement departments to find suppliers 10x faster,Supply Chain; Procurement,"Berlin, Berlin, Germany",
1.0,STARTUP,Y Combinator Directory,https://www.ycombinator.com/companies/rejoy-health,2026-08-27T12:14:31Z,Rejoy Health,8,https://www.rejoyhealth.com/,Winter 2021,Active,"AI workers that book, scribe, code, interpret, and answer clinicians",Artificial Intelligence; AI,"San Francisco, CA, USA; Remote",
1.0,STARTUP,Y Combinator Directory,https://www.ycombinator.com/companies/treinta,2026-08-27T12:14:31Z,Treinta,60,https://www.treinta.co,Winter 2021,Active,Software and AI tools for SMBs in the US and Latin America,Artificial Intelligence; Subscriptions,"Bogotá, Bogota, Colombia",
1.0,STARTUP,Y Combinator Directory,https://www.ycombinator.com/companies/spline,2026-08-27T12:14:31Z,Spline,25,http://spline.design/,Winter 2021,Active,Design and collaborate in multiple dimensions.,Artificial Intelligence; Design Tools; AR,"Reston, VA, USA; Remote",
1.0,STARTUP,Y Combinator Directory,https://www.ycombinator.com/companies/businessonbot,2026-08-27T12:14:31Z,BusinessOnBot,25,https://www.businessonbot.com/,Winter 2021,Active,Automated user acquisition & selling on WhatsApp for businesses,Artificial Intelligence; SaaS; E-commerce,"Bengaluru, KA, India",
1.0,STARTUP,Y Combinator Directory,https://www.ycombinator.com/companies/gigs,2026-08-27T12:14:31Z,Gigs,150,https://gigs.com,Winter 2021,Active,The OS for Embedded Telecom,Fintech; HR Tech; API; AI,"San Francisco, CA, USA",
1.0,STARTUP,Y Combinator Directory,https://www.ycombinator.com/companies/friz,2026-08-27T12:14:31Z,Friz,4,https://www.usefriz.com,Winter 2021,Acquired,AI Social Media Manager,Developer Tools; SaaS; Design Tools; Social Media; AI,"Singapore, Singapore",
1.0,STARTUP,Y Combinator Directory,https://www.ycombinator.com/companies/mystic,2026-08-27T12:14:31Z,Mystic,11,https://www.mystic.ai/,Winter 2021,Active,Low latency API to run and deploy ML models,AIOps; Artificial Intelligence; Developer Tools; Machine Learning,"Austin, TX, USA",
1.0,STARTUP,Y Combinator Directory,https://www.ycombinator.com/companies/navattic,2026-08-27T12:14:31Z,Navattic,35,https://www.navattic.com/,Winter 2021,Active,Interactive product demos,SaaS; B2B; Sales; Marketing; Conversational AI,"New York City, NY, USA",
1.0,STARTUP,Y Combinator Directory,https://www.ycombinator.com/companies/estoca,2026-08-27T12:14:31Z,Estoca,150,https://www.estoca.com.br/,Winter 2021,Active,The Logistics Operating System for E-commerce in LatAm,B2B; Logistics; E-commerce,"São Paulo, SP, Brazil",
1.0,STARTUP,Y Combinator Directory,https://www.ycombinator.com/companies/jiga,2026-08-27T12:14:31Z,Jiga,25,https://jiga.io,Winter 2021,Active,Source better parts by partnering directly with vetted manufacturers,B2B; Manufacturing; Supply Chain,"Tel Aviv-Yafo, Tel Aviv District, Israel; Remote",
1.0,STARTUP,Y Combinator Directory,https://www.ycombinator.com/companies/vendease,2026-08-27T12:14:31Z,Vendease,250,https://vendease.com/,Winter 2021,Active,Where restaurants in Africa buy food supplies,Supply Chain; Food & Beverage,"Lagos, LA, Nigeria; LA, Nigeria",
1.0,STARTUP,Y Combinator Directory,https://www.ycombinator.com/companies/marqvision,2026-08-27T12:14:31Z,MarqVision,200,https://www.marqvision.com/,Summer 2021,Active,IP operating software for brands and content companies,Artificial Intelligence; SaaS; Computer Vision; B2B; LegalTech,"Los Angeles, CA, USA",
1.0,STARTUP,Y Combinator Directory,https://www.ycombinator.com/companies/turing-college,2026-08-27T12:14:31Z,Turing College,50,https://www.turingcollege.com/,Winter 2021,Active,AI-driven online tech school for busy professionals,Education,"Vilnius, Vilnius County, Lithuania",
1.0,STARTUP,Y Combinator Directory,https://www.ycombinator.com/companies/routine,2026-08-27T12:14:31Z,Routine,8,http://routine.co,Winter 2021,Active,AI-native all-in-one workspace for startups,Artificial Intelligence; Productivity; Collaboration; Automation,"Paris, Île-de-France, France",
1.0,STARTUP,Y Combinator Directory,https://www.ycombinator.com/companies/boitas-com,2026-08-27T12:14:31Z,boitas.com,35,http://www.boitas.com,Winter 2021,Inactive,Largest B2B eCommerce platform for SMBs in Latin America. ,Marketplace,"Monterrey, N.L., Mexico",
1.0,STARTUP,Y Combinator Directory,https://www.ycombinator.com/companies/moonvalley,2026-08-27T12:14:31Z,Moonvalley,95,https://www.moonvalley.com,Winter 2021,Active,Building the next generation AI creative studio,,"Toronto, ON, Canada",
1.0,STARTUP,Y Combinator Directory,https://www.ycombinator.com/companies/mindportal,2026-08-27T12:14:31Z,MindPortal,10,https://www.mindportal.com,Winter 2021,Inactive,Thought-to-Language AI Models,Artificial Intelligence; Neurotechnology; AI,"London, England, United Kingdom",
1.0,STARTUP,Y Combinator Directory,https://www.ycombinator.com/companies/waydev,2026-08-27T12:14:31Z,Waydev,13,https://waydev.co/,Winter 2021,Active,Engineering intelligence for AI transformation,AIOps; Artificial Intelligence; Analytics; AI; AI Assistant,"Bucharest, Romania; Remote",
1.0,STARTUP,Y Combinator Directory,https://www.ycombinator.com/companies/triomics,2026-08-27T12:14:31Z,Triomics,50,https://triomics.com/,Winter 2021,Active,AI Agents for Oncology EHRs,Healthcare; Healthcare IT,"New York City, NY, USA",
1.0,STARTUP,Y Combinator Directory,https://www.ycombinator.com/companies/clear,2026-08-27T12:14:31Z,Clear,2,https://getclearapp.com/,Winter 2021,Active,The unbiased AI and data layer for skin health.,Marketplace; Consumer; Digital Health; Data Engineering,"London, England, United Kingdom; Remote",
1.0,STARTUP,Y Combinator Directory,https://www.ycombinator.com/companies/h3x-technologies,2026-08-27T12:14:31Z,H3X Technologies,58,http://h3x.tech/,Winter 2021,Active,The lightest electric aircraft motors in the world.,Airplanes; Climate; Electric Vehicles,"Denver, CO, USA",
1.0,STARTUP,Y Combinator Directory,https://www.ycombinator.com/companies/swiftsku,2026-08-27T12:14:31Z,SwiftSku,35,https://swiftsku.com,Winter 2021,Active,Management and analytics software for convenience stores,Fintech; SaaS; B2B; Analytics; Retail Tech,"New York City, NY, USA; Remote",
1.0,STARTUP,Y Combinator Directory,https://www.ycombinator.com/companies/pipebio,2026-08-27T12:14:31Z,PipeBio,10,https://pipebio.com,Winter 2021,Acquired,PipeBio is a SaaS bioinformatics platform to develop antibody drugs.,AI-powered Drug Discovery; Machine Learning; SaaS,"Aarhus, Denmark; Remote",
1.0,STARTUP,Y Combinator Directory,https://www.ycombinator.com/companies/terra-api,2026-08-27T12:14:31Z,Terra API,25,http://tryterra.co,Winter 2021,Active,API for developers and AIs to access health data ,SaaS; B2B; Digital Health,"San Francisco, CA, USA",
1.0,STARTUP,Y Combinator Directory,https://www.ycombinator.com/companies/axar-ai,2026-08-27T12:14:31Z,AXAR AI,4,,Winter 2021,Inactive,How great teams ship with AI,Developer Tools; B2B; AI,"San Francisco, CA, USA",
1.0,STARTUP,Y Combinator Directory,https://www.ycombinator.com/companies/ollama,2026-08-27T12:14:31Z,Ollama,,https://ollama.com,Winter 2021,Active,Get up and running with large language models.,Artificial Intelligence; Developer Tools; Open Source,"San Francisco, CA, USA",
1.0,STARTUP,Y Combinator Directory,https://www.ycombinator.com/companies/humance,2026-08-27T12:14:31Z,Humance,3,https://www.humance.tech/,Winter 2021,Active,AI that keeps complex construction projects on schedule.,Artificial Intelligence; Construction; B2B; Scheduling,Remote,
1.0,STARTUP,Y Combinator Directory,https://www.ycombinator.com/companies/journey,2026-08-27T12:14:31Z,Midjourney,10,http://journey.io,Winter 2021,Acquired,No code platform for sales to tell better stories and win more deals.,SaaS; B2B; AI,Remote,Journey
1.0,STARTUP,Y Combinator Directory,https://www.ycombinator.com/companies/meru-com,2026-08-27T12:14:31Z,Meru.com,70,https://meru.com,Winter 2021,Active,The one-stop-shop for auto-parts in Mexico.,Fintech; Marketplace,"Mexico City, CDMX, Mexico",
1.0,STARTUP,Y Combinator Directory,https://www.ycombinator.com/companies/nano-technologies,2026-08-27T12:14:31Z,Nano Technologies,17,http://www.vuiapp.vn,Winter 2021,Active,Payroll app to pay workers daily for retailers & manufacturers in SEA,Fintech; SaaS,"Hanoi, Vietnam",
1.0,STARTUP,Y Combinator Directory,https://www.ycombinator.com/companies/openlayer,2026-08-27T12:14:31Z,Openlayer,24,https://openlayer.com,Summer 2021,Active,The fastest way to ship airtight AI,AIOps; Artificial Intelligence; Developer Tools; Generative AI; Machine Learning,"San Francisco, CA, USA",
1.0,STARTUP,Y Combinator Directory,https://www.ycombinator.com/companies/slope,2026-08-27T12:14:31Z,Slope,16,http://www.slopepay.com,Summer 2021,Active,The B2B Payments Platform ,Artificial Intelligence; Fintech; Machine Learning; Payments; Fraud Detection,"San Francisco, CA, USA",
1.0,STARTUP,Y Combinator Directory,https://www.ycombinator.com/companies/epsilon3-inc,2026-08-27T12:14:31Z,Epsilon3,12,https://www.epsilon3.io/,Summer 2021,Active,"AI-Powered ERP, MES, and Test Software for Complex Operations",Commercial Space Launch; SaaS; Space Exploration; B2B; Enterprise Software,"Los Angeles, CA, USA; Remote",
1.0,STARTUP,Y Combinator Directory,https://www.ycombinator.com/companies/blixo,2026-08-27T12:14:31Z,Blixo,2,https://blixo.com,Summer 2021,Active,Accounts receivable automation to help companies get paid faster ,Fintech; SaaS; Payments,"Miami, FL, USA; Remote",
1.0,STARTUP,Y Combinator Directory,https://www.ycombinator.com/companies/artillery,2026-08-27T12:14:31Z,Artillery,5,https://www.artillery.io,Summer 2021,Active,"The complete production quality platform. AI-powered E2E testing,…",Developer Tools; SaaS; Open Source; DevOps,"Limerick, County Limerick, Ireland; Remote",
1.0,STARTUP,Y Combinator Directory,https://www.ycombinator.com/companies/legion-health,2026-08-27T12:14:31Z,Legion Health,11,https://legionhealth.com,Summer 2021,Active,Autonomous medical care,Consumer Health Services; Telehealth; Healthcare; Mental Health; AI,"San Francisco, CA, USA",
1.0,STARTUP,Y Combinator Directory,https://www.ycombinator.com/companies/odys-aviation,2026-08-27T12:14:31Z,Odys Aviation,11,https://www.odysaviation.com/,Summer 2021,Active,Vertical takeoff and landing aircraft for major airlines,Hard Tech; Airplanes; Climate,"Los Angeles, CA, USA",
1.0,STARTUP,Y Combinator Directory,https://www.ycombinator.com/companies/staffbar,2026-08-27T12:14:31Z,Superwall,25,https://superwall.com,Summer 2021,Active,Subscription infrastructure & paywall experimentation for mobile apps,Developer Tools; Payments; AI,"New York City, NY, USA",
1.0,STARTUP,Y Combinator Directory,https://www.ycombinator.com/companies/mindstate-design-labs,2026-08-27T12:14:31Z,Mindstate Design Labs,7,http://mindstate.design,Summer 2021,Active,Programmable biology company for psychoactive effect design,Artificial Intelligence; Hard Tech; Neurotechnology; Biotech; AI,"San Francisco, CA, USA",
1.0,STARTUP,Y Combinator Directory,https://www.ycombinator.com/companies/serif-health,2026-08-27T12:14:31Z,Serif Health,20,https://www.serifhealth.com,Winter 2022,Active,Healthcare Price Transparency APIs and Data Products,Artificial Intelligence; Health Tech; Analytics; Healthcare; API,"Los Angeles, CA, USA; Remote",
1.0,STARTUP,Y Combinator Directory,https://www.ycombinator.com/companies/deskimo,2026-08-27T12:14:31Z,Deskimo,12,http://www.deskimo.com,Summer 2021,Active,"Workspaces on demand, paid by the minute.",Marketplace; SaaS; Proptech,"Singapore, Singapore; Remote",
1.0,STARTUP,Y Combinator Directory,https://www.ycombinator.com/companies/abstra,2026-08-27T12:14:31Z,Abstra,18,https://abstra.io,Summer 2021,Active,Automate finance operations with Python and AI,Artificial Intelligence; SaaS; Finance; B2B; Automation,"São Paulo, SP, Brazil; Remote",
1.0,STARTUP,Y Combinator Directory,https://www.ycombinator.com/companies/carbonfact,2026-08-27T12:14:31Z,Carbonfact,22,http://www.carbonfact.com,Summer 2021,Active,Decarbonizing the fashion industry,SaaS; Sustainable Fashion; Climate,"Paris, Île-de-France, France",
1.0,STARTUP,Y Combinator Directory,https://www.ycombinator.com/companies/varos,2026-08-27T12:14:31Z,Varos,9,http://varos.com,Summer 2021,Active,AI Business Analysts to gather requirements and optimize processes,SaaS; B2B; Analytics,"San Francisco, CA, USA",
1.0,STARTUP,Y Combinator Directory,https://www.ycombinator.com/companies/concord-materials,2026-08-27T12:14:31Z,Concord Materials,7,https://concordmaterials.com,Summer 2021,Active,Automating procurement and finance for construction companies,Fintech; Machine Learning; Marketplace; Insurance; Enterprise,"New York City, NY, USA; New York, NY, USA",
1.0,STARTUP,Y Combinator Directory,https://www.ycombinator.com/companies/jestor,2026-08-27T12:14:31Z,Jestor,12,https://jestor.com,Summer 2021,Active,Saving OPS from SLOPS. Jestor builds internal systems that last.,B2B; Productivity; Operations; AI,"San Francisco, CA, USA",
1.0,STARTUP,Y Combinator Directory,https://www.ycombinator.com/companies/potion,2026-08-27T12:14:31Z,Potion,7,https://www.potion.ai,Summer 2021,Active,AI for product formulation,Generative AI; Hard Tech; B2B; AI,"San Francisco, CA, USA",
1.0,STARTUP,Y Combinator Directory,https://www.ycombinator.com/companies/rootly,2026-08-27T12:14:31Z,Rootly,75,https://rootly.com,Summer 2021,Active,AI-native on-call and incident response carefully crafted to help…,AIOps; Developer Tools; SaaS; B2B; Security,"San Francisco, CA, USA; Remote",
1.0,STARTUP,Y Combinator Directory,https://www.ycombinator.com/companies/replo,2026-08-27T12:14:31Z,Replo,20,https://replo.app/,Summer 2021,Active,Sell anything,Artificial Intelligence; Developer Tools; Marketing; AI,"San Francisco, CA, USA",
1.0,STARTUP,Y Combinator Directory,https://www.ycombinator.com/companies/firstquadrant,2026-08-27T12:14:31Z,FirstQuadrant,2,https://firstquadrant.ai,Summer 2021,Inactive,Sales AI that helps revenue teams move faster and close more deals.,Artificial Intelligence; SaaS; Sales; Sales Enablement; AI,"San Francisco, CA, USA",
1.0,STARTUP,Y Combinator Directory,https://www.ycombinator.com/companies/buzzle,2026-08-27T12:14:31Z,Buzzle,3,https://buzzle.ai,Summer 2021,Inactive,Automatic voice-of-customer trends & metrics from sales conversations.,AI-Enhanced Learning; SaaS; B2B,"Philadelphia, PA, USA; New York, NY, USA; Remote",
1.0,STARTUP,Y Combinator Directory,https://www.ycombinator.com/companies/kalam-labs,2026-08-27T12:14:31Z,Kalam Labs,10,http://www.kalamlabs.in,Summer 2021,Active,Near Space Flying Machines,Drones; Aerospace; AI,India,
1.0,STARTUP,Y Combinator Directory,https://www.ycombinator.com/companies/affogato-ai,2026-08-27T12:14:31Z,Affogato AI,15,https://affogato.ai,Summer 2021,Active,"Affogato AI — Your Agent for instant TikToks, Reels, and ads.",Artificial Intelligence; Generative AI; AI,"San Francisco, CA, USA",
1.0,STARTUP,Y Combinator Directory,https://www.ycombinator.com/companies/mailmodo,2026-08-27T12:14:31Z,Mailmodo,70,https://www.mailmodo.com/,Summer 2021,Acquired,No-code email marketing platform to send forms & widgets within emails,SaaS,"San Francisco, CA, USA; Remote",
1.0,STARTUP,Y Combinator Directory,https://www.ycombinator.com/companies/coulomb-ai,2026-08-27T12:14:31Z,Coulomb AI,10,https://coulomb.ai/,Summer 2021,Active,Battery Observability Platform for Electric Vehicles,Climate; Electric Vehicles; AI,"Bengaluru, KA, India",
1.0,STARTUP,Y Combinator Directory,https://www.ycombinator.com/companies/odwen,2026-08-27T12:14:31Z,ODWEN,21,https://www.odwen.co.in,Summer 2021,Active,AirBnB for Small Warehouses,Marketplace; Warehouse Management Tech; B2B,"Delhi, DL, India",
1.0,STARTUP,Y Combinator Directory,https://www.ycombinator.com/companies/confido,2026-08-27T12:14:31Z,Confido,65,https://www.confidotech.com,Summer 2021,Active,AI-enabled financial automation and intelligence for CPG Brands,Fintech; SaaS; B2B; Analytics; AI,"New York City, NY, USA",
1.0,STARTUP,Y Combinator Directory,https://www.ycombinator.com/companies/instalab,2026-08-27T12:14:31Z,Instalab,,https://www.instalab.com/,Winter 2022,Active,Proactive Testing and Treatments,Consumer Health Services; Health Tech; Telemedicine; Health & Wellness; AI,"New York City, NY, USA",
1.0,STARTUP,Y Combinator Directory,https://www.ycombinator.com/companies/instacrops,2026-08-27T12:14:31Z,Instacrops,34,https://www.instacrops.com,Summer 2021,Active,Helping farmers maximize crop yield,Sustainability; Agriculture,"Santiago, Santiago Metropolitan Region, Chile",
1.0,STARTUP,Y Combinator Directory,https://www.ycombinator.com/companies/zaz-os,2026-08-27T12:14:31Z,Zaz OS,9,https://www.zazos.com/,Summer 2021,Active,Lovable for internal products,Artificial Intelligence; Developer Tools; SaaS; HR Tech; AI Assistant,"São José dos Campos, SP, Brazil",
1.0,STARTUP,Y Combinator Directory,https://www.ycombinator.com/companies/parallel-bio,2026-08-27T12:14:31Z,Parallel Bio,20,http://parallel.bio,Summer 2021,Active,Using the immune system to cure disease,AI-powered Drug Discovery; Biotech,"San Francisco, CA, USA",
1.0,STARTUP,Y Combinator Directory,https://www.ycombinator.com/companies/bluumbio,2026-08-27T12:14:31Z,BLUUMBIO,4,http://www.bluumbio.com,Summer 2021,Active,We make bacteria and plants that clean up pollution.,Biotech; Sustainability,"San Francisco, CA, USA",
1.0,STARTUP,Y Combinator Directory,https://www.ycombinator.com/companies/swipe-2,2026-08-27T12:14:31Z,Swipe,60,https://getswipe.in,Summer 2021,Active,Super AI Accountant for SMBs,Artificial Intelligence; Fintech; SaaS; B2B; AI Assistant,"Hyderabad, Telangana, India",
1.0,STARTUP,Y Combinator Directory,https://www.ycombinator.com/companies/neodocs,2026-08-27T12:14:31Z,Neodocs,20,https://www.neodocs.in,Summer 2021,Active,Instant lab tests on your smartphone,Artificial Intelligence; Consumer Health Services; Medical Devices,"MH, India",
1.0,STARTUP,Y Combinator Directory,https://www.ycombinator.com/companies/mobileboost,2026-08-27T12:14:31Z,MobileBoost,15,https://www.mobileboost.io/yc,Summer 2021,Active,AI native mobile testing.,Artificial Intelligence; Developer Tools; Generative AI; B2B; No-code,"Berlin, Berlin, Germany; Remote",
1.0,STARTUP,Y Combinator Directory,https://www.ycombinator.com/companies/rgi-labs,2026-08-27T12:14:31Z,RGI Labs,1,https://www.rgilabs.com,Summer 2021,Active,Robust & recursively self-improving general intelligence,Artificial Intelligence; AI,"New York City, NY, USA; Remote",
1.0,STARTUP,Y Combinator Directory,https://www.ycombinator.com/companies/sleek,2026-08-27T12:14:31Z,Sleek,5,https://www.onsleek.com/,Summer 2021,Acquired,Browser automation for businesses.,Artificial Intelligence; Machine Learning; E-commerce,"Toronto, ON, Canada",
1.0,STARTUP,Y Combinator Directory,https://www.ycombinator.com/companies/soco,2026-08-27T12:14:31Z,Soco,,https://socosearch.com/,Summer 2021,Active,Visual AI shopping,Consumer; Chatbot; Retail; AI; AI Assistant,"New York City, NY, USA",
1.0,STARTUP,Y Combinator Directory,https://www.ycombinator.com/companies/bite-ninja,2026-08-27T12:14:31Z,Bite Ninja,20,http://www.biteninja.com,Summer 2021,Active,Remote labor for restaurants,Artificial Intelligence; Food Service Robots & Machines; SaaS,"Memphis, TN, USA",
1.0,STARTUP,Y Combinator Directory,https://www.ycombinator.com/companies/anakin,2026-08-27T12:14:31Z,Anakin,70,https://anakin.io,Summer 2021,Active,One API to get clean data from any website for your AI agents at scale,Artificial Intelligence; Developer Tools; API,"Austin, TX, USA",
1.0,STARTUP,Y Combinator Directory,https://www.ycombinator.com/companies/snapcalorie,2026-08-27T12:14:31Z,SnapCalorie,5,https://www.snapcalorie.com/,Summer 2021,Active,Single photo nutrition tracking.,Computer Vision; Fitness; AI,"New York City, NY, USA; Washington, DC, USA",
1.0,STARTUP,Y Combinator Directory,https://www.ycombinator.com/companies/lago,2026-08-27T12:14:31Z,Lago,45,https://www.getlago.com/,Summer 2021,Active,The AI Native Billing Platform,FinOps; Fintech; SaaS; Open Source; Billing,"San Francisco, CA, USA",
1.0,STARTUP,Y Combinator Directory,https://www.ycombinator.com/companies/dailybot,2026-08-27T12:14:31Z,Dailybot,11,https://www.dailybot.com/,Summer 2021,Active,Make all team work visible — people and AI agents,Artificial Intelligence; Developer Tools; SaaS; Collaboration; AI Assistant,"Remote, OR, USA; Remote",
1.0,STARTUP,Y Combinator Directory,https://www.ycombinator.com/companies/tablevibe-co,2026-08-27T12:14:31Z,Tablevibe,10,https://www.tablevibe.co,Summer 2021,Acquired,Direct Ordering Software for Restaurants,SaaS; E-commerce; Food Tech; Retail,"Singapore, Singapore; Remote",
1.0,STARTUP,Y Combinator Directory,https://www.ycombinator.com/companies/lariat-data,2026-08-27T12:14:31Z,Lariat Data,3,https://www.lariatdata.com,Summer 2021,Inactive,Observability for Data Engineering Teams,Machine Learning; Big Data; Data Engineering,"New York City, NY, USA",
1.0,STARTUP,Y Combinator Directory,https://www.ycombinator.com/companies/patterns,2026-08-27T12:14:31Z,Patterns,2,https://patterns.app/,Summer 2021,Inactive,Next-Gen Financial Analysis and Reporting with AI Agents,Analytics; Data Science; Data Engineering; Data Visualization,"San Francisco, CA, USA",
1.0,STARTUP,Y Combinator Directory,https://www.ycombinator.com/companies/tavus,2026-08-27T12:14:31Z,Tavus,75,https://www.tavus.io,Summer 2021,Active,Building the human layer of AI,Artificial Intelligence; Generative AI; B2B; Video; Infrastructure,"San Francisco, CA, USA",
1.0,STARTUP,Y Combinator Directory,https://www.ycombinator.com/companies/konta-com,2026-08-27T12:14:31Z,Konta.com,35,http://konta.com/,Summer 2021,Active,Turbotax for México and LATAM,Artificial Intelligence; Fintech; SaaS,"Monterrey, N.L., Mexico",
1.0,STARTUP,Y Combinator Directory,https://www.ycombinator.com/companies/safebeat,2026-08-27T12:14:31Z,SafeBeat,9,https://safebeat.com,Summer 2021,Active,Guiding cardiac therapeutics - all from your phone,AI-Enhanced Learning; Medical Devices; Digital Health; Therapeutics,"San Francisco, CA, USA",
1.0,STARTUP,Y Combinator Directory,https://www.ycombinator.com/companies/trii,2026-08-27T12:14:31Z,trii,41,https://trii.co,Summer 2021,Active,One stop investment solution for retail investors in Latam,Fintech,"Miami, FL, USA",
1.0,STARTUP,Y Combinator Directory,https://www.ycombinator.com/companies/verihubs,2026-08-27T12:14:31Z,Verihubs,63,https://verihubs.com,Summer 2021,Active,AI-powered Deepfake Detection,Artificial Intelligence; SaaS; B2B,"Jakarta, Jakarta, Indonesia",
1.0,STARTUP,Y Combinator Directory,https://www.ycombinator.com/companies/secoda,2026-08-27T12:14:31Z,Secoda,27,https://secoda.co,Summer 2021,Active,Secoda is the AI layer for your Analytics,Artificial Intelligence; SaaS; B2B; Analytics; Data Engineering,"Toronto, ON, Canada",
1.0,STARTUP,Y Combinator Directory,https://www.ycombinator.com/companies/kaya,2026-08-27T12:14:31Z,Kaya,12,https://www.usekaya.com/,Summer 2021,Active,"Marketing agency for startups: 10x cheaper, better and faster",SaaS; B2B; Analytics; Marketing; AI,"Kuala Lumpur, Federal Territory of Kuala Lumpur, Malaysia; Remote",
1.0,STARTUP,Y Combinator Directory,https://www.ycombinator.com/companies/aqua,2026-08-27T12:14:31Z,Aqua,34,https://www.investwithaqua.com,Summer 2021,Active,The AI-Native Turnkey Alternative Investment Platform (TAIP),Fintech; Finance; Investing; Investments,"New York City, NY, USA",
1.0,STARTUP,Y Combinator Directory,https://www.ycombinator.com/companies/salarybox,2026-08-27T12:14:31Z,SalaryBox,40,https://salarybox.in/,Summer 2021,Active,Gusto for India,Artificial Intelligence; SaaS; B2B,"Gurugram, HR, India",
1.0,STARTUP,Y Combinator Directory,https://www.ycombinator.com/companies/redbean,2026-08-27T12:14:31Z,Redbean,6,https://redbean.ai,Summer 2021,Active,Make games and stories with AI,Entertainment; AI,"Singapore, Singapore; Remote",
1.0,STARTUP,Y Combinator Directory,https://www.ycombinator.com/companies/sentiyen,2026-08-27T12:14:31Z,Sentiyen,2,https://www.sentiyen.com,Summer 2021,Active,Conversational AI assistants using your knowledge,AI-Enhanced Learning; Artificial Intelligence; AI Assistant,"San Francisco, CA, USA; Remote",
1.0,STARTUP,Y Combinator Directory,https://www.ycombinator.com/companies/jovian,2026-08-27T12:14:31Z,Jovian,,https://www.jovian.com,Summer 2021,Active,Online University for Tech Professionals,AI-Enhanced Learning; Developer Tools; Education; Machine Learning,"San Francisco, CA, USA; Remote",
1.0,STARTUP,Y Combinator Directory,https://www.ycombinator.com/companies/hyperbrowser,2026-08-27T12:14:31Z,Hyperbrowser,4,https://hyperbrowser.ai,Summer 2021,Active,Web infra for AI agents,Developer Tools; B2B; AI,"San Francisco, CA, USA",
1.0,STARTUP,Y Combinator Directory,https://www.ycombinator.com/companies/senpai-gg,2026-08-27T12:14:31Z,SenpAI.GG,12,https://senpai.gg/,Summer 2021,Inactive,Personal gaming coach for PC gamers globally ,Artificial Intelligence; Assistive Tech; Gaming,"Boston, MA, USA",
1.0,STARTUP,Y Combinator Directory,https://www.ycombinator.com/companies/pluggy,2026-08-27T12:14:31Z,Pluggy,31,https://pluggy.ai,Summer 2021,Active,Plaid for Brazil: we allow developers to access users' financial data ,Fintech; API,"São Paulo, SP, Brazil; Remote",
1.0,STARTUP,Y Combinator Directory,https://www.ycombinator.com/companies/perfekto,2026-08-27T12:14:31Z,Perfekto,33,https://www.perfekto.mx/,Summer 2021,Inactive,Grocery subscription service against food waste in Latam,Grocery; Sustainability; Climate; E-commerce; Subscriptions,"Mexico City, CDMX, Mexico",
1.0,STARTUP,Y Combinator Directory,https://www.ycombinator.com/companies/ai-tech-packs,2026-08-27T12:14:31Z,AI Tech Packs,2,https://aitechpacks.com,Summer 2021,Active,Build factory ready tech packs in minutes.,SaaS; Manufacturing,"Los Angeles, CA, USA",
1.0,STARTUP,Y Combinator Directory,https://www.ycombinator.com/companies/warpfy,2026-08-27T12:14:31Z,Warpfy,3,https://warpfy.com/,Summer 2021,Active,"Building Shein of Home: tech-driven, design-mfr Home Lifestyle Brand",Artificial Intelligence; Marketplace; E-commerce; Retail,"Singapore, Singapore",
1.0,STARTUP,Y Combinator Directory,https://www.ycombinator.com/companies/tiriel-ai,2026-08-27T12:14:31Z,Tiriel AI,20,https://tiriel.ai,Summer 2021,Active,The AI workforce for freight dispatch,Logistics; Supply Chain; Transportation; AI,"San Francisco, CA, USA",
1.0,STARTUP,Y Combinator Directory,https://www.ycombinator.com/companies/cloudanix,2026-08-27T12:14:31Z,Cloudanix,8,https://www.cloudanix.com,Summer 2021,Active,Cloud and Container Security Platform,Cloud Workload Protection; DevSecOps; Identity; Security,"San Francisco, CA, USA; Sunnyvale, CA, USA",
1.0,STARTUP,Y Combinator Directory,https://www.ycombinator.com/companies/digibuild,2026-08-27T12:14:31Z,DigiBuild,15,https://digibuild.com,Summer 2021,Active,We buy & track building materials for construction companies.,Artificial Intelligence; SaaS; Supply Chain; AI; ML,"Miami, FL, USA",
1.0,STARTUP,Y Combinator Directory,https://www.ycombinator.com/companies/onestopkitchen,2026-08-27T12:14:31Z,OneStopKitchen,10,https://onestopkitchen.com/,Summer 2021,Inactive,AI-Driven Tech & Space Optimization to Scale Restaurants,Ghost Kitchens; E-commerce; AI,"San Francisco, CA, USA",
1.0,STARTUP,Y Combinator Directory,https://www.ycombinator.com/companies/cero,2026-08-27T12:14:31Z,Cero,10,https://cero.ai,Summer 2021,Active,Automated communication between hospitals and patients in Latam,Machine Learning; Consumer Health Services; B2B; NLP,"Santiago, Santiago Metropolitan Region, Chile; Remote",
1.0,STARTUP,Y Combinator Directory,https://www.ycombinator.com/companies/warpbuild,2026-08-27T12:14:31Z,WarpBuild,8,https://www.warpbuild.com,Summer 2021,Active,Accelerate software development with WarpBuild's 10x faster CI infra.,Developer Tools; Generative AI; SaaS; Productivity; DevOps,"Sydney, NSW, Australia; Remote",
1.0,STARTUP,Y Combinator Directory,https://www.ycombinator.com/companies/mindfi,2026-08-27T12:14:31Z,MindFi,25,https://www.mindfi.co,Summer 2021,Active,Transforming Mental Health for Corporate Asia,Machine Learning; Mental Health Tech; B2B; HR Tech; Health & Wellness,"Singapore, Singapore",
1.0,STARTUP,Y Combinator Directory,https://www.ycombinator.com/companies/scispot-io,2026-08-27T12:14:31Z,Scispot,16,https://scispot.io,Summer 2021,Active,The Best Data Infrastructure for Biotechs,Generative AI; SaaS; B2B; AI,"Kitchener, ON, Canada",
1.0,STARTUP,Y Combinator Directory,https://www.ycombinator.com/companies/mable,2026-08-27T12:14:31Z,Mable,7,https://www.trymable.com/,Summer 2021,Acquired,First personalized migraine clinic using genetics and telehealth.,Health Tech; Telehealth; Genomics,"London, England, United Kingdom; San Francisco, CA, USA; Remote",
1.0,STARTUP,Y Combinator Directory,https://www.ycombinator.com/companies/lemfi,2026-08-27T12:14:31Z,LemFi,500,https://lemfi.com,Summer 2021,Active,"Fair, simple and accessible financial services",Fintech,"London, England, United Kingdom",
1.0,STARTUP,Y Combinator Directory,https://www.ycombinator.com/companies/coinrule,2026-08-27T12:14:31Z,Coinrule,7,https://coinrule.com/,Summer 2021,Active,Coinrule Automates Your Crypto and Stock Investments,Fintech; Crypto / Web3; Trading; AI; Stocks,"London, England, United Kingdom",
1.0,STARTUP,Y Combinator Directory,https://www.ycombinator.com/companies/sequin,2026-08-27T12:14:31Z,Sequin,2,https://sequinai.com,Summer 2021,Active,Sequin is building AI Voice Agents to automate collections calls for…,Generative AI; B2B; Operations,"San Francisco, CA, USA",
1.0,STARTUP,Y Combinator Directory,https://www.ycombinator.com/companies/malloc-inc,2026-08-27T12:14:31Z,Malloc Inc,10,https://mallocprivacy.com/,Summer 2021,Active,AI-driven mobile cybersecurity ,Privacy; Cybersecurity; Defense; AI,"Nicosia, Nicosia, Cyprus",
1.0,STARTUP,Y Combinator Directory,https://www.ycombinator.com/companies/milky-way-ai,2026-08-27T12:14:31Z,Milky Way AI,5,https://milkyway.ai/,Summer 2021,Inactive,Mobile app for CPG brands to connect to millions of stores globally,Artificial Intelligence; SaaS; Computer Vision,"Singapore, Singapore; Remote",
1.0,STARTUP,Y Combinator Directory,https://www.ycombinator.com/companies/whalesync,2026-08-27T12:14:31Z,Whalesync,8,https://www.whalesync.com,Summer 2021,Active,Manage your website from your favorite tools like Airtable and Notion,SaaS; Remote Work; No-code; Data Engineering; Web Development,"St. Petersburg, FL, USA; Remote",
1.0,STARTUP,Y Combinator Directory,https://www.ycombinator.com/companies/shipblu,2026-08-27T12:14:31Z,ShipBlu,300,http://www.shipblu.com,Summer 2021,Active,Amazon Level Logistics for eCommerce Companies in MENA.,Delivery; AI,"Cairo, Cairo Governorate, Egypt",
1.0,STARTUP,Y Combinator Directory,https://www.ycombinator.com/companies/getdot,2026-08-27T12:14:31Z,GetDot,6,https://getdot.ai,Summer 2021,Active,Your AI Data Analyst,SaaS; B2B; Analytics; Enterprise; AI,"Berlin, Berlin, Germany; Remote",
1.0,STARTUP,Y Combinator Directory,https://www.ycombinator.com/companies/coloop,2026-08-27T12:14:31Z,CoLoop,16,https://coloop.ai/,Summer 2021,Active,AI Copilot for insights & strategy,Generative AI; Market Research,"London, England, United Kingdom",
1.0,STARTUP,Y Combinator Directory,https://www.ycombinator.com/companies/miniloop,2026-08-27T12:14:31Z,Miniloop,2,https://miniloop.ai,Summer 2021,Active,AI workflow engine for reliable systems,AI; AI Assistant,"New York City, NY, USA",
1.0,STARTUP,Y Combinator Directory,https://www.ycombinator.com/companies/oneschema,2026-08-27T12:14:31Z,OneSchema,20,https://www.oneschema.co,Summer 2021,Active,AI Agents for Data Operations,Artificial Intelligence; SaaS; B2B; Workflow Automation; AI,"San Francisco, CA, USA",
1.0,STARTUP,Y Combinator Directory,https://www.ycombinator.com/companies/stardex,2026-08-27T12:14:31Z,Stardex,6,https://www.stardex.com,Summer 2021,Active,AI native ATS + CRM for executive search firms,SaaS; Productivity,"San Francisco, CA, USA",
1.0,STARTUP,Y Combinator Directory,https://www.ycombinator.com/companies/forage-mail,2026-08-27T12:14:31Z,Forage Mail,4,https://foragemail.com,Summer 2021,Inactive,AI that solves email overwhelm. Not another mail app.,Consumer; Productivity; Email; AI; AI Assistant,"New York City, NY, USA; Remote",
1.0,STARTUP,Y Combinator Directory,https://www.ycombinator.com/companies/aleph-solutions-alephee,2026-08-27T12:14:31Z,Aleph Solutions (Alephee),60,https://www.alephee.com,Summer 2021,Active,We help automotive aftermarket brands to supply and sell parts online,Marketplace; B2B; E-commerce,"Buenos Aires, CABA, Argentina; Buenos Aires, Buenos Aires, Argentina; Remote",
1.0,STARTUP,Y Combinator Directory,https://www.ycombinator.com/companies/vinco,2026-08-27T12:14:31Z,Vinco,35,https://www.vincoed.com,Summer 2021,Active,Retaining employees in LatAm via education,Education; Marketplace; SaaS,"Monterrey, N.L., Mexico",
1.0,STARTUP,Y Combinator Directory,https://www.ycombinator.com/companies/protex-ai,2026-08-27T12:14:31Z,Protex AI,5,https://www.protex.ai,Summer 2021,Active,"Computer vision that makes the industrial workplace, safer",Industrial Workplace Safety; Machine Learning; B2B,"Limerick, County Limerick, Ireland",
1.0,STARTUP,Y Combinator Directory,https://www.ycombinator.com/companies/freterium,2026-08-27T12:14:31Z,Freterium,21,https://www.freterium.com,Summer 2021,Active,Real-Time Collaborative Transport Management Platform,Logistics; Supply Chain,"Casablanca, Casablanca-Settat, Morocco",
1.0,STARTUP,Y Combinator Directory,https://www.ycombinator.com/companies/mine,2026-08-27T12:14:31Z,Mine,18,https://usemine.com/,Summer 2021,Inactive,The AI personal finance company. ,Artificial Intelligence; Fintech; Consumer; Consumer Finance,"New York City, NY, USA",
1.0,STARTUP,Y Combinator Directory,https://www.ycombinator.com/companies/harmonic-discovery,2026-08-27T12:14:31Z,Harmonic Discovery,8,http://harmonicdiscovery.com,Summer 2021,Active,Multi-targeted therapeutics to treat complex diseases,AI-powered Drug Discovery; Biotech; Healthcare; Drug discovery,"New York City, NY, USA; New York, NY, USA; Remote",
1.0,STARTUP,Y Combinator Directory,https://www.ycombinator.com/companies/flowly,2026-08-27T12:14:31Z,Flowly,3,https://www.flowly.world/,Summer 2021,Active,Our mobile app reduces chronic pain for 100 million Americans. ,Health Tech,"Los Angeles, CA, USA",
1.0,STARTUP,Y Combinator Directory,https://www.ycombinator.com/companies/zensors-inc,2026-08-27T12:14:31Z,Zensors,12,https://www.zensors.com,Summer 2021,Active,AI to understand and automates the physical world,AIOps; Artificial Intelligence,"San Francisco, CA, USA",
1.0,STARTUP,Y Combinator Directory,https://www.ycombinator.com/companies/evidently-ai,2026-08-27T12:14:31Z,Evidently AI,2,https://evidentlyai.com,Summer 2021,Active,Open-source monitoring for machine learning models,Developer Tools; Machine Learning; B2B; Open Source,"London, England, United Kingdom; San Francisco, CA, USA; Remote",
1.0,STARTUP,Y Combinator Directory,https://www.ycombinator.com/companies/heimdal,2026-08-27T12:14:31Z,Heimdal,12,https://www.heimdalccu.com,Summer 2021,Inactive,Affordable and verified direct air carbon capture and storage,Carbon Capture and Removal; Climate,"Denver, CO, USA",
1.0,STARTUP,Y Combinator Directory,https://www.ycombinator.com/companies/asim,2026-08-27T12:14:31Z,aSim,9,https://asim.sh/,Summer 2021,Active,Build and share apps with friends,Artificial Intelligence; Consumer; No-code; Consumer Products; AI,"Seattle, WA, USA",
1.0,STARTUP,Y Combinator Directory,https://www.ycombinator.com/companies/adaptyv,2026-08-27T12:14:31Z,Adaptyv,25,https://www.adaptyvbio.com/,Summer 2021,Active,We're building fully automated labs for protein engineering,AI-powered Drug Discovery; Synthetic Biology,"Lausanne, VD, Switzerland",
1.0,STARTUP,Y Combinator Directory,https://www.ycombinator.com/companies/spark-studio,2026-08-27T12:14:31Z,Spark Studio,27,https://sparkstudio.co,Summer 2021,Active,The most magical personal Voice-Led AI English Learning Buddy for Kids,AI-Enhanced Learning; Education; Generative AI; eLearning; AI,"Bengaluru, KA, India",
1.0,STARTUP,Y Combinator Directory,https://www.ycombinator.com/companies/meticulous,2026-08-27T12:14:31Z,Meticulous,15,https://www.meticulous.ai,Summer 2021,Active,Automated e2e screenshot testing without writing or maintaining tests,Developer Tools; Hard Tech; SaaS,"London, England, United Kingdom",
1.0,STARTUP,Y Combinator Directory,https://www.ycombinator.com/companies/mentum,2026-08-27T12:14:31Z,Mentum,2,http://getmentum.com,Summer 2021,Acquired,AI-Powered Assistant for Procurement and Strategic Sourcing,Artificial Intelligence; SaaS; B2B; Supply Chain; Procurement,"San Francisco, CA, USA",
1.0,STARTUP,Y Combinator Directory,https://www.ycombinator.com/companies/outloud-ai,2026-08-27T12:14:31Z,outloud.ai,5,https://www.outloud.ai/,Summer 2021,Inactive,Building Gong.io for offline retail.,Machine Learning; SaaS; B2B,"Miami, FL, USA; Remote",
1.0,STARTUP,Y Combinator Directory,https://www.ycombinator.com/companies/writesonic,2026-08-27T12:14:31Z,Writesonic,35,https://writesonic.com/,Summer 2021,Active,Track & Boost Your Brand’s Visibility in AI Search,Artificial Intelligence; Generative AI; SaaS; B2B,"San Francisco, CA, USA; Remote",
1.0,STARTUP,Y Combinator Directory,https://www.ycombinator.com/companies/matrubials-inc,2026-08-27T12:14:31Z,Matrubials,4,https://matrubials.com/,Summer 2021,Active,Developing milk-inspired therapeutics for infectious diseases,AI-powered Drug Discovery; Women's Health; Therapeutics,"Davis, CA, USA",
1.0,STARTUP,Y Combinator Directory,https://www.ycombinator.com/companies/float,2026-08-27T12:14:31Z,Float,2,https://float.xyz,Summer 2021,Active,Supply chain finance for consumer brands,Fintech; B2B; E-commerce,"Honolulu, HI, USA; Remote",
1.0,STARTUP,Y Combinator Directory,https://www.ycombinator.com/companies/mach9,2026-08-27T12:14:31Z,Mach9,25,https://www.mach9.ai/,Summer 2021,Active,AI CAD Software for Civil Engineering,Machine Learning; Computer Vision; Design Tools; Infrastructure; AI,"San Francisco, CA, USA",
1.0,STARTUP,Y Combinator Directory,https://www.ycombinator.com/companies/revery-ai,2026-08-27T12:14:31Z,Revery AI,5,https://revery.ai,Summer 2021,Inactive,Tiktok for fashion - where designers show their work + build traction,Artificial Intelligence; Generative AI; Social; E-commerce; Creator Economy,"Emeryville, CA, USA",
1.0,STARTUP,Y Combinator Directory,https://www.ycombinator.com/companies/tenyks,2026-08-27T12:14:31Z,Tenyks,11,http://tenyks.ai/,Summer 2021,Active,The World's Most Versatile Video Answering Engine ,Artificial Intelligence; Computer Vision; Video; AI; AI Assistant,"Sofia City Province, Bulgaria; Remote",
1.0,STARTUP,Y Combinator Directory,https://www.ycombinator.com/companies/adni,2026-08-27T12:14:31Z,Adni,5,https://www.adni.co/,Summer 2021,Active,AI healthcare recruiting platform,Artificial Intelligence; Marketplace; SaaS; Recruiting; Healthcare,"San Francisco, CA, USA; Remote",
1.0,STARTUP,Y Combinator Directory,https://www.ycombinator.com/companies/telmai,2026-08-27T12:14:31Z,Telmai,12,https://www.telm.ai/,Summer 2021,Active,Automated data observability and quality for Data Lake,Analytics; AI; ML,"San Francisco, CA, USA; Foster City, CA, USA; Remote",
1.0,STARTUP,Y Combinator Directory,https://www.ycombinator.com/companies/hudson-labs,2026-08-27T12:14:31Z,Hudson Labs (formerly Bedrock AI),5,https://www.hudson-labs.com/,Summer 2021,Active,AI-powered equity research software,Artificial Intelligence; Fintech; SaaS,"Toronto, ON, Canada",
1.0,STARTUP,Y Combinator Directory,https://www.ycombinator.com/companies/waterplan,2026-08-27T12:14:31Z,Waterplan,20,http://waterplan.com,Summer 2021,Active,Water risk mitigation for industrial sites,Machine Learning; SaaS; B2B; Climate; ClimateTech,"San Francisco, CA, USA; Remote",
1.0,STARTUP,Y Combinator Directory,https://www.ycombinator.com/companies/ferveret-inc,2026-08-27T12:14:31Z,Ferveret,16,http://www.ferveret.com,Summer 2021,Active,Nuclear-inspired cooling that turns wasted power into more AI compute,Hardware; Climate; Energy,"San Francisco, CA, USA",
1.0,STARTUP,Y Combinator Directory,https://www.ycombinator.com/companies/resident-boost,2026-08-27T12:14:31Z,Zuma,50,https://www.getzuma.com/,Summer 2021,Active,We help businesses convert leads into sales in minutes using text,B2B; Proptech; AI,"Los Angeles, CA, USA",
1.0,STARTUP,Y Combinator Directory,https://www.ycombinator.com/companies/vibe-kanban,2026-08-27T12:14:31Z,Vibe Kanban,10,https://vibekanban.com,Summer 2021,Active,Plan and review AI generated code,Artificial Intelligence; Machine Learning; Open Source,"London, England, United Kingdom",
1.0,STARTUP,Y Combinator Directory,https://www.ycombinator.com/companies/caire-health,2026-08-27T12:14:31Z,Caire Health,3,http://cairehealth.com,Summer 2021,Active,Semi-Autonomous Diagnostics for Emergent Care,Artificial Intelligence; Medical Devices,"FL, USA",
1.0,STARTUP,Y Combinator Directory,https://www.ycombinator.com/companies/baubap,2026-08-27T12:14:31Z,Baubap,150,https://www.baubap.com,Summer 2021,Active,Smart micro financing for everyone,Machine Learning; Lending,"Mexico City, CDMX, Mexico; Remote",
1.0,STARTUP,Y Combinator Directory,https://www.ycombinator.com/companies/shape,2026-08-27T12:14:31Z,Shape,4,https://shape.xyz,Summer 2021,Active,Get data insights without writing SQL,Analytics; Enterprise; AI,"London, England, United Kingdom; Remote",
1.0,STARTUP,Y Combinator Directory,https://www.ycombinator.com/companies/idemeum,2026-08-27T12:14:31Z,idemeum,10,https://www.idemeum.com,Summer 2021,Active,AI-powered Application Control,B2B; Security,"San Francisco, CA, USA; Remote",
1.0,STARTUP,Y Combinator Directory,https://www.ycombinator.com/companies/byte-kitchen,2026-08-27T12:14:31Z,Byte Kitchen,5,https://www.bytekitchen.io/,Summer 2021,Acquired,Increasing restaurant profitability through our AI Operating System,Ghost Kitchens; B2B; E-commerce,"San Francisco, CA, USA; San Mateo, CA, USA",
1.0,STARTUP,Y Combinator Directory,https://www.ycombinator.com/companies/strideq,2026-08-27T12:14:31Z,StrideQ,2,https://strideq.com,Summer 2021,Active,Automated phone ordering system for restaurants,Food Service Robots & Machines; SaaS; E-commerce,"San Francisco, CA, USA; Mountain View, CA, USA; Remote",
1.0,STARTUP,Y Combinator Directory,https://www.ycombinator.com/companies/contraforce,2026-08-27T12:14:31Z,ContraForce,15,https://www.contraforce.com,Summer 2021,Active,Security Delivery Platform to orchestrate AI agents for Service…,SaaS; Security; AI,"McKinney, TX, USA; Remote",
1.0,STARTUP,Y Combinator Directory,https://www.ycombinator.com/companies/output,2026-08-27T12:14:31Z,Output Biosciences,8,https://www.outputbio.com/,Summer 2021,Active,The foundation for the next era of biology,AI-powered Drug Discovery; Generative AI; Biotech; AI,"New York City, NY, USA",
1.0,STARTUP,Y Combinator Directory,https://www.ycombinator.com/companies/cellchorus,2026-08-27T12:14:31Z,CellChorus,4,https://cellchorus.com,Summer 2021,Active,The dynamic single-cell analysis company,AI-powered Drug Discovery; Machine Learning,"Houston, TX, USA",
1.0,STARTUP,Y Combinator Directory,https://www.ycombinator.com/companies/hirebolt,2026-08-27T12:14:31Z,Hirebolt,3,https://hirebolt.com/,Summer 2021,Active,AI engineering capacity. Made simple. ⚡️,Recruiting; HR Tech,"London, England, United Kingdom",
1.0,STARTUP,Y Combinator Directory,https://www.ycombinator.com/companies/opkit,2026-08-27T12:14:31Z,Opkit,,https://opkit.co/,Summer 2021,Inactive,AI phone calls for the US healthcare industry,SaaS; Health Tech; Digital Health; Healthcare; Conversational AI,"New York City, NY, USA; New York, NY, USA",
1.0,STARTUP,Y Combinator Directory,https://www.ycombinator.com/companies/squire-ai,2026-08-27T12:14:31Z,Squire.ai,8,https://squire.ai,Summer 2021,Inactive,Never code alone.,Artificial Intelligence; Developer Tools; SaaS; Compliance; Security,"San Francisco, CA, USA; Canada",
1.0,STARTUP,Y Combinator Directory,https://www.ycombinator.com/companies/sfa-therapeutics-inc,2026-08-27T12:14:31Z,SFA Therapeutics,4,https://sfatherapeutics.com/,Summer 2021,Active,Regulating the immune system to block cancer & autoimmune diseases,AI-powered Drug Discovery; Anti-Aging; Biotech; Health & Wellness; Biotechnology,"Philadelphia, PA, USA",
1.0,STARTUP,Y Combinator Directory,https://www.ycombinator.com/companies/spoken,2026-08-27T12:14:31Z,Spoken,7,http://www.spoken.io,Summer 2021,Inactive,Never overpay online,Artificial Intelligence; Machine Learning; Marketplace; Consumer; E-commerce,"New York City, NY, USA; New York, NY, USA; Remote",
1.0,STARTUP,Y Combinator Directory,https://www.ycombinator.com/companies/bytebot,2026-08-27T12:14:31Z,Bytebot,3,https://www.bytebot.ai/,Summer 2021,Acquired,Bytebot is the open source container for AI desktop agents.,Generative AI; Robotic Process Automation; SaaS; AI; AI Assistant,"Boston, MA, USA; Remote",
1.0,STARTUP,Y Combinator Directory,https://www.ycombinator.com/companies/blackoaktv,2026-08-27T12:14:31Z,BlackOakTV,2,https://blackoak.tv,Summer 2021,Inactive,A video subscription platform serving black viewers and creators.,Entertainment; Community; Subscriptions,"New York City, NY, USA; New York, NY, USA",
1.0,STARTUP,Y Combinator Directory,https://www.ycombinator.com/companies/adravision,2026-08-27T12:14:31Z,Adravision,8,https://www.adra.ai,Summer 2021,Active,Automation for dental clinics and insurance companies.,Artificial Intelligence; Healthcare; Health Insurance; Diagnostics,"Singapore, Singapore; Remote",
1.0,STARTUP,Y Combinator Directory,https://www.ycombinator.com/companies/medium-biosciences,2026-08-27T12:14:31Z,Medium Biosciences,6,http://medium.bio,Summer 2021,Active,AI-designed Affinity Reagents,Artificial Intelligence; Machine Learning; Biotech,"San Francisco, CA, USA",
1.0,STARTUP,Y Combinator Directory,https://www.ycombinator.com/companies/firstignite,2026-08-27T12:14:31Z,FirstIgnite,9,https://firstignite.com,Summer 2021,Acquired,AI-Powered Business Development for Scientific Organizations,,Remote,
1.0,STARTUP,Y Combinator Directory,https://www.ycombinator.com/companies/verano-health,2026-08-27T12:14:31Z,Verano Health,3,https://www.veranohealth.org/,Summer 2021,Acquired,Nonprofit telehealth coaches for underserved Americans on Medicaid,Mental Health Tech; Consumer Health Services; Healthcare IT,"San Francisco, CA, USA; Remote",
1.0,STARTUP,Y Combinator Directory,https://www.ycombinator.com/companies/stepful,2026-08-27T12:14:31Z,Stepful,100,https://www.stepful.com,Summer 2021,Active,Online Training for Healthcare Jobs,eLearning; Healthcare,"New York City, NY, USA",
1.0,STARTUP,Y Combinator Directory,https://www.ycombinator.com/companies/satsuma,2026-08-27T12:14:31Z,Satsuma,5,https://www.satsuma.xyz/,Summer 2021,Acquired,Reliable blockchain indexing & querying for web3 engineering teams.,Developer Tools; SaaS; Crypto / Web3; Data Engineering,"San Francisco, CA, USA; Remote",
1.0,STARTUP,Y Combinator Directory,https://www.ycombinator.com/companies/payflow,2026-08-27T12:14:31Z,Payflow,50,https://www.payflow.es/,Summer 2021,Active,A mobile app. It allows employees to get paid their salary on-demand.,Fintech; SaaS; HR Tech; Lending,"Madrid, Community of Madrid, Spain",
1.0,STARTUP,Y Combinator Directory,https://www.ycombinator.com/companies/nash,2026-08-27T12:14:31Z,Nash,40,https://www.usenash.com/,Summer 2021,Active,Nash is the digital logistics infrastructure for commerce,Marketplace; SaaS; B2B; Delivery; Logistics,"San Francisco, CA, USA",
1.0,STARTUP,Y Combinator Directory,https://www.ycombinator.com/companies/lightly,2026-08-27T12:14:31Z,Lightly,5,https://lightly.ai/,Summer 2021,Active,Help ML teams label the right data,Machine Learning; Data Labeling,"Zürich, ZH, Switzerland",
1.0,STARTUP,Y Combinator Directory,https://www.ycombinator.com/companies/pide-directo,2026-08-27T12:14:31Z,Pide Directo,150,http://pidedirecto.mx,Summer 2021,Active,One-stop-shop for restaurants to operate and grow their business. ,Autonomous Delivery; SaaS; E-commerce; Enterprise Software,"Monterrey, N.L., Mexico",
1.0,STARTUP,Y Combinator Directory,https://www.ycombinator.com/companies/safer-management,2026-08-27T12:14:31Z,Safer Management,5,https://www.safermgmt.com/,Summer 2021,Active,Student Attendance tracking for Public Schools,Artificial Intelligence; Education; Machine Learning,"Dallas, TX, USA",
1.0,STARTUP,Y Combinator Directory,https://www.ycombinator.com/companies/exa,2026-08-27T12:14:31Z,Exa,75,https://exa.ai,Summer 2021,Active,Web search rebuilt for LLMs,Developer Tools; Search; AI; APIs,"San Francisco, CA, USA",
1.0,STARTUP,Y Combinator Directory,https://www.ycombinator.com/companies/sully-ai,2026-08-27T12:14:31Z,Sully.ai,49,https://www.sully.ai,Summer 2021,Active,Autonomous team of AI agents that runs the entire hospital operations,Artificial Intelligence; SaaS; Health Tech; B2B; Healthcare,"San Francisco, CA, USA",
1.0,STARTUP,Y Combinator Directory,https://www.ycombinator.com/companies/mecho-autotech,2026-08-27T12:14:31Z,Mecho Autotech,35,https://mechoautotech.com/,Summer 2021,Active,On-demand  auto maintenance & repairs,Auto Commerce; Marketplace; E-commerce,"Atlanta, GA, USA; LA, Nigeria",
1.0,STARTUP,Y Combinator Directory,https://www.ycombinator.com/companies/andi,2026-08-27T12:14:31Z,Andi,2,https://AndiAI.com,Winter 2022,Active,AI Search for the Next Generation,Artificial Intelligence; Generative AI; Consumer; API; Search,"San Francisco, CA, USA",
1.0,STARTUP,Y Combinator Directory,https://www.ycombinator.com/companies/emerge-career,2026-08-27T12:14:31Z,Emerge Career,8,https://www.emergecareer.com/,Summer 2022,Active,All-in-one re-entry & workforce development training platform,Education; GovTech,"New York City, NY, USA",
1.0,STARTUP,Y Combinator Directory,https://www.ycombinator.com/companies/attack-capital,2026-08-27T12:14:31Z,Attack Capital,5,https://attack.capital/,Winter 2022,Active,Access the start-up asset class with vetted private companies,AI,"New York City, NY, USA",
1.0,STARTUP,Y Combinator Directory,https://www.ycombinator.com/companies/uberduck,2026-08-27T12:14:31Z,Uberduck,2,https://www.uberduck.ai,Winter 2022,Inactive,"Fast, professional content creation with AI audio, image, and video.",,"Seattle, WA, USA",
1.0,STARTUP,Y Combinator Directory,https://www.ycombinator.com/companies/keylika,2026-08-27T12:14:31Z,Keylika,1,https://www.keylika.com,Summer 2022,Active,Redefining the Standard of Care for Iron Deficiency Anemia,AI-powered Drug Discovery; Medical Devices; Drug Delivery; Nanotechnology; Therapeutics,"San Francisco, CA, USA; Walnut Creek, CA, USA",
1.0,STARTUP,Y Combinator Directory,https://www.ycombinator.com/companies/compra-rapida,2026-08-27T12:14:31Z,Compra Rápida,21,https://www.comprarapida.co/,Winter 2022,Active,One-click checkout and AI sales assistant for LatAm.,Fintech; B2B; E-commerce,"São Paulo, SP, Brazil; Remote",
1.0,STARTUP,Y Combinator Directory,https://www.ycombinator.com/companies/silkchart,2026-08-27T12:14:31Z,SilkChart,8,https://www.silkchart.com,Summer 2022,Active,AI Sales Assistant to increase playbook adoption and win more deals,SaaS; B2B; Sales; Sales Enablement; AI,"San Francisco, CA, USA; Remote",
1.0,STARTUP,Y Combinator Directory,https://www.ycombinator.com/companies/tigereye,2026-08-27T12:14:31Z,TigerEye,30,http://tigereye.com/,Summer 2022,Acquired,AI for Construction,Artificial Intelligence; SaaS; Construction,"San Francisco, CA, USA; Remote",
1.0,STARTUP,Y Combinator Directory,https://www.ycombinator.com/companies/redbird,2026-08-27T12:14:31Z,Redbird,,https://www.redbird.io,Winter 2022,Active,AI-powered Analytics Platform,Analytics,"New York City, NY, USA; New York, NY, USA",
1.0,STARTUP,Y Combinator Directory,https://www.ycombinator.com/companies/agave,2026-08-27T12:14:31Z,Agave,40,https://www.useagave.com,Winter 2022,Active,AI Financial Operations for Construction,SaaS; Construction; B2B; Proptech,"San Francisco, CA, USA",
1.0,STARTUP,Y Combinator Directory,https://www.ycombinator.com/companies/strac,2026-08-27T12:14:31Z,Strac,8,https://www.strac.io/,Winter 2022,Active,"Data Discovery, DLP, DSPM for SaaS, Cloud, Gen AI & Endpoints",Generative AI; SaaS; Security; Enterprise; AI,"Seattle, WA, USA",
1.0,STARTUP,Y Combinator Directory,https://www.ycombinator.com/companies/pelm,2026-08-27T12:14:31Z,Pelm,5,https://www.pelm.com,Winter 2022,Inactive,Plaid for utilities,Climate; API; Energy,"San Francisco, CA, USA",
1.0,STARTUP,Y Combinator Directory,https://www.ycombinator.com/companies/moots,2026-08-27T12:14:31Z,Moots,2,https://www.moots.ai/,Winter 2022,Active,The guest intelligence platform for high-value client events,Artificial Intelligence; Collaboration,"New York City, NY, USA",
1.0,STARTUP,Y Combinator Directory,https://www.ycombinator.com/companies/capuchin,2026-08-27T12:14:31Z,Capuchin,5,https://capuchin.ai/,Winter 2022,Active,Search and automation for engineer-to-order companies,Artificial Intelligence; Manufacturing; Defense; Search,"San Francisco, CA, USA; Remote",
1.0,STARTUP,Y Combinator Directory,https://www.ycombinator.com/companies/sieve,2026-08-27T12:14:31Z,Sieve,34,https://sievedata.com/,Winter 2022,Active,The multimodal data lab,Developer Tools; Video; Data Labeling; Data Engineering; AI,"San Francisco, CA, USA",
1.0,STARTUP,Y Combinator Directory,https://www.ycombinator.com/companies/policyfly,2026-08-27T12:14:31Z,PolicyFly,30,https://www.policyfly.com,Winter 2022,Active,Modernizing Specialty Insurance,Marketplace; Insurance; AI,"New York City, NY, USA; Remote",
1.0,STARTUP,Y Combinator Directory,https://www.ycombinator.com/companies/lumina,2026-08-27T12:14:31Z,Lumina,12,https://www.lumibot.com,Winter 2022,Active,AI+human powered automation on job-community platform with 1.5M…,AIOps; Marketplace; SaaS; Community; Automation,"Singapore, Singapore; Remote",
1.0,STARTUP,Y Combinator Directory,https://www.ycombinator.com/companies/trellus,2026-08-27T12:14:31Z,Trellus,3,https://www.trellus.ai,Winter 2022,Active,Real-time sales coach for SDRs ,AI-Enhanced Learning; Artificial Intelligence; SaaS; B2B; Sales,"New York City, NY, USA",
1.0,STARTUP,Y Combinator Directory,https://www.ycombinator.com/companies/wereno,2026-08-27T12:14:31Z,WeReno,12,https://WeReno.com,Winter 2022,Active,AI owner's representative for commercial construction and renovations.,Artificial Intelligence; Real Estate; Construction; Proptech,"Toronto, ON, Canada",
1.0,STARTUP,Y Combinator Directory,https://www.ycombinator.com/companies/rosebud-biosciences,2026-08-27T12:14:31Z,Rosebud Biosciences,3,https://rosebudbiosciences.com/,Winter 2022,Active,Growing micro-organs to find new drugs,AI-powered Drug Discovery; Pediatrics; Biotech,"San Francisco, CA, USA; San Carlos, CA, USA",
1.0,STARTUP,Y Combinator Directory,https://www.ycombinator.com/companies/vantedgeai,2026-08-27T12:14:31Z,VantedgeAI,11,https://www.vantedgeai.com/,Winter 2022,Active,Scaling investing workflows with AI,Artificial Intelligence; Fintech; SaaS; Workflow Automation; Analytics,"Norwalk, CT, USA",
1.0,STARTUP,Y Combinator Directory,https://www.ycombinator.com/companies/starling,2026-08-27T12:14:31Z,Starling,5,https://starlingmedical.com/,Winter 2022,Active,AI enabling digital urine diagnostics in the home,Machine Learning; Medical Devices; Digital Health,"Houston, TX, USA",
1.0,STARTUP,Y Combinator Directory,https://www.ycombinator.com/companies/momento,2026-08-27T12:14:31Z,Momento,18,https://www.tumomento.com/,Winter 2022,Active,Building a full-stack auto insurer for the underserved in LatAm,Fintech; Machine Learning; Consumer; Insurance,"Mexico City, CDMX, Mexico",
1.0,STARTUP,Y Combinator Directory,https://www.ycombinator.com/companies/promptloop,2026-08-27T12:14:31Z,PromptLoop,2,https://www.promptloop.com/,Winter 2022,Active,AI agents to build B2B datasets,Artificial Intelligence; Generative AI; SaaS; Sales; Market Research,"San Francisco, CA, USA",
1.0,STARTUP,Y Combinator Directory,https://www.ycombinator.com/companies/actipulse-neuroscience,2026-08-27T12:14:31Z,Actipulse Neuroscience,38,http://www.actipulseneuroscience.com,Winter 2022,Active,Bringing non-invasive brain stimulation from the hospital to the home,Mental Health Tech; Neurotechnology; Medical Devices,"Mexico City, CDMX, Mexico",
1.0,STARTUP,Y Combinator Directory,https://www.ycombinator.com/companies/craniometrix,2026-08-27T12:14:31Z,Craniometrix,64,https://craniometrix.com,Winter 2022,Active,Using AI to help dementia patients age at home,Neurotechnology; Health Tech; Digital Health,"New York City, NY, USA",
1.0,STARTUP,Y Combinator Directory,https://www.ycombinator.com/companies/cherry-recommends,2026-08-27T12:14:31Z,Cherry Recommends,6,https://cherry.ai/,Winter 2022,Inactive,Promotion management platform,Machine Learning; SaaS; E-commerce,"Singapore, Singapore; Melbourne, VIC, Australia; Remote",
1.0,STARTUP,Y Combinator Directory,https://www.ycombinator.com/companies/cozmo-ai,2026-08-27T12:14:31Z,Cozmo AI,5,https://www.hellocozmo.ai/,Winter 2022,Active,"End-to-end AI agents for property claims, from loss report to estimate",Artificial Intelligence; Insurance; Enterprise; Conversational AI,"San Francisco, CA, USA",
